Date,Open,High,Low,Close,Volume,Dividends,Stock Splits
2013-05-17,16.0,16.0,16.0,16.0,300,0,0
2013-05-20,16.0,16.0,16.0,16.0,0,0,0
2013-05-21,15.989999771118164,15.989999771118164,15.989999771118164,15.989999771118164,1000,0,0
2013-05-22,15.989999771118164,15.989999771118164,15.989999771118164,15.989999771118164,0,0,0
2013-05-23,16.0,16.0,16.0,16.0,1000,0,0
2013-05-24,16.0,16.0,16.0,16.0,1300,0,0
2013-05-30,16.0,16.0,16.0,16.0,600,0,0
2013-06-03,15.800000190734863,15.800000190734863,15.800000190734863,15.800000190734863,200,0,0
2013-06-04,15.989999771118164,16.0,15.989999771118164,16.0,500,0,0
2013-06-07,16.5,16.5,16.5,16.5,300,0,0
2013-06-10,16.5,16.5,16.5,16.5,0,0,0
2013-06-12,16.049999237060547,16.049999237060547,16.0,16.0,1600,0,0
2013-06-18,16.5,16.5,16.0,16.0,1200,0,0
2013-06-20,16.0,17.5,16.0,17.5,700,0,0
2013-06-21,16.5,16.5,16.5,16.5,200,0,0
2013-06-27,16.5,16.5,16.5,16.5,1800,0,0
2013-07-03,16.5,16.5,16.100000381469727,16.5,3000,0,0
2013-07-09,16.0,16.0,15.770000457763672,15.770000457763672,1800,0,0
2013-07-10,15.899999618530273,15.920000076293945,15.899999618530273,15.920000076293945,3200,0,0
2013-07-11,15.920000076293945,15.920000076293945,15.920000076293945,15.920000076293945,0,0,0
2013-07-12,16.049999237060547,16.149999618530273,16.049999237060547,16.149999618530273,1000,0,0
2013-07-15,16.149999618530273,16.5,16.149999618530273,16.5,600,0,0
2013-07-17,16.5,16.5,16.149999618530273,16.149999618530273,4000,0,0
2013-07-18,16.5,16.5,16.5,16.5,800,0,0
2013-07-19,16.5,16.5,16.5,16.5,100,0,0
2013-07-22,16.15999984741211,16.15999984741211,16.15999984741211,16.15999984741211,300,0,0
2013-07-23,16.15999984741211,16.15999984741211,16.020000457763672,16.020000457763672,900,0,0
2013-07-24,16.020000457763672,16.020000457763672,16.020000457763672,16.020000457763672,0,0,0
2013-07-25,16.0,16.0,15.859999656677246,15.859999656677246,200,0,0
2013-07-26,15.859999656677246,15.859999656677246,15.859999656677246,15.859999656677246,0,0,0
2013-07-29,16.0,16.399999618530273,16.0,16.399999618530273,800,0,0
2013-07-30,16.0,16.0,16.0,16.0,100,0,0
2013-07-31,16.0,16.0,16.0,16.0,200,0,0
2013-08-01,16.25,16.25,16.25,16.25,100,0,0
2013-08-02,16.399999618530273,16.399999618530273,16.399999618530273,16.399999618530273,300,0,0
2013-08-05,16.040000915527344,16.040000915527344,15.880000114440918,15.880000114440918,400,0,0
2013-08-06,16.399999618530273,16.5,16.399999618530273,16.5,1300,0,0
2013-08-07,16.5,16.5,16.469999313354492,16.5,1700,0,0
2013-08-08,16.5,16.5,16.5,16.5,2000,0,0
2013-08-09,16.25,16.25,15.880000114440918,15.880000114440918,900,0,0
2013-08-12,16.25,16.5,16.25,16.25,1400,0,0
2013-08-13,16.5,16.959999084472656,16.5,16.959999084472656,1000,0,0
2013-08-14,16.75,16.75,16.75,16.75,200,0,0
2013-08-15,16.75,16.75,16.75,16.75,0,0,0
2013-08-16,16.5,16.5,16.399999618530273,16.5,2800,0,0
2013-08-20,16.5,16.5,16.100000381469727,16.100000381469727,800,0,0
2013-08-21,16.100000381469727,16.5,16.100000381469727,16.5,700,0,0
2013-08-23,16.399999618530273,16.399999618530273,16.399999618530273,16.399999618530273,1000,0,0
2013-08-26,16.399999618530273,16.399999618530273,16.399999618530273,16.399999618530273,0,0,0
2013-09-03,17.0,17.0,17.0,17.0,300,0,0
2013-09-04,16.5,16.5,16.25,16.25,1000,0,0
2013-09-05,16.75,16.75,16.75,16.75,1300,0,0
2013-09-06,16.5,16.5,16.399999618530273,16.399999618530273,1000,0,0
2013-09-09,16.399999618530273,16.399999618530273,16.25,16.25,500,0,0
2013-09-10,16.5,16.5,16.5,16.5,1500,0,0
2013-09-11,16.25,16.25,16.25,16.25,1300,0,0
2013-09-12,16.209999084472656,16.209999084472656,16.209999084472656,16.209999084472656,100,0,0
2013-09-13,16.209999084472656,16.209999084472656,16.209999084472656,16.209999084472656,0,0,0
2013-09-20,16.079999923706055,16.5,16.079999923706055,16.5,2300,0,0
2013-09-23,16.510000228881836,16.510000228881836,16.510000228881836,16.510000228881836,200,0,0
2013-09-24,16.510000228881836,16.510000228881836,16.510000228881836,16.510000228881836,0,0,0
2013-10-02,16.649999618530273,16.649999618530273,16.489999771118164,16.5,1900,0,0
2013-10-09,16.25,16.25,16.25,16.25,200,0,0
2013-10-10,16.25,16.25,16.25,16.25,0,0,0
2013-10-11,16.5,16.5,16.5,16.5,500,0,0
2013-10-15,16.139999389648438,16.299999237060547,15.710000038146973,16.190000534057617,7500,0,0
2013-10-16,16.200000762939453,16.25,16.200000762939453,16.25,2900,0,0
2013-10-17,16.25,16.260000228881836,16.25,16.260000228881836,800,0,0
2013-10-18,16.450000762939453,16.600000381469727,16.450000762939453,16.600000381469727,1500,0,0
2013-10-21,16.600000381469727,16.600000381469727,16.600000381469727,16.600000381469727,0,0,0
2013-10-22,16.600000381469727,16.950000762939453,16.510000228881836,16.510000228881836,1600,0,0
2013-10-23,16.950000762939453,16.950000762939453,16.950000762939453,16.950000762939453,600,0,0
2013-10-24,16.950000762939453,16.950000762939453,16.950000762939453,16.950000762939453,0,0,0
2013-10-25,16.950000762939453,16.950000762939453,16.709999084472656,16.709999084472656,300,0,0
2013-10-28,16.709999084472656,16.709999084472656,16.709999084472656,16.709999084472656,0,0,0
2013-10-29,16.75,16.75,16.649999618530273,16.649999618530273,1600,0,0
2013-10-30,16.75,17.0,16.75,17.0,1000,0,0
2013-10-31,16.799999237060547,16.799999237060547,16.799999237060547,16.799999237060547,1000,0,0
2013-11-01,16.799999237060547,16.799999237060547,16.799999237060547,16.799999237060547,0,0,0
2013-11-04,16.799999237060547,17.0,16.799999237060547,17.0,1500,0,0
2013-11-05,16.709999084472656,16.709999084472656,16.709999084472656,16.709999084472656,300,0,0
2013-11-06,16.850000381469727,16.950000762939453,16.850000381469727,16.950000762939453,6700,0,0
2013-11-08,16.940000534057617,16.940000534057617,16.8700008392334,16.940000534057617,10500,0,0
2013-11-11,16.940000534057617,16.940000534057617,16.940000534057617,16.940000534057617,0,0,0
2013-11-12,16.940000534057617,16.940000534057617,16.940000534057617,16.940000534057617,100,0,0
2013-11-13,16.8700008392334,16.899999618530273,16.770000457763672,16.889999389648438,7600,0,0
2013-11-14,16.889999389648438,16.889999389648438,16.889999389648438,16.889999389648438,0,0,0
2013-11-18,16.799999237060547,16.799999237060547,16.670000076293945,16.670000076293945,400,0,0
2013-11-19,16.670000076293945,16.670000076293945,16.670000076293945,16.670000076293945,0,0,0
2013-11-20,16.649999618530273,16.649999618530273,16.649999618530273,16.649999618530273,400,0,0
2013-11-21,16.59000015258789,16.59000015258789,16.59000015258789,16.59000015258789,400,0,0
2013-11-22,16.649999618530273,16.649999618530273,16.649999618530273,16.649999618530273,700,0,0
2013-11-25,16.600000381469727,16.739999771118164,16.5,16.5,11700,0,0
2013-11-26,16.59000015258789,16.59000015258789,16.510000228881836,16.510000228881836,600,0,0
2013-11-27,16.600000381469727,16.690000534057617,16.600000381469727,16.690000534057617,500,0,0
2013-11-29,16.690000534057617,16.690000534057617,16.690000534057617,16.690000534057617,1000,0,0
2013-12-02,16.690000534057617,16.690000534057617,16.690000534057617,16.690000534057617,300,0,0
2013-12-03,16.690000534057617,16.690000534057617,16.690000534057617,16.690000534057617,0,0,0
2013-12-04,16.68000030517578,16.690000534057617,16.68000030517578,16.690000534057617,1000,0,0
2013-12-05,16.600000381469727,16.75,16.600000381469727,16.75,1900,0,0
2013-12-09,16.799999237060547,16.799999237060547,16.780000686645508,16.780000686645508,1100,0,0
2013-12-10,16.780000686645508,16.780000686645508,16.780000686645508,16.780000686645508,0,0,0
2013-12-11,16.780000686645508,16.780000686645508,16.5,16.600000381469727,6600,0,0
2013-12-17,16.549999237060547,16.600000381469727,16.549999237060547,16.600000381469727,1800,0,0
2013-12-18,16.600000381469727,16.889999389648438,16.600000381469727,16.889999389648438,1400,0,0
2013-12-20,16.799999237060547,16.799999237060547,16.799999237060547,16.799999237060547,300,0,0
2013-12-24,16.549999237060547,16.549999237060547,16.549999237060547,16.549999237060547,200,0,0
2013-12-27,16.549999237060547,16.549999237060547,16.549999237060547,16.549999237060547,0,0,0
2013-12-31,16.549999237060547,16.549999237060547,16.350000381469727,16.540000915527344,3600,0,0
2014-01-02,16.540000915527344,16.540000915527344,16.540000915527344,16.540000915527344,0,0,0
2014-01-03,16.510000228881836,16.549999237060547,16.510000228881836,16.549999237060547,1000,0,0
2014-01-06,16.59000015258789,16.59000015258789,16.59000015258789,16.59000015258789,100,0,0
2014-01-07,16.59000015258789,16.59000015258789,16.59000015258789,16.59000015258789,0,0,0
2014-01-08,16.600000381469727,16.600000381469727,16.600000381469727,16.600000381469727,500,0,0
2014-01-09,16.700000762939453,16.75,16.700000762939453,16.75,1900,0,0
2014-01-13,16.93000030517578,16.93000030517578,16.93000030517578,16.93000030517578,400,0,0
2014-01-14,16.93000030517578,16.93000030517578,16.93000030517578,16.93000030517578,0,0,0
2014-01-16,16.93000030517578,17.0,16.93000030517578,17.0,14000,0,0
2014-01-17,17.010000228881836,17.010000228881836,17.0,17.0,10300,0,0
2014-01-21,17.010000228881836,17.100000381469727,17.0,17.040000915527344,11300,0,0
2014-01-22,17.040000915527344,17.149999618530273,17.040000915527344,17.149999618530273,4200,0,0
2014-01-23,17.100000381469727,17.100000381469727,17.020000457763672,17.020000457763672,600,0,0
2014-01-24,17.020000457763672,17.020000457763672,16.850000381469727,16.850000381469727,1700,0,0
2014-01-27,17.049999237060547,17.100000381469727,17.049999237060547,17.100000381469727,11100,0,0
2014-01-28,17.100000381469727,17.100000381469727,17.100000381469727,17.100000381469727,1200,0,0
2014-01-29,17.0,17.0,17.0,17.0,700,0,0
2014-01-30,17.0,17.0,17.0,17.0,900,0,0
2014-01-31,17.0,17.0,17.0,17.0,0,0,0
2014-02-03,17.040000915527344,17.040000915527344,17.010000228881836,17.010000228881836,1000,0,0
2014-02-04,17.079999923706055,17.079999923706055,17.079999923706055,17.079999923706055,1000,0,0
2014-02-05,17.079999923706055,17.09000015258789,17.049999237060547,17.09000015258789,28200,0,0
2014-02-06,17.09000015258789,17.149999618530273,17.09000015258789,17.149999618530273,4900,0,0
2014-02-07,17.149999618530273,17.149999618530273,17.100000381469727,17.100000381469727,6100,0,0
2014-02-10,17.100000381469727,17.190000534057617,17.100000381469727,17.190000534057617,5700,0,0
2014-02-11,17.190000534057617,17.190000534057617,17.190000534057617,17.190000534057617,0,0,0
2014-02-13,17.190000534057617,17.299999237060547,17.190000534057617,17.200000762939453,2400,0,0
2014-02-14,17.200000762939453,17.200000762939453,17.200000762939453,17.200000762939453,500,0,0
2014-02-18,17.25,17.3799991607666,17.25,17.3799991607666,1800,0,0
2014-02-19,17.3799991607666,17.3799991607666,17.3799991607666,17.3799991607666,0,0,0
2014-02-21,17.399999618530273,17.399999618530273,17.3799991607666,17.3799991607666,4700,0,0
2014-02-24,17.399999618530273,17.399999618530273,17.399999618530273,17.399999618530273,5500,0,0
2014-02-25,17.399999618530273,17.399999618530273,17.399999618530273,17.399999618530273,0,0,0
2014-02-26,17.450000762939453,17.5,17.399999618530273,17.399999618530273,2600,0,0
2014-02-27,17.5,17.5,17.25,17.399999618530273,3300,0,0
2014-02-28,17.399999618530273,17.5,17.399999618530273,17.43000030517578,11600,0,0
2014-03-03,17.489999771118164,17.520000457763672,17.489999771118164,17.520000457763672,5400,0,0
2014-03-04,17.549999237060547,17.649999618530273,17.549999237060547,17.649999618530273,1900,0,0
2014-03-05,17.649999618530273,17.649999618530273,17.649999618530273,17.649999618530273,0,0,0
2014-03-07,17.690000534057617,17.690000534057617,17.549999237060547,17.549999237060547,2500,0,0
2014-03-10,17.549999237060547,17.549999237060547,17.549999237060547,17.549999237060547,0,0,0
2014-03-11,17.700000762939453,18.0,17.700000762939453,18.0,2800,0,0
2014-03-12,18.0,18.0,18.0,18.0,100,0,0
2014-03-13,18.0,18.049999237060547,18.0,18.049999237060547,300,0,0
2014-03-14,18.399999618530273,18.549999237060547,18.399999618530273,18.549999237060547,1200,0,0
2014-03-17,18.600000381469727,18.75,18.600000381469727,18.75,3700,0,0
2014-03-18,18.75,18.75,18.75,18.75,0,0,0
2014-03-19,18.649999618530273,18.649999618530273,18.649999618530273,18.649999618530273,300,0,0
2014-03-20,18.649999618530273,18.649999618530273,18.649999618530273,18.649999618530273,0,0,0
2014-03-21,18.75,18.75,18.75,18.75,300,0,0
2014-03-24,18.940000534057617,19.399999618530273,18.940000534057617,19.399999618530273,1700,0,0
2014-03-25,19.399999618530273,19.399999618530273,19.399999618530273,19.399999618530273,0,0,0
2014-03-28,19.0,19.440000534057617,18.799999237060547,19.440000534057617,3900,0,0
2014-03-31,19.440000534057617,19.440000534057617,19.440000534057617,19.440000534057617,0,0,0
2014-04-07,19.5,19.5,19.049999237060547,19.100000381469727,2900,0,0
2014-04-08,19.100000381469727,19.100000381469727,19.100000381469727,19.100000381469727,300,0,0
2014-04-09,19.100000381469727,19.100000381469727,19.100000381469727,19.100000381469727,0,0,0
2014-04-10,19.5,19.5,19.5,19.5,100,0,0
2014-04-11,19.450000762939453,19.450000762939453,19.290000915527344,19.290000915527344,3400,0,0
2014-04-14,19.290000915527344,19.290000915527344,19.290000915527344,19.290000915527344,0,0,0
2014-04-15,19.100000381469727,19.100000381469727,19.100000381469727,19.100000381469727,2400,0,0
2014-04-16,19.100000381469727,19.100000381469727,19.100000381469727,19.100000381469727,400,0,0
2014-04-17,19.149999618530273,19.350000381469727,19.149999618530273,19.280000686645508,4900,0,0
2014-04-21,19.260000228881836,19.299999237060547,19.260000228881836,19.299999237060547,2600,0,0
2014-04-22,19.299999237060547,19.299999237060547,19.299999237060547,19.299999237060547,0,0,0
2014-04-24,19.260000228881836,19.350000381469727,19.25,19.350000381469727,800,0,0
2014-04-25,19.200000762939453,19.200000762939453,19.200000762939453,19.200000762939453,600,0,0
2014-04-28,19.200000762939453,19.200000762939453,19.200000762939453,19.200000762939453,0,0,0
2014-04-30,19.200000762939453,19.25,19.200000762939453,19.25,1300,0,0
2014-05-01,19.34000015258789,19.34000015258789,19.329999923706055,19.329999923706055,9300,0,0
2014-05-02,19.329999923706055,19.329999923706055,19.329999923706055,19.329999923706055,0,0,0
2014-05-06,19.329999923706055,19.329999923706055,19.329999923706055,19.329999923706055,500,0,0
2014-05-09,19.350000381469727,19.75,19.350000381469727,19.75,8400,0,0
2014-05-12,19.75,19.75,19.75,19.75,0,0,0
2014-05-13,19.739999771118164,19.75,19.739999771118164,19.75,400,0,0
2014-05-14,19.790000915527344,19.790000915527344,19.790000915527344,19.790000915527344,200,0,0
2014-05-15,19.850000381469727,19.899999618530273,19.850000381469727,19.899999618530273,1900,0,0
2014-05-16,19.899999618530273,19.899999618530273,19.899999618530273,19.899999618530273,200,0,0
2014-05-19,19.700000762939453,19.700000762939453,19.700000762939453,19.700000762939453,1000,0,0
2014-05-20,19.850000381469727,19.899999618530273,19.850000381469727,19.899999618530273,1300,0,0
2014-05-21,19.899999618530273,19.899999618530273,19.899999618530273,19.899999618530273,3000,0,0
2014-05-22,19.899999618530273,19.899999618530273,19.899999618530273,19.899999618530273,0,0,0
2014-05-27,19.850000381469727,19.850000381469727,19.850000381469727,19.850000381469727,500,0,0
2014-05-28,19.989999771118164,20.0,19.989999771118164,20.0,4700,0,0
2014-05-29,20.0,20.600000381469727,19.969999313354492,20.600000381469727,9300,0,0
2014-05-30,20.25,20.5,20.25,20.5,3600,0,0
2014-06-02,20.600000381469727,20.600000381469727,20.600000381469727,20.600000381469727,100,0,0
2014-06-03,20.25,20.25,20.100000381469727,20.100000381469727,1500,0,0
2014-06-04,20.100000381469727,20.100000381469727,20.100000381469727,20.100000381469727,0,0,0
2014-06-06,20.110000610351562,20.200000762939453,20.110000610351562,20.200000762939453,4000,0,0
2014-06-09,20.200000762939453,20.200000762939453,20.200000762939453,20.200000762939453,0,0,0
2014-06-10,20.25,20.25,20.25,20.25,100,0,0
2014-06-11,20.399999618530273,20.5,20.399999618530273,20.420000076293945,9300,0,0
2014-06-12,20.420000076293945,20.420000076293945,20.420000076293945,20.420000076293945,0,0,0
2014-06-13,20.649999618530273,20.75,20.649999618530273,20.75,1200,0,0
2014-06-16,20.5,20.700000762939453,20.5,20.700000762939453,1900,0,0
2014-06-17,20.75,21.0,20.75,21.0,3500,0,0
2014-06-18,21.200000762939453,21.200000762939453,21.0,21.0,1700,0,0
2014-06-19,21.0,21.239999771118164,21.0,21.239999771118164,1000,0,0
2014-06-20,21.25,23.0,21.25,23.0,5400,0,0
2014-06-23,23.0,27.25,23.0,26.75,8100,0,0
2014-06-24,25.989999771118164,26.739999771118164,24.850000381469727,26.5,5900,0,0
2014-06-25,26.0,26.0,26.0,26.0,200,0,0
2014-06-26,24.260000228881836,24.260000228881836,21.760000228881836,23.790000915527344,11500,0,0
2014-06-27,22.510000228881836,23.690000534057617,21.90999984741211,22.0,8700,0,0
2014-06-30,22.100000381469727,24.549999237060547,22.100000381469727,24.549999237060547,2700,0,0
2014-07-01,23.84000015258789,24.739999771118164,22.850000381469727,22.850000381469727,6600,0,0
2014-07-02,22.850000381469727,22.850000381469727,22.850000381469727,22.850000381469727,0,0,0
2014-07-08,22.850000381469727,22.850000381469727,22.850000381469727,22.850000381469727,200,0,0
2014-07-09,22.850000381469727,22.850000381469727,22.850000381469727,22.850000381469727,600,0,0
2014-07-10,22.350000381469727,22.350000381469727,22.350000381469727,22.350000381469727,300,0,0
2014-07-11,22.350000381469727,22.350000381469727,22.350000381469727,22.350000381469727,0,0,0
2014-07-15,22.5,22.5,22.5,22.5,200,0,0
2014-07-16,22.5,22.5,22.5,22.5,0,0,0
2014-07-17,22.549999237060547,22.549999237060547,22.549999237060547,22.549999237060547,200,0,0
2014-07-18,22.549999237060547,22.549999237060547,22.549999237060547,22.549999237060547,0,0,0
2014-07-21,22.649999618530273,23.0,22.649999618530273,23.0,9700,0,0
2014-07-22,23.0,23.0,23.0,23.0,0,0,0
2014-07-23,23.25,23.5,23.25,23.5,3900,0,0
2014-07-24,23.450000762939453,24.0,23.280000686645508,23.280000686645508,14400,0,0
2014-07-25,23.450000762939453,23.450000762939453,23.450000762939453,23.450000762939453,300,0,0
2014-07-29,23.450000762939453,23.450000762939453,23.450000762939453,23.450000762939453,0,0,0
2014-07-30,23.450000762939453,23.450000762939453,23.450000762939453,23.450000762939453,8200,0,0
2014-08-01,23.440000534057617,23.440000534057617,23.399999618530273,23.399999618530273,600,0,0
2014-08-04,23.399999618530273,23.399999618530273,23.399999618530273,23.399999618530273,1900,0,0
2014-08-05,23.399999618530273,23.399999618530273,23.399999618530273,23.399999618530273,0,0,0
2014-08-06,23.299999237060547,23.399999618530273,23.299999237060547,23.399999618530273,2400,0,0
2014-08-07,23.5,23.5,23.5,23.5,400,0,0
2014-08-08,23.5,23.5,23.0,23.0,5800,0,0
2014-08-11,23.049999237060547,23.149999618530273,23.049999237060547,23.149999618530273,2200,0,0
2014-08-12,23.149999618530273,23.149999618530273,23.149999618530273,23.149999618530273,0,0,0
2014-08-14,23.200000762939453,23.200000762939453,23.149999618530273,23.149999618530273,3100,0,0
2014-08-18,23.5,23.5,23.5,23.5,4000,0,0
2014-08-19,23.5,23.5,23.5,23.5,0,0,0
2014-08-22,23.75,23.75,23.510000228881836,23.510000228881836,12800,0,0
2014-08-25,23.510000228881836,23.510000228881836,23.510000228881836,23.510000228881836,0,0,0
2014-08-28,23.350000381469727,23.399999618530273,23.350000381469727,23.399999618530273,2200,0,0
2014-08-29,23.59000015258789,23.700000762939453,23.59000015258789,23.700000762939453,400,0,0
2014-09-02,23.700000762939453,23.700000762939453,23.700000762939453,23.700000762939453,0,0,0
2014-09-04,23.649999618530273,23.649999618530273,23.649999618530273,23.649999618530273,1000,0,0
2014-09-05,23.75,23.75,23.75,23.75,3600,0,0
2014-09-08,23.850000381469727,23.850000381469727,23.850000381469727,23.850000381469727,200,0,0
2014-09-09,23.850000381469727,23.850000381469727,23.850000381469727,23.850000381469727,0,0,0
2014-09-11,23.75,23.75,23.75,23.75,1400,0,0
2014-09-12,23.75,23.75,23.75,23.75,1800,0,0
2014-09-15,23.75,23.75,23.75,23.75,0,0,0
2014-09-17,23.649999618530273,23.649999618530273,23.600000381469727,23.600000381469727,1000,0,0
2014-09-18,23.600000381469727,23.600000381469727,23.600000381469727,23.600000381469727,900,0,0
2014-09-19,23.600000381469727,23.600000381469727,23.600000381469727,23.600000381469727,0,0,0
2014-09-22,23.5,23.5,23.25,23.25,600,0,0
2014-09-23,23.25,23.25,23.25,23.25,0,0,0
2014-09-24,23.350000381469727,23.350000381469727,23.350000381469727,23.350000381469727,300,0,0
2014-09-25,23.350000381469727,23.350000381469727,23.350000381469727,23.350000381469727,0,0,0
2014-09-29,23.100000381469727,23.100000381469727,23.100000381469727,23.100000381469727,2100,0,0
2014-09-30,23.200000762939453,23.200000762939453,23.200000762939453,23.200000762939453,200,0,0
2014-10-01,23.200000762939453,23.200000762939453,23.200000762939453,23.200000762939453,0,0,0
2014-10-03,23.200000762939453,23.600000381469727,23.200000762939453,23.3799991607666,7900,0,0
2014-10-06,23.3799991607666,23.3799991607666,23.3799991607666,23.3799991607666,0,0,0
2014-10-08,23.600000381469727,23.600000381469727,23.299999237060547,23.299999237060547,1900,0,0
2014-10-09,23.600000381469727,23.600000381469727,23.600000381469727,23.600000381469727,100,0,0
2014-10-10,23.600000381469727,23.600000381469727,23.459999084472656,23.459999084472656,3900,0,0
2014-10-13,23.459999084472656,23.459999084472656,23.459999084472656,23.459999084472656,0,0,0
2014-10-15,23.100000381469727,23.149999618530273,23.100000381469727,23.149999618530273,2000,0,0
2014-10-17,23.700000762939453,23.700000762939453,23.200000762939453,23.200000762939453,2100,0,0
2014-10-24,23.600000381469727,23.600000381469727,23.600000381469727,23.600000381469727,1000,0,0
2014-10-28,23.799999237060547,23.799999237060547,23.799999237060547,23.799999237060547,100,0,0
2014-10-29,23.799999237060547,23.799999237060547,23.799999237060547,23.799999237060547,0,0,0
2014-10-31,23.600000381469727,23.600000381469727,23.5,23.5,1200,0,0
2014-11-05,23.799999237060547,23.899999618530273,23.799999237060547,23.899999618530273,300,0,0
2014-11-06,23.799999237060547,24.0,23.799999237060547,24.0,2000,0,0
2014-11-07,23.75,24.0,23.549999237060547,23.850000381469727,15900,0,0
2014-11-17,23.899999618530273,23.899999618530273,23.899999618530273,23.899999618530273,700,0,0
2014-11-18,23.899999618530273,23.950000762939453,23.899999618530273,23.950000762939453,1100,0,0
2014-11-19,24.25,24.5,24.200000762939453,24.5,3200,0,0
2014-11-20,24.5,24.5,24.5,24.5,0,0,0
2014-11-21,24.399999618530273,24.450000762939453,24.399999618530273,24.450000762939453,2400,0,0
2014-11-24,24.450000762939453,24.450000762939453,24.450000762939453,24.450000762939453,0,0,0
2014-11-26,24.5,24.5,24.5,24.5,1000,0,0
2014-12-03,24.5,24.5,24.5,24.5,300,0,0
2014-12-04,24.5,24.5,24.5,24.5,700,0,0
2014-12-08,24.100000381469727,24.100000381469727,24.100000381469727,24.100000381469727,1000,0,0
2014-12-09,24.100000381469727,24.100000381469727,24.100000381469727,24.100000381469727,0,0,0
2014-12-16,24.5,24.5,24.5,24.5,200,0,0
2014-12-17,24.5,24.5,24.5,24.5,600,0,0
2014-12-19,24.649999618530273,25.0,24.649999618530273,24.899999618530273,8000,0,0
2014-12-22,24.799999237060547,24.799999237060547,24.799999237060547,24.799999237060547,100,0,0
2014-12-23,24.799999237060547,24.799999237060547,24.799999237060547,24.799999237060547,0,0,0
2014-12-26,24.799999237060547,24.799999237060547,23.510000228881836,24.0,2400,0,0
2014-12-29,24.0,24.0,24.0,24.0,0,0,0
2014-12-30,24.350000381469727,24.350000381469727,24.350000381469727,24.350000381469727,100,0,0
2014-12-31,24.5,25.0,24.5,25.0,2200,0,0
2015-01-02,25.0,25.5,25.0,25.190000534057617,19400,0,0
2015-01-05,25.149999618530273,25.25,25.149999618530273,25.149999618530273,1000,0,0
2015-01-06,25.149999618530273,25.149999618530273,25.149999618530273,25.149999618530273,500,0,0
2015-01-07,25.149999618530273,25.239999771118164,25.100000381469727,25.239999771118164,1600,0,0
2015-01-08,25.149999618530273,25.239999771118164,25.149999618530273,25.239999771118164,1400,0,0
2015-01-09,25.25,25.950000762939453,25.25,25.399999618530273,10200,0,0
2015-01-12,25.350000381469727,25.5,25.350000381469727,25.5,1000,0,0
2015-01-13,25.5,25.5,25.5,25.5,0,0,0
2015-01-14,25.5,25.5,25.5,25.5,500,0,0
2015-01-15,25.75,25.75,25.75,25.75,700,0,0
2015-01-16,25.75,26.0,25.75,25.899999618530273,8500,0,0
2015-01-20,25.899999618530273,25.899999618530273,25.899999618530273,25.899999618530273,0,0,0
2015-01-22,25.549999237060547,25.549999237060547,25.5,25.5,600,0,0
2015-01-26,25.350000381469727,25.350000381469727,25.350000381469727,25.350000381469727,600,0,0
2015-01-27,25.350000381469727,25.350000381469727,25.350000381469727,25.350000381469727,0,0,0
2015-02-06,25.600000381469727,25.600000381469727,25.600000381469727,25.600000381469727,200,0,0
2015-02-09,25.600000381469727,25.600000381469727,25.600000381469727,25.600000381469727,0,0,0
2015-02-10,25.899999618530273,26.0,25.899999618530273,26.0,200,0,0
2015-02-11,26.0,26.0,26.0,26.0,0,0,0
2015-02-13,26.25,26.649999618530273,26.25,26.350000381469727,4900,0,0
2015-02-17,26.5,26.5,26.5,26.5,300,0,0
2015-02-18,26.5,26.5,26.5,26.5,1000,0,0
2015-02-19,26.5,26.5,26.5,26.5,0,0,0
2015-02-24,26.5,26.5,26.5,26.5,100,0,0
2015-03-05,26.399999618530273,26.399999618530273,26.399999618530273,26.399999618530273,100,0,0
2015-03-06,26.399999618530273,26.399999618530273,26.399999618530273,26.399999618530273,0,0,0
2015-03-12,26.5,26.5,26.5,26.5,400,0,0
2015-03-24,26.600000381469727,26.739999771118164,26.600000381469727,26.739999771118164,2500,0,0
2015-03-25,26.739999771118164,26.739999771118164,26.739999771118164,26.739999771118164,0,0,0
2015-03-27,26.850000381469727,27.100000381469727,26.799999237060547,26.889999389648438,6000,0,0
2015-03-30,27.200000762939453,27.200000762939453,27.200000762939453,27.200000762939453,100,0,0
2015-03-31,27.200000762939453,27.5,27.200000762939453,27.5,3400,0,0
2015-04-01,27.0,27.25,27.0,27.25,1500,0,0
2015-04-02,27.5,27.5,27.350000381469727,27.350000381469727,2200,0,0
2015-04-06,27.989999771118164,28.0,27.350000381469727,27.350000381469727,1300,0,0
2015-04-07,27.350000381469727,27.350000381469727,27.350000381469727,27.350000381469727,0,0,0
2015-04-08,27.5,27.5,27.5,27.5,300,0,0
2015-04-09,27.5,27.600000381469727,27.5,27.600000381469727,800,0,0
2015-04-10,27.549999237060547,28.0,27.549999237060547,27.739999771118164,4000,0,0
2015-04-13,27.739999771118164,27.739999771118164,27.739999771118164,27.739999771118164,0,0,0
2015-04-14,27.549999237060547,27.549999237060547,27.549999237060547,27.549999237060547,1400,0,0
2015-04-15,27.549999237060547,27.549999237060547,27.549999237060547,27.549999237060547,0,0,0
2015-04-16,27.75,27.75,27.75,27.75,100,0,0
2015-04-17,27.75,28.0,27.600000381469727,27.68000030517578,13600,0,0
2015-04-20,27.68000030517578,27.68000030517578,27.68000030517578,27.68000030517578,0,0,0
2015-04-22,27.700000762939453,27.700000762939453,27.700000762939453,27.700000762939453,500,0,0
2015-04-23,27.989999771118164,27.989999771118164,27.950000762939453,27.950000762939453,2600,0,0
2015-04-24,27.950000762939453,27.950000762939453,27.950000762939453,27.950000762939453,0,0,0
2015-04-27,27.950000762939453,28.0,27.700000762939453,27.700000762939453,1600,0,0
2015-04-28,27.700000762939453,27.700000762939453,27.700000762939453,27.700000762939453,0,0,0
2015-04-30,28.0,28.75,27.950000762939453,28.75,5000,0,0
2015-05-01,28.950000762939453,28.950000762939453,28.950000762939453,28.950000762939453,800,0,0
2015-05-04,28.950000762939453,29.0,28.25,28.25,1500,0,0
2015-05-05,28.989999771118164,29.600000381469727,28.989999771118164,29.0,5200,0,0
2015-05-06,29.0,29.0,29.0,29.0,800,0,0
2015-05-07,29.5,29.5,29.0,29.0,3300,0,0
2015-05-08,29.0,29.0,29.0,29.0,6100,0,0
2015-05-11,29.0,29.0,29.0,29.0,0,0,0
2015-05-13,28.950000762939453,28.950000762939453,28.950000762939453,28.950000762939453,300,0,0
2015-05-14,28.950000762939453,28.950000762939453,28.950000762939453,28.950000762939453,0,0,0
2015-05-15,29.0,29.0,29.0,29.0,16300,0,0
2015-05-18,29.149999618530273,29.5,29.0,29.0,2100,0,0
2015-05-19,29.0,29.0,28.860000610351562,29.0,900,0,0
2015-05-21,28.899999618530273,28.899999618530273,28.899999618530273,28.899999618530273,200,0,0
2015-05-22,29.489999771118164,30.100000381469727,29.489999771118164,29.850000381469727,10100,0,0
2015-05-26,29.850000381469727,29.850000381469727,29.850000381469727,29.850000381469727,0,0,0
2015-05-27,29.25,29.25,29.25,29.25,700,0,0
2015-05-28,29.850000381469727,29.950000762939453,29.75,29.950000762939453,1100,0,0
2015-05-29,29.950000762939453,29.950000762939453,29.899999618530273,29.899999618530273,1100,0,0
2015-06-01,29.989999771118164,30.100000381469727,29.989999771118164,30.100000381469727,2200,0,0
2015-06-02,30.100000381469727,30.100000381469727,30.100000381469727,30.100000381469727,0,0,0
2015-06-04,30.149999618530273,30.149999618530273,29.75,29.75,700,0,0
2015-06-05,30.5,30.5,30.469999313354492,30.469999313354492,18000,0,0
2015-06-08,31.0,31.0,30.149999618530273,30.149999618530273,1700,0,0
2015-06-09,30.100000381469727,30.5,30.100000381469727,30.5,3100,0,0
2015-06-10,30.25,30.5,30.25,30.5,8400,0,0
2015-06-11,30.700000762939453,31.0,30.6200008392334,30.6200008392334,16300,0,0
2015-06-12,31.0,31.5,31.0,31.0,4500,0,0
2015-06-15,31.0,31.25,30.75,30.75,3600,0,0
2015-06-16,30.75,30.75,30.75,30.75,0,0,0
2015-06-17,30.700000762939453,30.799999237060547,30.700000762939453,30.799999237060547,1200,0,0
2015-06-18,30.799999237060547,30.799999237060547,30.799999237060547,30.799999237060547,1000,0,0
2015-06-19,30.81999969482422,31.049999237060547,30.799999237060547,31.0,12300,0,0
2015-06-22,31.0,31.0,31.0,31.0,0,0,0
2015-06-24,30.799999237060547,30.799999237060547,30.799999237060547,30.799999237060547,200,0,0
2015-06-25,30.899999618530273,30.899999618530273,30.899999618530273,30.899999618530273,300,0,0
2015-06-26,31.0,31.0,31.0,31.0,1600,0,0
2015-06-30,30.799999237060547,30.799999237060547,30.799999237060547,30.799999237060547,700,0,0
2015-07-01,30.799999237060547,30.799999237060547,30.799999237060547,30.799999237060547,0,0,0
2015-07-06,31.0,31.0,31.0,31.0,200,0,0
2015-07-07,31.5,31.5,31.0,31.0,400,0,0
2015-07-10,31.0,31.0,31.0,31.0,4400,0,0
2015-07-13,31.0,31.0,31.0,31.0,1000,0,0
2015-07-17,31.25,31.25,31.25,31.25,1900,0,0
2015-07-20,31.25,31.25,31.25,31.25,0,0,0
2015-07-22,31.75,31.75,31.75,31.75,300,0,0
2015-07-23,32.0,32.0,32.0,32.0,1000,0,0
2015-07-24,32.20000076293945,32.20000076293945,32.189998626708984,32.189998626708984,8800,0,0
2015-07-27,32.349998474121094,32.349998474121094,32.349998474121094,32.349998474121094,600,0,0
2015-07-28,33.0,33.5,33.0,33.5,300,0,0
2015-07-29,33.5,33.5,33.5,33.5,0,0,0
2015-07-30,33.5,33.70000076293945,33.5,33.70000076293945,400,0,0
2015-07-31,33.75,33.75,33.75,33.75,200,0,0
2015-08-03,33.75,33.75,33.75,33.75,0,0,0
2015-08-04,33.70000076293945,33.75,33.70000076293945,33.75,300,0,0
2015-08-05,33.75,33.75,33.0,33.0,1800,0,0
2015-08-06,32.54999923706055,32.54999923706055,32.54999923706055,32.54999923706055,700,0,0
2015-08-07,33.0,33.0,32.9900016784668,32.9900016784668,1800,0,0
2015-08-10,32.9900016784668,32.9900016784668,32.9900016784668,32.9900016784668,0,0,0
2015-08-11,33.0,33.0,32.5,32.5,1000,0,0
2015-08-12,32.75,32.75,32.75,32.75,100,0,0
2015-08-13,33.0,33.0,33.0,33.0,200,0,0
2015-08-14,33.0099983215332,33.0099983215332,33.0,33.0,2300,0,0
2015-08-17,33.0,33.0,33.0,33.0,500,0,0
2015-08-18,33.0,33.0,33.0,33.0,0,0,0
2015-08-21,32.849998474121094,33.0,32.849998474121094,33.0,1400,0,0
2015-08-26,32.849998474121094,32.849998474121094,32.75,32.75,1300,0,0
2015-08-27,32.75,32.75,32.75,32.75,0,0,0
2015-08-28,32.93000030517578,32.93000030517578,32.93000030517578,32.93000030517578,1500,0,0
2015-08-31,32.93000030517578,32.93000030517578,32.93000030517578,32.93000030517578,0,0,0
2015-09-01,33.0,33.25,33.0,33.25,300,0,0
2015-09-02,33.25,33.25,33.25,33.25,0,0,0
2015-09-04,33.25,33.25,33.25,33.25,300,0,0
2015-09-08,33.25,33.25,33.25,33.25,200,0,0
2015-09-09,33.0,33.70000076293945,32.900001525878906,33.70000076293945,600,0,0
2015-09-10,33.70000076293945,34.75,33.70000076293945,34.75,3800,0,0
2015-09-11,34.75,34.75,34.0,34.5,1300,0,0
2015-09-14,34.5,34.5,32.0,32.0,5800,0,0
2015-09-15,31.850000381469727,31.899999618530273,31.25,31.899999618530273,2800,0,0
2015-09-16,31.010000228881836,31.010000228881836,31.0,31.0,600,0,0
2015-09-21,32.0,32.0,32.0,32.0,100,0,0
2015-09-23,31.989999771118164,32.0,31.989999771118164,32.0,500,0,0
2015-09-24,32.0,32.0,32.0,32.0,0,0,0
2015-09-29,32.0,32.0,31.989999771118164,32.0,400,0,0
2015-10-01,31.049999237060547,31.049999237060547,31.049999237060547,31.049999237060547,100,0,0
2015-10-02,31.989999771118164,32.0,31.989999771118164,32.0,900,0,0
2015-10-06,32.0,32.0,32.0,32.0,600,0,0
2015-10-09,31.049999237060547,31.049999237060547,31.049999237060547,31.049999237060547,200,0,0
2015-10-12,31.049999237060547,31.049999237060547,31.049999237060547,31.049999237060547,0,0,0
2015-10-15,31.5,31.5,31.5,31.5,300,0,0
2015-10-16,31.5,31.5,31.5,31.5,200,0,0
2015-10-19,31.5,31.5,31.5,31.5,0,0,0
2015-10-28,32.0,32.0,32.0,32.0,200,0,0
2015-10-29,32.25,32.25,32.25,32.25,100,0,0
2015-10-30,32.25,32.25,32.25,32.25,0,0,0
2015-11-03,32.25,32.25,32.25,32.25,300,0,0
2015-11-04,32.0,32.0,32.0,32.0,500,0,0
2015-11-09,32.4900016784668,32.4900016784668,32.4900016784668,32.4900016784668,200,0,0
2015-11-10,32.4900016784668,32.4900016784668,32.4900016784668,32.4900016784668,0,0,0
2015-11-13,32.0,32.0,31.200000762939453,31.200000762939453,1000,0,0
2015-11-16,31.200000762939453,31.200000762939453,31.200000762939453,31.200000762939453,0,0,0
2015-11-17,31.200000762939453,31.200000762939453,31.200000762939453,31.200000762939453,200,0,0
2015-11-18,31.5,31.5,31.5,31.5,100,0,0
2015-11-19,31.489999771118164,31.5,31.489999771118164,31.5,800,0,0
2015-11-20,31.25,31.25,31.25,31.25,1000,0,0
2015-11-24,31.25,31.25,30.799999237060547,30.799999237060547,500,0,0
2015-11-27,30.65999984741211,30.65999984741211,30.65999984741211,30.65999984741211,500,0,0
2015-11-30,30.670000076293945,30.670000076293945,30.670000076293945,30.670000076293945,300,0,0
2015-12-01,31.34000015258789,31.350000381469727,31.34000015258789,31.350000381469727,700,0,0
2015-12-02,31.350000381469727,31.350000381469727,31.350000381469727,31.350000381469727,0,0,0
2015-12-03,31.5,32.0,31.5,32.0,2100,0,0
2015-12-08,31.75,31.75,31.010000228881836,31.389999389648438,1100,0,0
2015-12-15,31.799999237060547,31.799999237060547,31.5,31.5,800,0,0
2015-12-18,31.5,31.5,31.25,31.5,300,0,0
2015-12-21,31.25,31.25,31.0,31.0,400,0,0
2015-12-22,31.0,31.0,31.0,31.0,3600,0,0
2015-12-23,30.600000381469727,30.600000381469727,30.600000381469727,30.600000381469727,500,0,0
2015-12-24,31.799999237060547,31.799999237060547,30.600000381469727,30.600000381469727,900,0,0
2015-12-28,31.0,31.0,31.0,31.0,700,0,0
2015-12-30,31.790000915527344,31.790000915527344,31.790000915527344,31.790000915527344,100,0,0
2015-12-31,31.790000915527344,31.790000915527344,31.790000915527344,31.790000915527344,0,0,0
2016-01-06,31.790000915527344,31.790000915527344,31.649999618530273,31.649999618530273,600,0,0
2016-01-07,31.479999542236328,31.479999542236328,31.479999542236328,31.479999542236328,200,0,0
2016-01-08,31.5,31.5,31.5,31.5,600,0,0
2016-01-13,31.100000381469727,31.100000381469727,31.100000381469727,31.100000381469727,100,0,0
2016-01-14,31.100000381469727,31.100000381469727,31.100000381469727,31.100000381469727,600,0,0
2016-01-15,31.100000381469727,31.100000381469727,31.100000381469727,31.100000381469727,0,0,0
2016-01-19,31.649999618530273,32.0,31.649999618530273,32.0,1200,0,0
2016-01-20,31.100000381469727,31.100000381469727,31.100000381469727,31.100000381469727,1700,0,0
2016-01-25,31.100000381469727,31.5,31.0,31.5,3400,0,0
2016-01-26,31.0,32.0,31.0,32.0,1600,0,0
2016-01-27,32.0,32.0,32.0,32.0,300,0,0
2016-02-01,30.75,31.989999771118164,30.75,31.989999771118164,1700,0,0
2016-02-02,31.75,31.75,31.5,31.5,1000,0,0
2016-02-03,30.510000228881836,31.0,30.510000228881836,31.0,3800,0,0
2016-02-08,31.5,31.5,31.5,31.5,2300,0,0
2016-02-10,31.25,31.5,31.25,31.5,400,0,0
2016-02-11,31.5,31.5,31.25,31.25,1600,0,0
2016-02-16,31.25,31.25,31.25,31.25,100,0,0
2016-02-19,31.75,31.989999771118164,31.75,31.989999771118164,300,0,0
2016-02-22,31.5,31.5,31.5,31.5,900,0,0
2016-02-23,31.5,31.989999771118164,31.5,31.5,800,0,0
2016-02-25,32.599998474121094,32.88999938964844,32.0,32.099998474121094,2800,0,0
2016-02-26,31.760000228881836,31.760000228881836,31.0,31.0,3500,0,0
2016-02-29,31.75,31.75,31.75,31.75,200,0,0
2016-03-01,31.75,31.75,31.75,31.75,0,0,0
2016-03-04,31.389999389648438,31.399999618530273,31.389999389648438,31.399999618530273,3000,0,0
2016-03-07,31.75,31.75,31.399999618530273,31.5,8300,0,0
2016-03-08,31.5,31.899999618530273,31.469999313354492,31.899999618530273,7500,0,0
2016-03-09,31.899999618530273,31.899999618530273,31.899999618530273,31.899999618530273,0,0,0
2016-03-10,31.90999984741211,32.75,31.90999984741211,32.75,1700,0,0
2016-03-14,33.5,33.5,33.20000076293945,33.2400016784668,2900,0,0
2016-03-15,33.38999938964844,33.5,33.279998779296875,33.5,5200,0,0
2016-03-16,33.4900016784668,34.380001068115234,33.4900016784668,34.380001068115234,600,0,0
2016-03-17,34.380001068115234,35.02000045776367,34.380001068115234,35.0,2700,0,0
2016-03-18,35.0,35.5,35.0,35.0099983215332,3200,0,0
2016-03-21,35.0,36.0,35.0,35.0,5500,0,0
2016-03-22,35.959999084472656,35.959999084472656,35.0,35.70000076293945,2000,0,0
2016-03-23,35.75,38.0,35.75,38.0,4100,0,0
2016-03-24,37.45000076293945,37.45000076293945,37.20000076293945,37.20000076293945,1500,0,0
2016-03-28,37.25,37.40999984741211,36.959999084472656,36.959999084472656,17100,0,0
2016-03-29,37.880001068115234,37.900001525878906,37.13999938964844,37.900001525878906,1400,0,0
2016-03-30,38.0,38.90999984741211,38.0,38.099998474121094,3700,0,0
2016-03-31,38.400001525878906,38.900001525878906,37.95000076293945,38.849998474121094,5500,0,0
2016-04-01,37.970001220703125,38.099998474121094,37.040000915527344,38.099998474121094,4500,0,0
2016-04-04,38.04999923706055,38.97999954223633,38.0,38.29999923706055,6000,0,0
2016-04-05,37.400001525878906,37.43000030517578,37.400001525878906,37.43000030517578,2400,0,0
2016-04-06,37.88999938964844,37.88999938964844,37.0,37.189998626708984,4900,0,0
2016-04-07,37.380001068115234,37.380001068115234,36.0,36.9900016784668,2000,0,0
2016-04-08,37.290000915527344,37.290000915527344,37.0,37.279998779296875,2500,0,0
2016-04-11,37.22999954223633,37.22999954223633,36.0,36.0,3100,0,0
2016-04-12,37.04999923706055,37.689998626708984,36.9900016784668,37.290000915527344,6300,0,0
2016-04-13,37.22999954223633,37.22999954223633,33.720001220703125,35.29999923706055,7200,0,0
2016-04-14,37.33000183105469,37.70000076293945,36.95000076293945,37.25,6100,0,0
2016-04-15,37.599998474121094,37.900001525878906,37.189998626708984,37.189998626708984,3800,0,0
2016-04-18,37.93000030517578,37.9900016784668,37.4900016784668,37.5,3500,0,0
2016-04-19,37.75,37.88999938964844,37.15999984741211,37.43000030517578,5200,0,0
2016-04-20,35.58000183105469,38.38999938964844,35.58000183105469,38.31999969482422,5300,0,0
2016-04-21,37.2599983215332,38.380001068115234,37.02000045776367,38.0,4300,0,0
2016-04-22,37.0099983215332,37.900001525878906,37.0099983215332,37.86000061035156,2800,0,0
2016-04-25,37.45000076293945,38.0,37.040000915527344,38.0,4100,0,0
2016-04-26,37.79999923706055,38.5,37.209999084472656,38.5,9200,0,0
2016-04-27,37.68000030517578,39.0,37.68000030517578,39.0,30900,0,0
2016-04-28,38.36000061035156,39.29999923706055,38.36000061035156,38.849998474121094,40500,0,0
2016-04-29,38.849998474121094,41.84000015258789,38.5,38.5,38100,0,0
2016-05-02,39.5,47.0,39.5,45.5,82700,0,0
2016-05-03,44.5,45.720001220703125,42.400001525878906,45.09000015258789,519200,0,0
2016-05-04,44.779998779296875,45.0,39.75,44.650001525878906,168500,0,0
2016-05-05,44.9900016784668,44.9900016784668,43.86000061035156,44.400001525878906,70000,0,0
2016-05-06,44.400001525878906,44.95000076293945,43.220001220703125,44.70000076293945,65500,0,0
2016-05-09,44.5099983215332,45.0,43.5099983215332,44.86000061035156,47200,0,0
2016-05-10,44.86000061035156,44.939998626708984,44.599998474121094,44.900001525878906,35100,0,0
2016-05-11,44.06999969482422,44.849998474121094,43.880001068115234,44.029998779296875,32600,0,0
2016-05-12,43.779998779296875,44.0,42.29999923706055,43.47999954223633,27200,0,0
2016-05-13,42.9900016784668,43.459999084472656,42.27000045776367,42.54999923706055,30700,0,0
2016-05-16,42.130001068115234,42.75,42.130001068115234,42.459999084472656,30000,0,0
2016-05-17,42.41999816894531,42.4900016784668,39.02000045776367,39.150001525878906,55000,0,0
2016-05-18,40.310001373291016,40.310001373291016,39.06999969482422,39.349998474121094,34900,0,0
2016-05-19,39.25,39.2599983215332,38.150001525878906,38.79999923706055,34400,0,0
2016-05-20,38.7400016784668,39.33000183105469,38.349998474121094,38.86000061035156,20400,0,0
2016-05-23,38.209999084472656,38.86000061035156,35.7599983215332,36.15999984741211,50500,0,0
2016-05-24,36.15999984741211,37.5,36.0099983215332,36.38999938964844,26400,0,0
2016-05-25,35.849998474121094,36.47999954223633,35.209999084472656,35.439998626708984,9700,0,0
2016-05-26,36.0,37.68000030517578,35.369998931884766,37.34000015258789,18400,0,0
2016-05-27,37.349998474121094,38.61000061035156,36.79999923706055,36.970001220703125,14000,0,0
2016-05-31,37.04999923706055,38.18000030517578,35.790000915527344,38.0,25500,0,0
2016-06-01,37.09000015258789,38.90999984741211,37.029998779296875,37.06999969482422,13000,0,0
2016-06-02,37.27000045776367,37.540000915527344,36.61000061035156,37.08000183105469,10300,0,0
2016-06-03,36.97999954223633,38.25,36.13999938964844,37.86000061035156,14000,0,0
2016-06-06,39.5,40.0099983215332,37.47999954223633,37.66999816894531,29400,0,0
2016-06-07,37.66999816894531,37.66999816894531,36.83000183105469,36.970001220703125,8000,0,0
2016-06-08,37.02000045776367,37.220001220703125,36.400001525878906,36.93000030517578,6600,0,0
2016-06-09,37.02000045776367,37.02000045776367,36.27000045776367,36.5,9200,0,0
2016-06-10,36.2400016784668,36.5099983215332,35.40999984741211,35.41999816894531,26600,0,0
2016-06-13,36.959999084472656,37.75,35.54999923706055,37.22999954223633,67800,0,0
2016-06-14,36.52000045776367,37.25,35.86000061035156,37.0,28500,0,0
2016-06-15,35.91999816894531,38.900001525878906,35.91999816894531,38.27000045776367,50700,0,0
2016-06-16,37.93000030517578,38.810001373291016,37.02000045776367,38.790000915527344,30200,0,0
2016-06-17,38.02000045776367,38.90999984741211,35.5,36.20000076293945,205700,0,0
2016-06-20,36.380001068115234,37.18000030517578,35.66999816894531,35.95000076293945,57500,0,0
2016-06-21,36.0,36.5,36.0,36.220001220703125,33300,0,0
2016-06-22,36.58000183105469,36.650001525878906,36.16999816894531,36.439998626708984,19300,0,0
2016-06-23,36.689998626708984,36.720001220703125,36.0,36.709999084472656,30100,0,0
2016-06-24,35.5,36.459999084472656,34.75,36.45000076293945,166600,0,0
2016-06-27,35.77000045776367,36.31999969482422,35.45000076293945,35.59000015258789,23800,0,0
2016-06-28,35.79999923706055,36.04999923706055,35.27000045776367,35.7400016784668,32600,0,0
2016-06-29,35.869998931884766,37.029998779296875,35.65999984741211,37.0,31800,0,0
2016-06-30,37.439998626708984,38.119998931884766,36.369998931884766,38.08000183105469,32700,0,0
2016-07-01,37.68000030517578,37.68000030517578,36.5099983215332,37.06999969482422,6700,0,0
2016-07-05,37.18000030517578,37.18000030517578,35.849998474121094,36.529998779296875,21500,0,0
2016-07-06,36.459999084472656,37.22999954223633,36.31999969482422,36.59000015258789,17100,0,0
2016-07-07,36.68000030517578,37.45000076293945,36.16999816894531,37.369998931884766,17900,0,0
2016-07-08,37.380001068115234,38.599998474121094,37.380001068115234,38.189998626708984,19800,0,0
2016-07-11,38.58000183105469,38.75,37.369998931884766,38.59000015258789,16200,0,0
2016-07-12,38.470001220703125,39.4900016784668,38.470001220703125,39.119998931884766,36000,0,0
2016-07-13,38.38999938964844,39.4900016784668,37.65999984741211,39.0,14700,0,0
2016-07-14,38.790000915527344,38.97999954223633,38.7400016784668,38.970001220703125,6200,0,0
2016-07-15,39.0,39.290000915527344,38.70000076293945,39.290000915527344,12600,0,0
2016-07-18,38.97999954223633,39.70000076293945,38.97999954223633,39.25,17500,0,0
2016-07-19,39.099998474121094,39.31999969482422,38.88999938964844,39.040000915527344,12900,0,0
2016-07-20,39.0,39.849998474121094,38.869998931884766,39.810001373291016,23000,0,0
2016-07-21,39.81999969482422,39.90999984741211,38.84000015258789,38.91999816894531,7800,0,0
2016-07-22,38.599998474121094,38.97999954223633,35.630001068115234,35.83000183105469,32800,0,0
2016-07-25,35.70000076293945,37.22999954223633,35.70000076293945,36.189998626708984,12500,0,0
2016-07-26,36.40999984741211,36.5099983215332,36.119998931884766,36.5,18000,0,0
2016-07-27,36.599998474121094,36.88999938964844,36.380001068115234,36.40999984741211,12000,0,0
2016-07-28,36.27000045776367,36.5,36.27000045776367,36.470001220703125,6800,0,0
2016-07-29,36.25,36.58000183105469,36.15999984741211,36.36000061035156,11200,0,0
2016-08-01,36.08000183105469,36.63999938964844,36.08000183105469,36.40999984741211,8200,0,0
2016-08-02,36.09000015258789,36.47999954223633,36.09000015258789,36.18000030517578,6300,0,0
2016-08-03,36.25,36.4900016784668,36.13999938964844,36.47999954223633,9400,0,0
2016-08-04,36.4900016784668,36.75,36.290000915527344,36.40999984741211,6000,0,0
2016-08-05,36.470001220703125,36.77000045776367,36.41999816894531,36.61000061035156,31600,0,0
2016-08-08,36.45000076293945,36.79999923706055,36.45000076293945,36.79999923706055,6100,0,0
2016-08-09,36.650001525878906,36.90999984741211,36.650001525878906,36.75,4400,0,0
2016-08-10,36.900001525878906,36.970001220703125,36.560001373291016,36.650001525878906,13100,0,0
2016-08-11,36.790000915527344,37.13999938964844,36.790000915527344,36.90999984741211,11900,0,0
2016-08-12,36.83000183105469,37.0,36.54999923706055,36.599998474121094,10700,0,0
2016-08-15,36.91999816894531,37.150001525878906,36.79999923706055,37.099998474121094,17000,0,0
2016-08-16,37.189998626708984,37.560001373291016,37.11000061035156,37.54999923706055,27800,0,0
2016-08-17,37.31999969482422,37.619998931884766,37.22999954223633,37.38999938964844,19600,0,0
2016-08-18,37.310001373291016,37.560001373291016,36.72999954223633,37.0,13900,0,0
2016-08-19,36.900001525878906,36.95000076293945,36.619998931884766,36.65999984741211,21900,0,0
2016-08-22,36.70000076293945,36.70000076293945,36.38999938964844,36.63999938964844,7100,0,0
2016-08-23,36.0,37.27000045776367,36.0,37.13999938964844,9900,0,0
2016-08-24,36.95000076293945,37.54999923706055,36.95000076293945,37.41999816894531,12700,0,0
2016-08-25,37.38999938964844,37.58000183105469,37.31999969482422,37.5099983215332,9700,0,0
2016-08-26,37.40999984741211,37.650001525878906,37.349998474121094,37.36000061035156,8600,0,0
2016-08-29,37.439998626708984,37.630001068115234,37.33000183105469,37.459999084472656,4700,0,0
2016-08-30,37.29999923706055,37.619998931884766,37.2599983215332,37.290000915527344,6200,0,0
2016-08-31,37.220001220703125,37.43000030517578,36.97999954223633,37.43000030517578,9200,0,0
2016-09-01,37.22999954223633,37.40999984741211,36.68000030517578,36.869998931884766,11700,0,0
2016-09-02,36.91999816894531,37.34000015258789,36.880001068115234,37.209999084472656,9100,0,0
2016-09-06,37.41999816894531,37.970001220703125,37.15999984741211,37.970001220703125,20200,0,0
2016-09-07,37.7400016784668,37.869998931884766,37.56999969482422,37.7400016784668,13900,0,0
2016-09-08,37.560001373291016,37.75,37.290000915527344,37.29999923706055,11400,0,0
2016-09-09,37.060001373291016,37.16999816894531,36.650001525878906,36.75,19500,0,0
2016-09-12,37.220001220703125,37.220001220703125,36.599998474121094,37.06999969482422,10500,0,0
2016-09-13,36.70000076293945,36.75,36.41999816894531,36.43000030517578,12000,0,0
2016-09-14,36.349998474121094,36.63999938964844,36.099998474121094,36.2599983215332,9000,0,0
2016-09-15,36.2599983215332,37.2400016784668,36.2599983215332,37.08000183105469,8900,0,0
2016-09-16,37.18000030517578,37.40999984741211,36.77000045776367,37.209999084472656,78400,0,0
2016-09-19,37.11000061035156,37.209999084472656,36.81999969482422,37.150001525878906,10700,0,0
2016-09-20,37.2400016784668,37.470001220703125,36.81999969482422,37.18000030517578,11200,0,0
2016-09-21,37.20000076293945,37.95000076293945,37.189998626708984,37.91999816894531,16800,0,0
2016-09-22,37.95000076293945,38.0,37.66999816894531,37.939998626708984,18300,0,0
2016-09-23,37.97999954223633,38.939998626708984,37.79999923706055,38.79999923706055,22800,0,0
2016-09-26,38.61000061035156,38.70000076293945,38.08000183105469,38.150001525878906,11400,0,0
2016-09-27,37.56999969482422,38.2400016784668,37.56999969482422,37.90999984741211,11700,0,0
2016-09-28,37.900001525878906,38.470001220703125,37.83000183105469,38.220001220703125,12400,0,0
2016-09-29,37.70000076293945,38.31999969482422,37.4900016784668,37.7599983215332,11000,0,0
2016-09-30,37.900001525878906,38.4900016784668,37.7599983215332,38.349998474121094,10900,0,0
2016-10-03,38.220001220703125,38.880001068115234,37.209999084472656,38.689998626708984,12400,0,0
2016-10-04,38.68000030517578,38.88999938964844,37.45000076293945,38.59000015258789,11700,0,0
2016-10-05,38.47999954223633,39.119998931884766,38.47999954223633,38.9900016784668,11100,0,0
2016-10-06,38.75,39.119998931884766,38.720001220703125,38.939998626708984,7800,0,0
2016-10-07,39.06999969482422,39.06999969482422,38.7599983215332,38.7599983215332,7600,0,0
2016-10-10,38.900001525878906,39.060001373291016,38.790000915527344,38.90999984741211,11800,0,0
2016-10-11,38.88999938964844,38.93000030517578,38.0,38.349998474121094,15800,0,0
2016-10-12,38.5099983215332,38.970001220703125,38.5099983215332,38.869998931884766,7000,0,0
2016-10-13,38.849998474121094,38.849998474121094,38.5,38.68000030517578,12000,0,0
2016-10-14,38.5,38.68000030517578,38.5,38.68000030517578,3200,0,0
2016-10-17,38.72999954223633,38.83000183105469,38.630001068115234,38.77000045776367,16000,0,0
2016-10-18,38.849998474121094,38.869998931884766,38.34000015258789,38.54999923706055,10200,0,0
2016-10-19,38.9900016784668,39.2400016784668,38.43000030517578,38.720001220703125,62300,0,0
2016-10-20,38.52000045776367,38.75,38.52000045776367,38.630001068115234,8800,0,0
2016-10-21,38.5,38.619998931884766,38.400001525878906,38.43000030517578,7100,0,0
2016-10-24,38.79999923706055,38.88999938964844,38.689998626708984,38.83000183105469,10500,0,0
2016-10-25,38.72999954223633,38.90999984741211,38.66999816894531,38.68000030517578,11100,0,0
2016-10-26,38.5,38.79999923706055,38.4900016784668,38.540000915527344,14900,0,0
2016-10-27,38.45000076293945,38.90999984741211,38.45000076293945,38.7599983215332,11900,0,0
2016-10-28,38.75,38.959999084472656,38.75,38.939998626708984,15400,0,0
2016-10-31,38.84000015258789,38.95000076293945,38.70000076293945,38.7599983215332,6900,0,0
2016-11-01,38.7400016784668,38.779998779296875,38.150001525878906,38.369998931884766,9200,0,0
2016-11-02,38.33000183105469,38.33000183105469,38.040000915527344,38.040000915527344,5200,0,0
2016-11-03,38.0099983215332,38.459999084472656,38.0099983215332,38.09000015258789,7300,0,0
2016-11-04,38.119998931884766,38.470001220703125,38.119998931884766,38.279998779296875,5900,0,0
2016-11-07,38.5,38.5,38.29999923706055,38.43000030517578,19100,0,0
2016-11-08,38.150001525878906,38.310001373291016,37.86000061035156,37.86000061035156,6100,0,0
2016-11-09,37.90999984741211,38.720001220703125,37.90999984741211,38.65999984741211,15500,0,0
2016-11-10,38.79999923706055,40.0,38.720001220703125,40.0,28200,0,0
2016-11-11,39.81999969482422,43.95000076293945,39.27000045776367,43.709999084472656,41000,0,0
2016-11-14,44.040000915527344,44.040000915527344,42.849998474121094,43.25,15800,0,0
2016-11-15,43.0,43.20000076293945,42.34000015258789,43.130001068115234,21000,0,0
2016-11-16,43.0,43.2400016784668,42.88999938964844,43.220001220703125,26700,0,0
2016-11-17,43.220001220703125,43.220001220703125,42.75,43.189998626708984,27400,0,0
2016-11-18,43.09000015258789,43.5,43.060001373291016,43.4900016784668,29200,0,0
2016-11-21,43.380001068115234,43.5,43.0099983215332,43.279998779296875,7100,0,0
2016-11-22,43.29999923706055,43.650001525878906,43.0,43.63999938964844,16100,0,0
2016-11-23,43.45000076293945,44.0,43.0,43.88999938964844,13700,0,0
2016-11-25,43.560001373291016,43.880001068115234,43.290000915527344,43.689998626708984,8200,0,0
2016-11-28,43.5099983215332,43.79999923706055,42.65999984741211,42.97999954223633,54600,0,0
2016-11-29,43.09000015258789,43.790000915527344,43.060001373291016,43.630001068115234,9300,0,0
2016-11-30,43.790000915527344,44.349998474121094,43.5,44.16999816894531,9700,0,0
2016-12-01,44.060001373291016,44.33000183105469,43.0,43.619998931884766,10700,0,0
2016-12-02,43.720001220703125,44.119998931884766,43.25,43.720001220703125,14200,0,0
2016-12-05,44.0099983215332,44.13999938964844,43.36000061035156,44.13999938964844,13000,0,0
2016-12-06,44.06999969482422,44.349998474121094,43.25,44.2400016784668,15300,0,0
2016-12-07,44.11000061035156,44.34000015258789,43.29999923706055,43.75,8700,0,0
2016-12-08,43.70000076293945,44.349998474121094,43.29999923706055,44.22999954223633,30500,0,0
2016-12-09,44.349998474121094,44.4900016784668,44.2400016784668,44.459999084472656,25800,0,0
2016-12-12,44.16999816894531,44.25,43.79999923706055,44.0099983215332,29700,0,0
2016-12-13,44.099998474121094,44.13999938964844,43.630001068115234,43.72999954223633,23700,0,0
2016-12-14,43.689998626708984,44.4900016784668,43.63999938964844,44.0099983215332,33500,0,0
2016-12-15,44.0,44.4900016784668,44.0,44.36000061035156,26300,0,0
2016-12-16,44.08000183105469,44.97999954223633,44.08000183105469,44.790000915527344,70700,0,0
2016-12-19,44.95000076293945,45.65999984741211,44.5,44.939998626708984,26700,0,0
2016-12-20,44.95000076293945,46.900001525878906,44.70000076293945,46.54999923706055,21000,0,0
2016-12-21,46.04999923706055,47.61000061035156,45.79999923706055,47.18000030517578,18100,0,0
2016-12-22,47.380001068115234,47.599998474121094,46.7599983215332,47.45000076293945,32400,0,0
2016-12-23,47.349998474121094,47.599998474121094,47.349998474121094,47.54999923706055,8200,0,0
2016-12-27,47.599998474121094,47.939998626708984,46.900001525878906,47.310001373291016,20500,0,0
2016-12-28,47.25,47.5,47.15999984741211,47.45000076293945,11300,0,0
2016-12-29,47.5,47.97999954223633,47.470001220703125,47.689998626708984,9900,0,0
2016-12-30,47.70000076293945,48.0,47.29999923706055,47.689998626708984,13400,0,0
2017-01-03,47.72999954223633,48.119998931884766,46.75,48.08000183105469,36700,0,0
2017-01-04,48.38999938964844,48.47999954223633,47.75,48.470001220703125,12700,0,0
2017-01-05,48.36000061035156,48.45000076293945,47.36000061035156,47.939998626708984,12100,0,0
2017-01-06,48.0,48.15999984741211,47.04999923706055,47.66999816894531,12500,0,0
2017-01-09,47.36000061035156,47.7400016784668,47.08000183105469,47.56999969482422,8200,0,0
2017-01-10,47.599998474121094,47.75,47.599998474121094,47.7400016784668,12800,0,0
2017-01-11,47.75,48.439998626708984,47.61000061035156,48.2400016784668,19900,0,0
2017-01-12,47.959999084472656,48.209999084472656,47.630001068115234,47.63999938964844,8300,0,0
2017-01-13,47.7400016784668,47.95000076293945,47.63999938964844,47.65999984741211,13400,0,0
2017-01-17,47.529998779296875,47.939998626708984,46.849998474121094,47.43000030517578,10300,0,0
2017-01-18,47.939998626708984,47.939998626708984,47.31999969482422,47.900001525878906,9900,0,0
2017-01-19,47.869998931884766,47.95000076293945,47.599998474121094,47.81999969482422,9300,0,0
2017-01-20,47.939998626708984,48.0,47.810001373291016,47.95000076293945,31100,0,0
2017-01-23,48.0,48.31999969482422,47.7599983215332,48.09000015258789,11600,0,0
2017-01-24,48.20000076293945,48.400001525878906,48.20000076293945,48.400001525878906,10500,0,0
2017-01-25,48.400001525878906,48.5,48.29999923706055,48.47999954223633,20500,0,0
2017-01-26,47.849998474121094,48.52000045776367,47.849998474121094,48.34000015258789,22400,0,0
2017-01-27,48.45000076293945,48.54999923706055,47.880001068115234,48.369998931884766,13000,0,0
2017-01-30,48.290000915527344,48.5,47.849998474121094,48.13999938964844,29900,0,0
2017-01-31,48.20000076293945,48.5,48.18000030517578,48.470001220703125,31500,0,0
2017-02-01,48.56999969482422,48.70000076293945,48.189998626708984,48.29999923706055,8300,0,0
2017-02-02,48.59000015258789,48.59000015258789,48.25,48.310001373291016,5200,0,0
2017-02-03,48.369998931884766,48.5,48.11000061035156,48.5,24900,0,0
2017-02-06,48.27000045776367,48.4900016784668,47.81999969482422,48.45000076293945,12900,0,0
2017-02-07,48.41999816894531,48.540000915527344,48.25,48.470001220703125,6500,0,0
2017-02-08,48.439998626708984,48.70000076293945,48.150001525878906,48.40999984741211,21000,0,0
2017-02-09,48.2599983215332,48.33000183105469,48.25,48.31999969482422,5800,0,0
2017-02-10,48.56999969482422,48.599998474121094,48.2599983215332,48.43000030517578,11200,0,0
2017-02-13,48.58000183105469,49.0,48.279998779296875,48.83000183105469,33600,0,0
2017-02-14,48.68000030517578,48.68000030517578,48.2400016784668,48.34000015258789,6500,0,0
2017-02-15,48.20000076293945,48.75,47.380001068115234,48.540000915527344,16500,0,0
2017-02-16,48.400001525878906,48.97999954223633,48.400001525878906,48.790000915527344,9200,0,0
2017-02-17,48.880001068115234,49.18000030517578,48.029998779296875,49.18000030517578,13200,0,0
2017-02-21,49.130001068115234,49.63999938964844,49.0,49.5,7400,0,0
2017-02-22,49.2599983215332,49.75,49.25,49.72999954223633,7000,0,0
2017-02-23,49.650001525878906,49.75,49.06999969482422,49.75,10200,0,0
2017-02-24,49.43000030517578,49.599998474121094,49.130001068115234,49.130001068115234,6300,0,0
2017-02-27,49.0099983215332,49.380001068115234,48.75,49.06999969482422,8800,0,0
2017-02-28,49.0,49.25,48.59000015258789,48.7400016784668,17000,0,0
2017-03-01,49.08000183105469,49.20000076293945,48.75,48.939998626708984,8600,0,0
2017-03-02,48.52000045776367,48.599998474121094,47.959999084472656,48.36000061035156,3100,0,0
2017-03-03,48.5099983215332,48.93000030517578,47.47999954223633,48.84000015258789,13700,0,0
2017-03-06,48.810001373291016,48.810001373291016,47.75,48.27000045776367,11000,0,0
2017-03-07,48.099998474121094,48.5,48.0099983215332,48.2400016784668,10500,0,0
2017-03-08,48.27000045776367,48.29999923706055,47.31999969482422,47.45000076293945,9600,0,0
2017-03-09,47.63999938964844,48.7599983215332,47.63999938964844,48.369998931884766,11500,0,0
2017-03-10,48.650001525878906,48.95000076293945,48.2599983215332,48.41999816894531,14200,0,0
2017-03-13,48.27000045776367,48.790000915527344,47.65999984741211,47.970001220703125,11000,0,0
2017-03-14,47.9900016784668,48.54999923706055,47.75,47.900001525878906,8900,0,0
2017-03-15,48.0,49.130001068115234,47.70000076293945,48.209999084472656,39300,0,0
2017-03-16,48.29999923706055,49.029998779296875,48.29999923706055,48.939998626708984,15400,0,0
2017-03-17,48.869998931884766,49.400001525878906,48.869998931884766,49.09000015258789,44100,0,0
2017-03-20,49.18000030517578,49.38999938964844,48.79999923706055,49.150001525878906,6500,0,0
2017-03-21,49.13999938964844,49.13999938964844,45.95000076293945,46.150001525878906,22300,0,0
2017-03-22,46.65999984741211,47.41999816894531,45.599998474121094,46.0,15500,0,0
2017-03-23,46.040000915527344,47.36000061035156,46.040000915527344,47.2599983215332,12100,0,0
2017-03-24,47.279998779296875,48.36000061035156,47.22999954223633,47.279998779296875,4400,0,0
2017-03-27,46.77000045776367,46.77000045776367,45.689998626708984,46.04999923706055,10500,0,0
2017-03-28,45.880001068115234,47.41999816894531,45.5,46.93000030517578,25300,0,0
2017-03-29,46.5,47.5,46.5,47.0099983215332,9700,0,0
2017-03-30,46.9900016784668,47.36000061035156,46.29999923706055,47.029998779296875,17900,0,0
2017-03-31,47.2400016784668,47.560001373291016,47.0,47.34000015258789,19500,0,0
2017-04-03,47.06999969482422,47.380001068115234,45.0,47.25,7500,0,0
2017-04-04,47.25,47.5099983215332,46.33000183105469,47.0099983215332,28800,0,0
2017-04-05,47.400001525878906,47.689998626708984,46.630001068115234,46.900001525878906,30700,0,0
2017-04-06,47.2599983215332,47.95000076293945,46.060001373291016,47.65999984741211,30800,0,0
2017-04-07,47.650001525878906,47.900001525878906,47.29999923706055,47.75,10300,0,0
2017-04-10,47.75,47.97999954223633,47.47999954223633,47.7599983215332,15900,0,0
2017-04-11,47.52000045776367,47.970001220703125,47.52000045776367,47.81999969482422,7800,0,0
2017-04-12,47.72999954223633,47.75,47.189998626708984,47.189998626708984,9800,0,0
2017-04-13,47.20000076293945,47.470001220703125,46.119998931884766,46.709999084472656,15400,0,0
2017-04-17,46.529998779296875,47.279998779296875,46.529998779296875,47.040000915527344,7800,0,0
2017-04-18,47.040000915527344,47.599998474121094,47.0,47.560001373291016,8300,0,0
2017-04-19,47.75,47.86000061035156,47.38999938964844,47.689998626708984,11300,0,0
2017-04-20,47.810001373291016,48.0,47.599998474121094,47.84000015258789,13200,0,0
2017-04-21,47.939998626708984,48.279998779296875,47.7400016784668,48.11000061035156,27500,0,0
2017-04-24,48.34000015258789,49.0,48.34000015258789,48.93000030517578,16500,0,0
2017-04-25,48.93000030517578,49.2400016784668,48.630001068115234,48.709999084472656,23900,0,0
2017-04-26,49.20000076293945,49.5,49.0,49.380001068115234,15100,0,0
2017-04-27,49.15999984741211,49.75,49.15999984741211,49.380001068115234,18400,0,0
2017-04-28,49.459999084472656,49.959999084472656,48.939998626708984,49.29999923706055,17800,0,0
2017-05-01,49.45000076293945,51.689998626708984,49.45000076293945,50.9900016784668,22000,0,0
2017-05-02,51.2400016784668,51.59000015258789,50.689998626708984,51.13999938964844,15600,0,0
2017-05-03,50.939998626708984,51.2400016784668,50.75,50.880001068115234,15400,0,0
2017-05-04,51.09000015258789,51.22999954223633,50.90999984741211,51.22999954223633,7700,0,0
2017-05-05,51.220001220703125,51.25,50.88999938964844,51.11000061035156,8000,0,0
2017-05-08,51.36000061035156,51.540000915527344,50.2400016784668,50.58000183105469,14800,0,0
2017-05-09,50.27000045776367,50.29999923706055,49.150001525878906,49.79999923706055,13700,0,0
2017-05-10,49.7400016784668,49.810001373291016,48.79999923706055,48.9900016784668,33300,0,0
2017-05-11,49.400001525878906,49.400001525878906,48.79999923706055,48.849998474121094,8900,0,0
2017-05-12,48.9900016784668,48.9900016784668,48.29999923706055,48.709999084472656,8800,0,0
2017-05-15,48.650001525878906,49.0,48.650001525878906,48.97999954223633,6200,0,0
2017-05-16,48.900001525878906,49.0,48.380001068115234,48.849998474121094,14400,0,0
2017-05-17,48.27000045776367,48.439998626708984,47.70000076293945,47.95000076293945,20100,0,0
2017-05-18,48.43000030517578,48.45000076293945,48.0,48.060001373291016,7900,0,0
2017-05-19,47.9900016784668,48.33000183105469,47.900001525878906,48.11000061035156,16900,0,0
2017-05-22,47.7599983215332,48.470001220703125,47.7599983215332,48.470001220703125,18100,0,0
2017-05-23,48.439998626708984,48.93000030517578,48.40999984741211,48.75,11600,0,0
2017-05-24,48.04999923706055,48.95000076293945,48.02000045776367,48.900001525878906,173500,0,0
2017-05-25,49.099998474121094,49.5,48.959999084472656,49.33000183105469,17300,0,0
2017-05-26,49.45000076293945,49.75,49.27000045776367,49.56999969482422,20400,0,0
2017-05-30,49.2599983215332,49.5,49.2599983215332,49.36000061035156,13800,0,0
2017-05-31,48.599998474121094,49.849998474121094,48.58000183105469,49.779998779296875,37300,0,0
2017-06-01,49.65999984741211,50.9900016784668,49.13999938964844,50.58000183105469,31400,0,0
2017-06-02,50.400001525878906,50.63999938964844,49.900001525878906,49.90999984741211,39900,0,0
2017-06-05,50.0,50.439998626708984,49.619998931884766,49.709999084472656,16400,0,0
2017-06-06,49.349998474121094,50.0,49.349998474121094,49.900001525878906,10300,0,0
2017-06-07,49.869998931884766,50.2400016784668,49.79999923706055,49.91999816894531,11500,0,0
2017-06-08,49.63999938964844,51.43000030517578,49.63999938964844,51.13999938964844,39300,0,0
2017-06-09,51.58000183105469,53.86000061035156,50.02000045776367,53.65999984741211,43100,0,0
2017-06-12,54.52000045776367,55.5,53.220001220703125,53.970001220703125,25900,0,0
2017-06-13,54.0,55.20000076293945,53.83000183105469,55.040000915527344,22000,0,0
2017-06-14,54.70000076293945,55.83000183105469,54.130001068115234,55.63999938964844,34400,0,0
2017-06-15,55.11000061035156,55.650001525878906,53.7599983215332,55.61000061035156,18200,0,0
2017-06-16,55.58000183105469,55.790000915527344,55.4900016784668,55.63999938964844,53400,0,0
2017-06-19,55.4900016784668,55.4900016784668,54.099998474121094,54.47999954223633,12100,0,0
2017-06-20,54.400001525878906,54.400001525878906,53.77000045776367,53.81999969482422,24000,0,0
2017-06-21,53.959999084472656,54.59000015258789,53.02000045776367,53.41999816894531,10500,0,0
2017-06-22,53.349998474121094,53.349998474121094,52.279998779296875,52.79999923706055,10500,0,0
2017-06-23,52.529998779296875,54.099998474121094,51.470001220703125,53.400001525878906,204200,0,0
2017-06-26,53.150001525878906,54.47999954223633,53.13999938964844,53.310001373291016,14900,0,0
2017-06-27,53.47999954223633,54.599998474121094,53.400001525878906,53.970001220703125,29400,0,0
2017-06-28,54.83000183105469,55.75,54.22999954223633,54.790000915527344,32400,0,0
2017-06-29,55.33000183105469,55.599998474121094,54.13999938964844,55.5099983215332,19700,0,0
2017-06-30,55.25,55.290000915527344,53.68000030517578,54.709999084472656,32500,0,0
2017-07-03,54.040000915527344,55.79999923706055,54.0,55.650001525878906,14300,0,0
2017-07-05,55.4900016784668,55.4900016784668,54.439998626708984,54.97999954223633,16200,0,0
2017-07-06,54.77000045776367,54.97999954223633,54.310001373291016,54.540000915527344,13100,0,0
2017-07-07,54.459999084472656,55.25,54.0,55.08000183105469,15200,0,0
2017-07-10,54.68000030517578,54.70000076293945,53.83000183105469,54.34000015258789,12400,0,0
2017-07-11,54.58000183105469,54.7400016784668,53.029998779296875,54.130001068115234,34400,0,0
2017-07-12,54.290000915527344,55.099998474121094,54.290000915527344,55.08000183105469,16900,0,0
2017-07-13,54.97999954223633,55.099998474121094,54.34000015258789,54.689998626708984,9400,0,0
2017-07-14,54.2400016784668,54.70000076293945,53.86000061035156,54.5,9000,0,0
2017-07-17,54.11000061035156,54.47999954223633,53.95000076293945,54.47999954223633,9500,0,0
2017-07-18,54.11000061035156,54.599998474121094,53.709999084472656,54.0,31100,0,0
2017-07-19,54.70000076293945,54.79999923706055,53.279998779296875,54.16999816894531,27800,0,0
2017-07-20,54.5,55.099998474121094,54.369998931884766,55.099998474121094,17400,0,0
2017-07-21,55.099998474121094,55.099998474121094,54.5099983215332,54.81999969482422,19100,0,0
2017-07-24,54.81999969482422,54.81999969482422,54.11000061035156,54.279998779296875,10200,0,0
2017-07-25,54.72999954223633,54.900001525878906,54.369998931884766,54.68000030517578,17300,0,0
2017-07-26,54.88999938964844,54.88999938964844,54.16999816894531,54.16999816894531,6400,0,0
2017-07-27,54.38999938964844,54.5099983215332,53.65999984741211,54.040000915527344,15100,0,0
2017-07-28,54.15999984741211,54.2599983215332,53.29999923706055,53.869998931884766,7300,0,0
2017-07-31,53.65999984741211,54.38999938964844,53.650001525878906,54.16999816894531,15500,0,0
2017-08-01,54.08000183105469,54.61000061035156,53.880001068115234,54.43000030517578,17900,0,0
2017-08-02,54.20000076293945,54.290000915527344,53.5099983215332,53.52000045776367,7500,0,0
2017-08-03,53.400001525878906,54.150001525878906,53.20000076293945,53.290000915527344,39000,0,0
2017-08-04,53.709999084472656,54.20000076293945,52.540000915527344,52.619998931884766,14000,0,0
2017-08-07,52.369998931884766,53.68000030517578,51.84000015258789,53.220001220703125,22500,0,0
2017-08-08,52.7400016784668,54.29999923706055,52.70000076293945,53.560001373291016,16500,0,0
2017-08-09,52.849998474121094,53.84000015258789,52.849998474121094,53.119998931884766,10500,0,0
2017-08-10,52.84000015258789,53.08000183105469,52.47999954223633,52.52000045776367,16000,0,0
2017-08-11,52.58000183105469,52.95000076293945,51.209999084472656,52.0099983215332,39300,0,0
2017-08-14,52.47999954223633,53.459999084472656,52.34000015258789,53.29999923706055,29900,0,0
2017-08-15,53.29999923706055,54.75,53.25,53.66999816894531,24200,0,0
2017-08-16,53.869998931884766,54.20000076293945,53.040000915527344,53.36000061035156,9900,0,0
2017-08-17,52.790000915527344,53.310001373291016,52.529998779296875,52.68000030517578,21500,0,0
2017-08-18,52.04999923706055,53.70000076293945,51.9900016784668,53.0,33200,0,0
2017-08-21,52.689998626708984,53.72999954223633,51.93000030517578,53.47999954223633,18200,0,0
2017-08-22,53.58000183105469,53.650001525878906,53.4900016784668,53.54999923706055,11100,0,0
2017-08-23,53.2599983215332,53.650001525878906,53.209999084472656,53.47999954223633,16900,0,0
2017-08-24,53.540000915527344,53.650001525878906,53.400001525878906,53.61000061035156,8100,0,0
2017-08-25,53.119998931884766,54.529998779296875,53.0099983215332,54.130001068115234,15300,0,0
2017-08-28,54.470001220703125,54.58000183105469,53.310001373291016,54.220001220703125,15000,0,0
2017-08-29,53.779998779296875,54.88999938964844,53.29999923706055,54.02000045776367,19900,0,0
2017-08-30,54.310001373291016,54.65999984741211,53.36000061035156,53.459999084472656,14800,0,0
2017-08-31,54.15999984741211,54.88999938964844,53.61000061035156,54.650001525878906,45800,0,0
2017-09-01,54.25,56.720001220703125,53.369998931884766,56.09000015258789,56300,0,0
2017-09-05,55.630001068115234,56.15999984741211,54.06999969482422,54.099998474121094,25100,0,0
2017-09-06,54.25,54.25,53.41999816894531,53.439998626708984,20400,0,0
2017-09-07,53.70000076293945,53.779998779296875,52.52000045776367,52.88999938964844,20500,0,0
2017-09-08,53.599998474121094,54.34000015258789,53.439998626708984,53.77000045776367,18400,0,0
2017-09-11,54.279998779296875,54.959999084472656,54.279998779296875,54.7400016784668,15600,0,0
2017-09-12,54.56999969482422,56.630001068115234,54.56999969482422,55.380001068115234,17100,0,0
2017-09-13,56.470001220703125,56.470001220703125,55.09000015258789,55.22999954223633,17000,0,0
2017-09-14,55.369998931884766,55.95000076293945,54.47999954223633,54.77000045776367,15400,0,0
2017-09-15,54.93000030517578,56.5,53.400001525878906,56.439998626708984,73600,0,0
2017-09-18,56.599998474121094,57.54999923706055,56.470001220703125,56.93000030517578,32900,0,0
2017-09-19,56.689998626708984,57.70000076293945,56.689998626708984,57.380001068115234,14500,0,0
2017-09-20,57.04999923706055,57.849998474121094,57.04999923706055,57.61000061035156,12300,0,0
2017-09-21,57.7400016784668,57.75,57.2400016784668,57.529998779296875,15700,0,0
2017-09-22,57.380001068115234,58.0,56.97999954223633,57.66999816894531,13800,0,0
2017-09-25,57.54999923706055,57.54999923706055,57.0099983215332,57.43000030517578,9100,0,0
2017-09-26,57.20000076293945,58.79999923706055,56.869998931884766,58.54999923706055,23800,0,0
2017-09-27,58.599998474121094,61.97999954223633,58.599998474121094,60.31999969482422,51600,0,0
2017-09-28,59.459999084472656,61.56999969482422,58.0,60.75,32300,0,0
2017-09-29,59.81999969482422,60.810001373291016,57.08000183105469,57.529998779296875,41800,0,0
2017-10-02,57.79999923706055,59.16999816894531,57.7599983215332,59.130001068115234,32700,0,0
2017-10-03,59.22999954223633,60.33000183105469,58.25,60.290000915527344,19000,0,0
2017-10-04,60.04999923706055,60.83000183105469,59.290000915527344,60.18000030517578,17500,0,0
2017-10-05,60.599998474121094,61.88999938964844,58.7599983215332,61.15999984741211,28200,0,0
2017-10-06,61.349998474121094,61.349998474121094,60.08000183105469,60.790000915527344,17600,0,0
2017-10-09,60.400001525878906,61.33000183105469,59.279998779296875,60.84000015258789,15000,0,0
2017-10-10,60.43000030517578,61.04999923706055,60.04999923706055,60.97999954223633,34300,0,0
2017-10-11,60.7400016784668,61.02000045776367,59.880001068115234,60.61000061035156,26000,0,0
2017-10-12,60.209999084472656,61.0,59.959999084472656,60.880001068115234,15300,0,0
2017-10-13,60.75,60.75,59.84000015258789,60.029998779296875,19500,0,0
2017-10-16,60.0,60.09000015258789,59.029998779296875,59.70000076293945,21500,0,0
2017-10-17,59.13999938964844,59.529998779296875,58.27000045776367,58.4900016784668,6400,0,0
2017-10-18,58.380001068115234,59.0,58.04999923706055,58.79999923706055,17000,0,0
2017-10-19,58.939998626708984,58.939998626708984,58.20000076293945,58.58000183105469,15300,0,0
2017-10-20,59.310001373291016,59.380001068115234,57.900001525878906,58.790000915527344,19800,0,0
2017-10-23,59.0,59.0,57.619998931884766,58.060001373291016,9800,0,0
2017-10-24,56.13999938964844,58.599998474121094,56.13999938964844,58.38999938964844,12300,0,0
2017-10-25,57.81999969482422,59.16999816894531,57.81999969482422,58.4900016784668,22700,0,0
2017-10-26,58.869998931884766,59.33000183105469,57.61000061035156,57.7599983215332,16700,0,0
2017-10-27,57.27000045776367,59.0,56.869998931884766,58.38999938964844,18800,0,0
2017-10-30,58.150001525878906,58.220001220703125,56.54999923706055,56.689998626708984,26500,0,0
2017-10-31,56.52000045776367,57.25,56.52000045776367,56.939998626708984,15700,0,0
2017-11-01,57.439998626708984,57.689998626708984,56.25,56.43000030517578,27000,0,0
2017-11-02,56.630001068115234,57.77000045776367,56.45000076293945,57.709999084472656,10900,0,0
2017-11-03,57.2599983215332,57.2599983215332,56.2599983215332,56.630001068115234,15400,0,0
2017-11-06,56.709999084472656,56.90999984741211,56.25,56.369998931884766,6500,0,0
2017-11-07,56.220001220703125,56.349998474121094,54.70000076293945,54.959999084472656,31100,0,0
2017-11-08,54.7400016784668,54.900001525878906,53.310001373291016,54.369998931884766,23100,0,0
2017-11-09,53.77000045776367,55.810001373291016,53.630001068115234,55.58000183105469,22800,0,0
2017-11-10,55.31999969482422,56.66999816894531,55.25,55.5099983215332,13000,0,0
2017-11-13,55.33000183105469,55.56999969482422,54.790000915527344,55.310001373291016,9700,0,0
2017-11-14,55.560001373291016,57.869998931884766,55.560001373291016,57.58000183105469,18500,0,0
2017-11-15,57.119998931884766,57.77000045776367,56.119998931884766,56.349998474121094,27000,0,0
2017-11-16,56.45000076293945,57.9900016784668,56.45000076293945,57.119998931884766,21100,0,0
2017-11-17,56.689998626708984,57.470001220703125,56.38999938964844,57.150001525878906,15900,0,0
2017-11-20,57.36000061035156,58.0,56.709999084472656,57.75,25900,0,0
2017-11-21,57.75,59.130001068115234,57.5,58.599998474121094,25300,0,0
2017-11-22,57.880001068115234,58.79999923706055,57.880001068115234,58.369998931884766,12500,0,0
2017-11-24,58.38999938964844,58.38999938964844,57.25,57.59000015258789,10200,0,0
2017-11-27,57.63999938964844,58.790000915527344,57.20000076293945,57.31999969482422,13900,0,0
2017-11-28,57.470001220703125,59.0,56.81999969482422,58.81999969482422,20400,0,0
2017-11-29,58.91999816894531,59.349998474121094,58.15999984741211,58.9900016784668,46400,0,0
2017-11-30,59.06999969482422,59.06999969482422,57.90999984741211,57.95000076293945,91600,0,0
2017-12-01,57.939998626708984,59.470001220703125,55.90999984741211,58.5,22600,0,0
2017-12-04,58.9900016784668,59.04999923706055,57.939998626708984,58.72999954223633,36500,0,0
2017-12-05,58.70000076293945,58.79999923706055,57.41999816894531,57.560001373291016,22200,0,0
2017-12-06,57.90999984741211,57.90999984741211,56.560001373291016,56.56999969482422,10100,0,0
2017-12-07,56.58000183105469,57.83000183105469,56.209999084472656,56.7599983215332,21900,0,0
2017-12-08,57.029998779296875,58.70000076293945,56.779998779296875,57.75,19600,0,0
2017-12-11,57.7599983215332,58.540000915527344,56.970001220703125,57.31999969482422,14700,0,0
2017-12-12,57.369998931884766,57.959999084472656,56.95000076293945,57.75,25800,0,0
2017-12-13,57.779998779296875,58.95000076293945,57.040000915527344,57.63999938964844,37800,0,0
2017-12-14,57.7599983215332,57.7599983215332,55.779998779296875,56.52000045776367,18400,0,0
2017-12-15,56.41999816894531,57.81999969482422,55.65999984741211,56.2400016784668,62800,0,0
2017-12-18,56.61000061035156,57.290000915527344,56.119998931884766,57.0,22900,0,0
2017-12-19,57.11000061035156,57.11000061035156,55.709999084472656,56.099998474121094,14200,0,0
2017-12-20,56.38999938964844,56.689998626708984,55.689998626708984,56.099998474121094,24300,0,0
2017-12-21,56.209999084472656,57.310001373291016,55.7400016784668,55.959999084472656,15200,0,0
2017-12-22,55.97999954223633,56.0,55.0,55.290000915527344,16000,0,0
2017-12-26,55.400001525878906,55.5,53.54999923706055,55.25,13000,0,0
2017-12-27,55.150001525878906,56.150001525878906,54.880001068115234,55.04999923706055,18800,0,0
2017-12-28,55.31999969482422,55.400001525878906,54.869998931884766,55.400001525878906,18500,0,0
2017-12-29,55.599998474121094,56.56999969482422,54.599998474121094,54.7400016784668,16400,0,0
2018-01-02,54.97999954223633,55.0,52.08000183105469,53.5,46000,0,0
2018-01-03,53.4900016784668,53.77000045776367,53.0,53.310001373291016,14700,0,0
2018-01-04,53.56999969482422,54.209999084472656,53.310001373291016,53.47999954223633,10900,0,0
2018-01-05,53.79999923706055,55.2400016784668,52.349998474121094,53.18000030517578,22000,0,0
2018-01-08,53.0099983215332,54.68000030517578,53.0099983215332,54.34000015258789,19300,0,0
2018-01-09,54.459999084472656,55.25,53.150001525878906,53.400001525878906,17500,0,0
2018-01-10,53.22999954223633,55.689998626708984,53.22999954223633,54.689998626708984,22700,0,0
2018-01-11,54.63999938964844,56.20000076293945,54.380001068115234,56.09000015258789,13500,0,0
2018-01-12,56.099998474121094,56.97999954223633,55.5,55.880001068115234,7200,0,0
2018-01-16,56.02000045776367,56.709999084472656,54.060001373291016,54.060001373291016,20600,0,0
2018-01-17,54.029998779296875,54.5,53.86000061035156,54.25,27500,0,0
2018-01-18,53.97999954223633,54.65999984741211,53.97999954223633,54.15999984741211,9700,0,0
2018-01-19,54.0,55.88999938964844,53.7599983215332,55.720001220703125,19200,0,0
2018-01-22,55.5099983215332,55.869998931884766,54.79999923706055,55.790000915527344,17400,0,0
2018-01-23,55.68000030517578,55.95000076293945,55.25,55.70000076293945,16700,0,0
2018-01-24,55.93000030517578,55.939998626708984,54.83000183105469,55.619998931884766,19100,0,0
2018-01-25,55.2400016784668,56.0,55.0,55.79999923706055,30000,0,0
2018-01-26,55.5,55.77000045776367,54.09000015258789,54.400001525878906,29800,0,0
2018-01-29,54.380001068115234,54.90999984741211,54.08000183105469,54.08000183105469,17700,0,0
2018-01-30,53.810001373291016,55.90999984741211,53.810001373291016,54.52000045776367,17400,0,0
2018-01-31,54.70000076293945,55.72999954223633,54.0099983215332,54.290000915527344,17800,0,0
2018-02-01,54.0099983215332,55.400001525878906,53.900001525878906,55.380001068115234,16700,0,0
2018-02-02,55.06999969482422,55.349998474121094,54.70000076293945,55.06999969482422,18600,0,0
2018-02-05,54.70000076293945,55.38999938964844,53.84000015258789,54.20000076293945,29800,0,0
2018-02-06,53.5099983215332,54.060001373291016,52.349998474121094,53.400001525878906,34300,0,0
2018-02-07,53.119998931884766,54.66999816894531,52.75,54.36000061035156,25400,0,0
2018-02-08,54.439998626708984,54.84000015258789,53.459999084472656,53.61000061035156,20300,0,0
2018-02-09,54.13999938964844,55.119998931884766,53.45000076293945,54.310001373291016,30000,0,0
2018-02-12,54.5,54.54999923706055,53.09000015258789,53.61000061035156,18400,0,0
2018-02-13,53.47999954223633,54.54999923706055,52.900001525878906,54.310001373291016,20800,0,0
2018-02-14,53.90999984741211,55.939998626708984,53.31999969482422,55.59000015258789,23400,0,0
2018-02-15,55.290000915527344,55.439998626708984,53.459999084472656,54.599998474121094,24900,0,0
2018-02-16,54.31999969482422,55.189998626708984,54.0,54.4900016784668,14400,0,0
2018-02-20,54.400001525878906,55.209999084472656,53.56999969482422,53.790000915527344,21000,0,0
2018-02-21,54.0099983215332,55.70000076293945,53.72999954223633,54.959999084472656,41700,0,0
2018-02-22,54.900001525878906,55.0,54.310001373291016,54.689998626708984,11200,0,0
2018-02-23,54.81999969482422,54.81999969482422,54.40999984741211,54.66999816894531,18500,0,0
2018-02-26,54.66999816894531,55.0,54.41999816894531,54.70000076293945,18900,0,0
2018-02-27,54.560001373291016,54.849998474121094,53.880001068115234,54.36000061035156,24000,0,0
2018-02-28,54.45000076293945,54.66999816894531,54.06999969482422,54.06999969482422,30900,0,0
2018-03-01,53.79999923706055,54.209999084472656,52.90999984741211,53.04999923706055,13900,0,0
2018-03-02,52.81999969482422,54.5,52.81999969482422,54.099998474121094,6500,0,0
2018-03-05,53.900001525878906,54.66999816894531,53.38999938964844,53.91999816894531,22900,0,0
2018-03-06,53.97999954223633,54.61000061035156,53.439998626708984,54.400001525878906,30100,0,0
2018-03-07,54.119998931884766,55.0,54.040000915527344,54.52000045776367,28900,0,0
2018-03-08,54.720001220703125,55.25,54.310001373291016,55.119998931884766,39200,0,0
2018-03-09,55.2599983215332,55.900001525878906,54.130001068115234,55.7599983215332,47900,0,0
2018-03-12,55.7599983215332,57.25,53.52000045776367,56.709999084472656,57600,0,0
2018-03-13,56.599998474121094,56.84000015258789,55.06999969482422,56.790000915527344,28400,0,0
2018-03-14,56.83000183105469,56.83000183105469,55.880001068115234,56.20000076293945,21200,0,0
2018-03-15,56.189998626708984,56.599998474121094,55.279998779296875,55.790000915527344,22400,0,0
2018-03-16,55.630001068115234,56.599998474121094,55.599998474121094,55.93000030517578,47600,0,0
2018-03-19,55.95000076293945,56.5,54.40999984741211,56.119998931884766,30300,0,0
2018-03-20,56.0,56.869998931884766,55.959999084472656,56.0099983215332,29800,0,0
2018-03-21,56.0,56.5,56.0,56.18000030517578,29100,0,0
2018-03-22,55.849998474121094,56.20000076293945,55.5,55.650001525878906,24500,0,0
2018-03-23,55.65999984741211,56.099998474121094,54.13999938964844,54.16999816894531,27900,0,0
2018-03-26,54.63999938964844,56.0,54.63999938964844,55.779998779296875,20500,0,0
2018-03-27,55.7400016784668,55.7599983215332,54.599998474121094,55.150001525878906,14400,0,0
2018-03-28,55.16999816894531,55.16999816894531,53.5099983215332,54.5,16400,0,0
2018-03-29,54.790000915527344,55.75,53.7400016784668,55.06999969482422,46800,0,0
2018-04-02,55.0,55.0,53.689998626708984,54.20000076293945,22300,0,0
2018-04-03,54.34000015258789,54.81999969482422,53.150001525878906,54.630001068115234,13200,0,0
2018-04-04,54.04999923706055,55.29999923706055,54.029998779296875,55.18000030517578,26200,0,0
2018-04-05,54.619998931884766,55.75,54.619998931884766,55.630001068115234,25500,0,0
2018-04-06,55.09000015258789,55.5,53.70000076293945,53.90999984741211,26300,0,0
2018-04-09,53.9900016784668,54.599998474121094,53.400001525878906,54.02000045776367,19600,0,0
2018-04-10,54.36000061035156,55.0,54.0099983215332,54.810001373291016,19700,0,0
2018-04-11,54.630001068115234,54.68000030517578,53.959999084472656,54.439998626708984,22000,0,0
2018-04-12,54.529998779296875,55.5,54.04999923706055,55.290000915527344,30100,0,0
2018-04-13,55.380001068115234,55.939998626708984,53.93000030517578,55.75,21100,0,0
2018-04-16,55.540000915527344,56.869998931884766,55.0,56.560001373291016,14200,0,0
2018-04-17,56.779998779296875,57.13999938964844,56.33000183105469,56.40999984741211,28200,0,0
2018-04-18,56.5,56.5,54.58000183105469,54.810001373291016,30000,0,0
2018-04-19,55.150001525878906,56.47999954223633,54.9900016784668,56.18000030517578,40500,0,0
2018-04-20,55.91999816894531,56.880001068115234,55.88999938964844,56.7400016784668,36600,0,0
2018-04-23,56.900001525878906,57.279998779296875,53.619998931884766,56.880001068115234,33500,0,0
2018-04-24,56.91999816894531,57.0,56.34000015258789,56.81999969482422,23400,0,0
2018-04-25,56.9900016784668,57.380001068115234,56.5099983215332,56.63999938964844,20000,0,0
2018-04-26,56.91999816894531,57.189998626708984,55.869998931884766,56.16999816894531,24400,0,0
2018-04-27,56.279998779296875,56.5,55.33000183105469,55.90999984741211,23900,0,0
2018-04-30,56.0099983215332,56.2400016784668,54.52000045776367,55.56999969482422,23900,0,0
2018-05-01,55.5099983215332,56.220001220703125,55.20000076293945,55.9900016784668,9600,0,0
2018-05-02,55.650001525878906,56.88999938964844,55.650001525878906,56.369998931884766,22000,0,0
2018-05-03,56.38999938964844,56.5,55.599998474121094,56.04999923706055,13300,0,0
2018-05-04,55.689998626708984,56.9900016784668,54.63999938964844,56.5,21300,0,0
2018-05-07,56.5099983215332,56.5099983215332,55.2599983215332,55.45000076293945,18800,0,0
2018-05-08,55.06999969482422,55.459999084472656,54.599998474121094,54.849998474121094,16300,0,0
2018-05-09,54.86000061035156,55.95000076293945,54.849998474121094,55.5099983215332,25000,0,0
2018-05-10,55.5099983215332,55.900001525878906,55.5,55.849998474121094,17700,0,0
2018-05-11,55.779998779296875,56.0,55.31999969482422,55.540000915527344,20600,0,0
2018-05-14,55.560001373291016,55.70000076293945,55.0099983215332,55.08000183105469,18400,0,0
2018-05-15,55.02000045776367,55.70000076293945,55.02000045776367,55.400001525878906,8100,0,0
2018-05-16,55.400001525878906,56.0,55.400001525878906,55.650001525878906,17900,0,0
2018-05-17,55.75,56.970001220703125,55.65999984741211,56.650001525878906,21100,0,0
2018-05-18,56.95000076293945,56.95000076293945,55.70000076293945,55.93000030517578,19600,0,0
2018-05-21,56.060001373291016,57.47999954223633,56.060001373291016,57.119998931884766,17300,0,0
2018-05-22,57.040000915527344,57.79999923706055,57.040000915527344,57.33000183105469,15200,0,0
2018-05-23,56.970001220703125,57.470001220703125,56.849998474121094,57.060001373291016,11300,0,0
2018-05-24,57.11000061035156,57.25,56.2599983215332,57.209999084472656,9500,0,0
2018-05-25,57.20000076293945,57.5099983215332,57.0099983215332,57.38999938964844,10300,0,0
2018-05-29,57.040000915527344,57.13999938964844,56.08000183105469,56.459999084472656,8000,0,0
2018-05-30,56.58000183105469,57.63999938964844,56.58000183105469,57.47999954223633,15300,0,0
2018-05-31,57.130001068115234,57.5,56.630001068115234,56.83000183105469,18400,0,0
2018-06-01,57.029998779296875,57.56999969482422,56.61000061035156,57.4900016784668,17400,0,0
2018-06-04,57.650001525878906,57.650001525878906,57.33000183105469,57.41999816894531,12200,0,0
2018-06-05,56.59000015258789,57.599998474121094,56.59000015258789,57.369998931884766,20000,0,0
2018-06-06,57.400001525878906,57.70000076293945,57.220001220703125,57.54999923706055,17900,0,0
2018-06-07,57.7400016784668,58.0,57.16999816894531,57.97999954223633,26200,0,0
2018-06-08,57.869998931884766,58.029998779296875,57.0,57.150001525878906,16500,0,0
2018-06-11,57.25,57.349998474121094,56.02000045776367,56.380001068115234,16000,0,0
2018-06-12,56.380001068115234,56.650001525878906,55.5099983215332,55.900001525878906,10800,0,0
2018-06-13,56.04999923706055,56.650001525878906,55.720001220703125,56.40999984741211,11900,0,0
2018-06-14,56.66999816894531,56.66999816894531,56.0099983215332,56.31999969482422,13100,0,0
2018-06-15,56.0,56.599998474121094,55.650001525878906,56.560001373291016,29400,0,0
2018-06-18,56.220001220703125,57.119998931884766,56.06999969482422,56.54999923706055,13000,0,0
2018-06-19,56.2400016784668,57.779998779296875,56.2400016784668,57.290000915527344,14100,0,0
2018-06-20,57.41999816894531,58.400001525878906,57.02000045776367,57.97999954223633,14000,0,0
2018-06-21,57.849998474121094,57.9900016784668,56.560001373291016,57.5099983215332,11300,0,0
2018-06-22,57.619998931884766,58.34000015258789,56.91999816894531,58.34000015258789,78300,0,0
2018-06-25,58.25,58.31999969482422,57.2400016784668,57.7599983215332,12400,0,0
2018-06-26,57.849998474121094,57.86000061035156,57.2599983215332,57.75,14000,0,0
2018-06-27,57.45000076293945,57.599998474121094,56.08000183105469,56.20000076293945,8300,0,0
2018-06-28,56.119998931884766,56.119998931884766,55.650001525878906,55.790000915527344,5500,0,0
2018-06-29,56.11000061035156,56.11000061035156,55.11000061035156,55.11000061035156,16100,0,0
2018-07-02,55.18000030517578,55.70000076293945,54.84000015258789,55.70000076293945,5600,0,0
2018-07-03,55.61000061035156,56.09000015258789,55.560001373291016,55.79999923706055,2100,0,0
2018-07-05,55.93000030517578,56.29999923706055,54.97999954223633,56.11000061035156,7700,0,0
2018-07-06,56.22999954223633,56.45000076293945,55.630001068115234,56.43000030517578,11800,0,0
2018-07-09,56.61000061035156,58.599998474121094,56.400001525878906,58.29999923706055,25600,0,0
2018-07-10,57.33000183105469,57.380001068115234,56.15999984741211,56.20000076293945,7200,0,0
2018-07-11,56.220001220703125,56.7599983215332,55.88999938964844,56.27000045776367,21900,0,0
2018-07-12,56.650001525878906,56.650001525878906,55.47999954223633,55.59000015258789,7400,0,0
2018-07-13,55.70000076293945,55.70000076293945,54.56999969482422,54.58000183105469,6300,0,0
2018-07-16,54.54999923706055,55.79999923706055,54.02000045776367,55.599998474121094,34500,0,0
2018-07-17,55.5099983215332,55.88999938964844,55.11000061035156,55.470001220703125,8600,0,0
2018-07-18,55.56999969482422,56.0,55.56999969482422,55.810001373291016,16400,0,0
2018-07-19,55.849998474121094,56.400001525878906,55.58000183105469,55.65999984741211,24900,0,0
2018-07-20,55.650001525878906,56.34000015258789,55.650001525878906,56.25,21600,0,0
2018-07-23,56.099998474121094,57.75,56.04999923706055,57.4900016784668,16500,0,0
2018-07-24,57.7599983215332,57.7599983215332,56.25,56.540000915527344,10000,0,0
2018-07-25,56.72999954223633,56.72999954223633,55.75,56.04999923706055,9000,0,0
2018-07-26,56.209999084472656,57.279998779296875,55.81999969482422,57.279998779296875,4100,0,0
2018-07-27,57.31999969482422,57.31999969482422,55.65999984741211,55.65999984741211,8100,0,0
2018-07-30,55.849998474121094,56.810001373291016,55.7400016784668,56.04999923706055,8700,0,0
2018-07-31,55.59000015258789,55.849998474121094,55.040000915527344,55.349998474121094,11700,0,0
2018-08-01,55.380001068115234,55.400001525878906,54.560001373291016,55.130001068115234,7700,0,0
2018-08-02,54.90999984741211,55.61000061035156,54.90999984741211,55.599998474121094,5300,0,0
2018-08-03,55.529998779296875,56.529998779296875,54.630001068115234,54.689998626708984,10800,0,0
2018-08-06,54.599998474121094,55.529998779296875,54.599998474121094,54.93000030517578,3500,0,0
2018-08-07,54.959999084472656,55.650001525878906,54.959999084472656,55.650001525878906,4200,0,0
2018-08-08,55.400001525878906,55.529998779296875,55.15999984741211,55.369998931884766,9400,0,0
2018-08-09,55.349998474121094,55.529998779296875,54.970001220703125,55.36000061035156,3300,0,0
2018-08-10,54.970001220703125,55.189998626708984,54.79999923706055,54.91999816894531,2500,0,0
2018-08-13,55.11000061035156,55.27000045776367,54.52000045776367,54.52000045776367,4200,0,0
2018-08-14,54.970001220703125,55.5099983215332,54.5,55.5099983215332,6100,0,0
2018-08-15,55.369998931884766,55.369998931884766,54.61000061035156,54.9900016784668,4400,0,0
2018-08-16,55.02000045776367,55.970001220703125,54.75,54.91999816894531,18200,0,0
2018-08-17,54.61000061035156,55.7400016784668,54.61000061035156,55.619998931884766,9900,0,0
2018-08-20,55.77000045776367,55.77000045776367,54.900001525878906,55.25,4700,0,0
2018-08-21,55.439998626708984,55.81999969482422,54.61000061035156,55.79999923706055,8800,0,0
2018-08-22,55.70000076293945,55.70000076293945,54.810001373291016,55.369998931884766,6600,0,0
2018-08-23,55.29999923706055,55.790000915527344,54.709999084472656,55.47999954223633,5200,0,0
2018-08-24,55.40999984741211,55.75,54.869998931884766,55.75,7000,0,0
2018-08-27,56.0,56.0,55.25,55.25,9200,0,0
2018-08-28,55.34000015258789,55.95000076293945,55.060001373291016,55.27000045776367,10100,0,0
2018-08-29,55.529998779296875,55.529998779296875,55.0,55.15999984741211,3400,0,0
2018-08-30,55.02000045776367,55.38999938964844,55.0099983215332,55.31999969482422,5900,0,0
2018-08-31,55.33000183105469,55.529998779296875,55.220001220703125,55.36000061035156,4600,0,0
2018-09-04,55.20000076293945,55.619998931884766,55.02000045776367,55.130001068115234,6700,0,0
2018-09-05,55.08000183105469,55.119998931884766,54.709999084472656,54.9900016784668,10900,0,0
2018-09-06,55.20000076293945,55.36000061035156,54.7400016784668,55.150001525878906,8000,0,0
2018-09-07,55.310001373291016,55.310001373291016,54.7599983215332,55.25,29700,0,0
2018-09-10,55.470001220703125,55.5,55.040000915527344,55.220001220703125,8800,0,0
2018-09-11,54.75,55.349998474121094,54.75,55.0,16400,0,0
2018-09-12,54.9900016784668,55.150001525878906,54.5,54.5,10900,0,0
2018-09-13,54.970001220703125,54.970001220703125,53.540000915527344,53.849998474121094,16300,0,0
2018-09-14,53.7599983215332,55.0,51.220001220703125,53.58000183105469,70500,0,0
2018-09-17,53.619998931884766,55.22999954223633,52.290000915527344,53.060001373291016,26100,0,0
2018-09-18,53.040000915527344,55.36000061035156,53.040000915527344,55.11000061035156,10600,0,0
2018-09-19,55.060001373291016,55.5,54.650001525878906,54.880001068115234,17900,0,0
2018-09-20,55.150001525878906,55.72999954223633,55.060001373291016,55.45000076293945,17600,0,0
2018-09-21,55.41999816894531,55.5,54.61000061035156,54.779998779296875,38600,0,0
2018-09-24,54.45000076293945,55.400001525878906,53.54999923706055,54.11000061035156,26400,0,0
2018-09-25,54.20000076293945,55.459999084472656,53.36000061035156,54.13999938964844,8200,0,0
2018-09-26,54.0,54.5,53.2400016784668,53.72999954223633,14500,0,0
2018-09-27,53.900001525878906,54.849998474121094,53.18000030517578,54.130001068115234,16500,0,0
2018-09-28,54.0,54.59000015258789,53.83000183105469,54.5099983215332,54700,0,0
2018-10-01,54.15999984741211,54.560001373291016,53.47999954223633,53.880001068115234,23200,0,0
2018-10-02,53.79999923706055,54.84000015258789,53.220001220703125,54.099998474121094,11700,0,0
2018-10-03,54.33000183105469,54.900001525878906,54.08000183105469,54.79999923706055,16700,0,0
2018-10-04,54.810001373291016,54.810001373291016,54.439998626708984,54.52000045776367,10000,0,0
2018-10-05,54.79999923706055,54.79999923706055,54.15999984741211,54.15999984741211,8600,0,0
2018-10-08,54.209999084472656,54.63999938964844,53.81999969482422,54.22999954223633,18900,0,0
2018-10-09,54.20000076293945,54.68000030517578,53.40999984741211,53.560001373291016,17100,0,0
2018-10-10,53.560001373291016,54.709999084472656,53.560001373291016,54.40999984741211,14000,0,0
2018-10-11,54.22999954223633,54.5,52.630001068115234,52.630001068115234,14300,0,0
2018-10-12,53.189998626708984,53.869998931884766,51.5099983215332,51.75,19700,0,0
2018-10-15,51.849998474121094,51.849998474121094,49.02000045776367,50.099998474121094,27600,0,0
2018-10-16,50.209999084472656,53.560001373291016,50.209999084472656,53.470001220703125,30200,0,0
2018-10-17,53.95000076293945,55.75,53.91999816894531,54.880001068115234,47800,0,0
2018-10-18,54.970001220703125,55.0,53.86000061035156,54.380001068115234,7900,0,0
2018-10-19,54.2599983215332,54.2599983215332,51.52000045776367,51.59000015258789,7800,0,0
2018-10-22,51.900001525878906,52.59000015258789,51.68000030517578,51.88999938964844,11200,0,0
2018-10-23,51.47999954223633,52.560001373291016,49.880001068115234,52.560001373291016,3900,0,0
2018-10-24,52.5,54.41999816894531,50.54999923706055,51.189998626708984,14700,0,0
2018-10-25,51.4900016784668,53.20000076293945,51.0,53.20000076293945,15900,0,0
2018-10-26,53.0,53.849998474121094,52.790000915527344,53.439998626708984,12700,0,0
2018-10-29,53.91999816894531,53.91999816894531,52.5,52.900001525878906,12000,0,0
2018-10-30,52.869998931884766,53.41999816894531,52.5,53.0099983215332,10600,0,0
2018-10-31,53.45000076293945,54.220001220703125,52.79999923706055,53.400001525878906,13000,0,0
2018-11-01,53.470001220703125,54.0,53.0,53.400001525878906,5200,0,0
2018-11-02,53.38999938964844,54.119998931884766,52.29999923706055,53.779998779296875,11500,0,0
2018-11-05,53.86000061035156,53.93000030517578,52.970001220703125,53.720001220703125,4100,0,0
2018-11-06,53.400001525878906,53.400001525878906,53.38999938964844,53.38999938964844,1600,0,0
2018-11-07,52.5099983215332,53.88999938964844,52.439998626708984,53.88999938964844,7500,0,0
2018-11-08,53.619998931884766,53.619998931884766,52.400001525878906,53.33000183105469,6200,0,0
2018-11-09,53.2400016784668,53.2599983215332,52.75,52.75,5900,0,0
2018-11-12,52.810001373291016,52.810001373291016,51.54999923706055,52.470001220703125,3300,0,0
2018-11-13,52.560001373291016,52.97999954223633,52.349998474121094,52.97999954223633,1600,0,0
2018-11-14,53.22999954223633,53.4900016784668,51.529998779296875,51.79999923706055,9100,0,0
2018-11-15,51.5099983215332,53.36000061035156,51.029998779296875,53.36000061035156,7600,0,0
2018-11-16,52.84000015258789,53.650001525878906,52.75,52.83000183105469,7000,0,0
2018-11-19,52.66999816894531,53.0,51.779998779296875,52.689998626708984,8300,0,0
2018-11-20,52.5,53.29999923706055,52.5,52.7599983215332,5400,0,0
2018-11-21,53.08000183105469,53.08000183105469,51.779998779296875,52.61000061035156,7000,0,0
2018-11-23,52.619998931884766,53.25,52.619998931884766,53.25,2600,0,0
2018-11-26,53.560001373291016,53.560001373291016,52.560001373291016,52.560001373291016,6500,0,0
2018-11-27,52.439998626708984,52.5099983215332,51.060001373291016,51.2599983215332,9300,0,0
2018-11-28,50.810001373291016,52.29999923706055,50.709999084472656,52.150001525878906,11400,0,0
2018-11-29,51.54999923706055,51.86000061035156,50.560001373291016,51.27000045776367,12000,0,0
2018-11-30,51.70000076293945,52.34000015258789,51.36000061035156,51.95000076293945,15800,0,0
2018-12-03,52.0,52.0,51.5099983215332,51.790000915527344,5000,0,0
2018-12-04,51.72999954223633,51.72999954223633,49.880001068115234,50.38999938964844,12800,0,0
2018-12-06,49.7599983215332,50.20000076293945,48.439998626708984,50.16999816894531,16300,0,0
2018-12-07,50.02000045776367,51.970001220703125,50.02000045776367,51.4900016784668,21900,0,0
2018-12-10,50.9900016784668,51.72999954223633,50.310001373291016,51.4900016784668,8100,0,0
2018-12-11,51.66999816894531,51.66999816894531,50.400001525878906,50.45000076293945,4500,0,0
2018-12-12,50.810001373291016,52.0,49.0,51.54999923706055,12300,0,0
2018-12-13,51.630001068115234,52.0,50.220001220703125,51.060001373291016,13200,0,0
2018-12-14,50.310001373291016,50.91999816894531,49.61000061035156,50.209999084472656,10200,0,0
2018-12-17,51.099998474121094,51.099998474121094,46.54999923706055,47.099998474121094,20300,0,0
2018-12-18,47.27000045776367,49.22999954223633,46.02000045776367,48.2400016784668,20800,0,0
2018-12-19,48.58000183105469,49.720001220703125,46.349998474121094,46.349998474121094,13300,0,0
2018-12-20,46.41999816894531,48.7400016784668,46.310001373291016,47.849998474121094,16400,0,0
2018-12-21,47.88999938964844,48.63999938964844,46.45000076293945,48.459999084472656,42900,0,0
2018-12-24,48.209999084472656,48.470001220703125,47.08000183105469,47.08000183105469,6900,0,0
2018-12-26,47.63999938964844,49.369998931884766,47.63999938964844,48.61000061035156,16600,0,0
2018-12-27,48.06999969482422,48.36000061035156,46.93000030517578,47.56999969482422,7800,0,0
2018-12-28,47.209999084472656,49.400001525878906,47.11000061035156,47.650001525878906,15100,0,0
2018-12-31,47.79999923706055,49.40999984741211,47.79999923706055,48.79999923706055,7000,0,0
2019-01-02,48.29999923706055,49.93000030517578,48.29999923706055,49.689998626708984,15200,0,0
2019-01-03,49.33000183105469,51.630001068115234,49.33000183105469,50.619998931884766,13900,0,0
2019-01-04,51.189998626708984,51.5,49.9900016784668,50.95000076293945,23300,0,0
2019-01-07,50.599998474121094,51.93000030517578,50.06999969482422,51.70000076293945,22200,0,0
2019-01-08,51.9900016784668,53.0,50.959999084472656,52.900001525878906,19100,0,0
2019-01-09,52.150001525878906,52.900001525878906,51.11000061035156,52.02000045776367,10900,0,0
2019-01-10,51.119998931884766,52.47999954223633,51.119998931884766,51.400001525878906,9400,0,0
2019-01-11,51.0,52.38999938964844,50.279998779296875,51.959999084472656,12200,0,0
2019-01-14,51.709999084472656,52.349998474121094,49.31999969482422,49.5,10300,0,0
2019-01-15,49.7599983215332,51.400001525878906,49.7599983215332,51.400001525878906,8800,0,0
2019-01-16,51.599998474121094,52.970001220703125,50.5,52.0099983215332,10100,0,0
2019-01-17,51.91999816894531,54.97999954223633,51.91999816894531,54.97999954223633,16700,0,0
2019-01-18,55.0099983215332,55.349998474121094,53.97999954223633,54.4900016784668,13700,0,0
2019-01-22,54.36000061035156,54.970001220703125,53.38999938964844,53.83000183105469,8500,0,0
2019-01-23,54.060001373291016,54.060001373291016,52.79999923706055,53.279998779296875,7200,0,0
2019-01-24,53.02000045776367,53.790000915527344,52.5,53.709999084472656,25500,0,0
2019-01-25,54.04999923706055,54.93000030517578,53.849998474121094,54.7599983215332,15400,0,0
2019-01-28,54.61000061035156,54.97999954223633,54.119998931884766,54.630001068115234,12100,0,0
2019-01-29,54.7400016784668,54.880001068115234,54.20000076293945,54.25,15300,0,0
2019-01-30,54.2599983215332,55.38999938964844,54.20000076293945,55.0,17600,0,0
2019-01-31,54.97999954223633,54.97999954223633,54.400001525878906,54.689998626708984,13800,0,0
2019-02-01,54.540000915527344,55.83000183105469,54.540000915527344,55.599998474121094,23000,0,0
2019-02-04,55.0,55.529998779296875,53.77000045776367,55.29999923706055,18500,0,0
2019-02-05,55.58000183105469,56.0,54.61000061035156,55.18000030517578,14400,0,0
2019-02-06,55.54999923706055,55.79999923706055,54.709999084472656,54.90999984741211,19800,0,0
2019-02-07,54.75,56.0,54.75,55.58000183105469,18500,0,0
2019-02-08,55.54999923706055,57.41999816894531,55.54999923706055,57.18000030517578,16800,0,0
2019-02-11,57.349998474121094,58.0,56.65999984741211,57.45000076293945,18800,0,0
2019-02-12,57.529998779296875,57.529998779296875,57.220001220703125,57.400001525878906,4100,0,0
2019-02-13,57.45000076293945,57.45000076293945,56.709999084472656,57.06999969482422,6800,0,0
2019-02-14,56.65999984741211,57.0,55.970001220703125,56.16999816894531,10100,0,0
2019-02-15,56.41999816894531,57.95000076293945,56.349998474121094,56.869998931884766,29000,0,0
2019-02-19,56.58000183105469,57.16999816894531,56.529998779296875,56.97999954223633,16600,0,0
2019-02-20,57.0,57.349998474121094,56.619998931884766,56.810001373291016,17100,0,0
2019-02-21,56.849998474121094,57.27000045776367,56.560001373291016,57.18000030517578,10400,0,0
2019-02-22,57.279998779296875,57.279998779296875,56.77000045776367,57.0,11400,0,0
2019-02-25,56.709999084472656,57.02000045776367,56.4900016784668,56.56999969482422,18000,0,0
2019-02-26,56.56999969482422,57.15999984741211,55.380001068115234,57.060001373291016,12100,0,0
2019-02-27,56.810001373291016,57.0099983215332,56.65999984741211,56.72999954223633,6900,0,0
2019-02-28,56.599998474121094,57.459999084472656,56.599998474121094,57.41999816894531,17700,0,0
2019-03-01,57.5,57.939998626708984,56.529998779296875,57.84000015258789,19300,0,0
2019-03-04,57.61000061035156,57.61000061035156,57.13999938964844,57.43000030517578,13100,0,0
2019-03-05,57.11000061035156,57.689998626708984,56.65999984741211,57.2400016784668,11600,0,0
2019-03-06,56.7599983215332,57.08000183105469,56.540000915527344,56.61000061035156,27000,0,0
2019-03-07,56.61000061035156,57.029998779296875,56.599998474121094,56.70000076293945,13300,0,0
2019-03-08,56.43000030517578,57.119998931884766,56.0,56.68000030517578,14600,0,0
2019-03-11,57.61000061035156,58.25,56.810001373291016,57.88999938964844,21700,0,0
2019-03-12,57.88999938964844,58.06999969482422,56.849998474121094,57.599998474121094,12700,0,0
2019-03-13,57.33000183105469,58.25,57.18000030517578,58.189998626708984,23100,0,0
2019-03-14,58.06999969482422,58.34000015258789,57.84000015258789,57.86000061035156,17500,0,0
2019-03-15,58.029998779296875,58.5,57.599998474121094,57.79999923706055,76000,0,0
2019-03-18,58.029998779296875,58.369998931884766,57.5099983215332,58.18000030517578,13500,0,0
2019-03-19,58.11000061035156,58.18000030517578,57.619998931884766,58.0099983215332,16900,0,0
2019-03-20,58.0,58.13999938964844,57.16999816894531,57.16999816894531,14600,0,0
2019-03-21,56.790000915527344,57.209999084472656,56.45000076293945,56.689998626708984,11400,0,0
2019-03-22,56.33000183105469,56.5,55.349998474121094,55.54999923706055,39400,0,0
2019-03-25,55.2599983215332,56.66999816894531,54.5099983215332,56.66999816894531,17900,0,0
2019-03-26,56.900001525878906,59.79999923706055,56.900001525878906,59.209999084472656,23200,0,0
2019-03-27,59.560001373291016,59.9900016784668,57.59000015258789,58.790000915527344,25400,0,0
2019-03-28,58.970001220703125,58.970001220703125,58.029998779296875,58.849998474121094,13500,0,0
2019-03-29,58.369998931884766,60.349998474121094,57.84000015258789,59.599998474121094,67300,0,0
2019-04-01,59.54999923706055,60.720001220703125,58.869998931884766,60.27000045776367,37600,0,0
2019-04-02,60.25,61.52000045776367,59.83000183105469,60.0,60900,0,0
2019-04-03,60.290000915527344,60.5,59.099998474121094,59.709999084472656,19000,0,0
2019-04-04,59.720001220703125,60.2400016784668,59.56999969482422,60.09000015258789,10700,0,0
2019-04-05,59.97999954223633,60.5,59.689998626708984,60.5,10700,0,0
2019-04-08,60.47999954223633,60.47999954223633,59.2400016784668,59.70000076293945,29300,0,0
2019-04-09,58.439998626708984,59.790000915527344,58.439998626708984,58.83000183105469,15200,0,0
2019-04-10,58.70000076293945,59.52000045776367,58.22999954223633,59.52000045776367,25200,0,0
2019-04-11,59.5,59.900001525878906,58.81999969482422,58.91999816894531,22800,0,0
2019-04-12,59.27000045776367,59.61000061035156,58.52000045776367,58.91999816894531,10700,0,0
2019-04-15,58.869998931884766,59.529998779296875,57.849998474121094,59.310001373291016,21900,0,0
2019-04-16,59.4900016784668,59.70000076293945,57.2599983215332,57.2599983215332,24400,0,0
2019-04-17,57.25,59.97999954223633,56.9900016784668,59.279998779296875,16000,0,0
2019-04-18,59.04999923706055,60.939998626708984,57.709999084472656,60.459999084472656,36100,0,0
2019-04-22,60.470001220703125,60.7400016784668,59.06999969482422,59.29999923706055,17100,0,0
2019-04-23,59.59000015258789,62.0,59.349998474121094,60.7400016784668,33700,0,0
2019-04-24,60.90999984741211,60.90999984741211,59.47999954223633,60.279998779296875,28700,0,0
2019-04-25,60.5,61.0,59.90999984741211,61.0,18700,0,0
2019-04-26,61.22999954223633,61.4900016784668,60.720001220703125,61.4900016784668,10400,0,0
2019-04-29,62.2400016784668,63.369998931884766,61.63999938964844,62.060001373291016,56100,0,0
2019-04-30,62.0,62.0,60.689998626708984,61.04999923706055,24800,0,0
2019-05-01,61.29999923706055,61.880001068115234,60.43000030517578,61.0,18800,0,0
2019-05-02,60.900001525878906,61.77000045776367,60.380001068115234,60.70000076293945,18700,0,0
2019-05-03,61.06999969482422,61.77000045776367,60.5,61.400001525878906,36600,0,0
2019-05-06,59.56999969482422,60.779998779296875,56.91999816894531,60.31999969482422,43800,0,0
2019-05-07,59.869998931884766,62.189998626708984,59.79999923706055,61.54999923706055,32200,0,0
2019-05-08,61.439998626708984,61.61000061035156,60.029998779296875,60.06999969482422,26300,0,0
2019-05-09,59.84000015258789,61.7400016784668,59.84000015258789,61.65999984741211,14500,0,0
2019-05-10,61.54999923706055,61.54999923706055,59.66999816894531,60.11000061035156,12800,0,0
2019-05-13,59.5,60.060001373291016,59.189998626708984,59.400001525878906,16400,0,0
2019-05-14,59.08000183105469,61.630001068115234,58.040000915527344,60.79999923706055,32900,0,0
2019-05-15,60.439998626708984,60.77000045776367,60.209999084472656,60.33000183105469,9500,0,0
2019-05-16,60.560001373291016,61.650001525878906,60.5,60.95000076293945,16200,0,0
2019-05-17,60.56999969482422,61.939998626708984,60.560001373291016,61.0,22200,0,0
2019-05-20,60.66999816894531,61.43000030517578,60.5099983215332,61.31999969482422,15000,0,0
2019-05-21,61.0,61.08000183105469,60.52000045776367,60.70000076293945,12100,0,0
2019-05-22,61.099998474121094,61.099998474121094,60.290000915527344,60.849998474121094,20800,0,0
2019-05-23,60.43000030517578,60.43000030517578,58.93000030517578,58.939998626708984,29400,0,0
2019-05-24,59.099998474121094,60.279998779296875,58.869998931884766,59.95000076293945,15900,0,0
2019-05-28,59.709999084472656,60.36000061035156,59.4900016784668,60.0099983215332,19600,0,0
2019-05-29,59.560001373291016,60.529998779296875,59.25,59.25,16600,0,0
2019-05-30,59.349998474121094,59.810001373291016,59.0,59.810001373291016,16800,0,0
2019-05-31,59.310001373291016,59.68000030517578,58.400001525878906,58.4900016784668,19900,0,0
2019-06-03,58.58000183105469,58.93000030517578,57.7400016784668,58.65999984741211,21700,0,0
2019-06-04,58.81999969482422,60.68000030517578,58.81999969482422,60.65999984741211,29300,0,0
2019-06-05,60.5,60.79999923706055,59.900001525878906,59.90999984741211,25600,0,0
2019-06-06,60.04999923706055,61.0,59.59000015258789,59.88999938964844,26100,0,0
2019-06-07,59.77000045776367,60.13999938964844,59.56999969482422,59.63999938964844,18200,0,0
2019-06-10,59.84000015258789,60.880001068115234,58.58000183105469,60.689998626708984,15100,0,0
2019-06-11,60.83000183105469,61.5,60.04999923706055,61.130001068115234,25300,0,0
2019-06-12,61.04999923706055,61.439998626708984,60.34000015258789,61.06999969482422,21200,0,0
2019-06-13,61.380001068115234,62.38999938964844,61.349998474121094,61.599998474121094,25600,0,0
2019-06-14,61.599998474121094,62.5,61.27000045776367,61.810001373291016,22300,0,0
2019-06-17,61.75,62.04999923706055,61.0099983215332,61.400001525878906,23500,0,0
2019-06-18,61.45000076293945,62.25,61.290000915527344,61.959999084472656,23000,0,0
2019-06-19,62.0,62.0,61.56999969482422,61.7599983215332,17100,0,0
2019-06-20,62.0,62.0099983215332,61.380001068115234,61.619998931884766,25700,0,0
2019-06-21,61.45000076293945,62.029998779296875,60.63999938964844,60.93000030517578,62500,0,0
2019-06-24,61.06999969482422,61.77000045776367,60.599998474121094,61.369998931884766,24200,0,0
2019-06-25,61.4900016784668,62.25,61.38999938964844,61.84000015258789,36500,0,0
2019-06-26,61.88999938964844,62.0,60.369998931884766,61.130001068115234,25900,0,0
2019-06-27,61.369998931884766,62.400001525878906,60.0,62.400001525878906,76900,0,0
2019-06-28,62.5,63.189998626708984,62.060001373291016,62.060001373291016,116400,0,0
2019-07-01,62.310001373291016,63.70000076293945,62.0,63.27000045776367,29900,0,0
2019-07-02,63.25,63.25,61.75,62.599998474121094,41000,0,0
2019-07-03,62.63999938964844,63.439998626708984,62.63999938964844,63.16999816894531,15100,0,0
2019-07-05,63.02000045776367,63.61000061035156,62.849998474121094,63.560001373291016,22600,0,0
2019-07-08,63.02000045776367,63.5099983215332,62.5,63.06999969482422,41600,0,0
2019-07-09,62.95000076293945,63.5099983215332,62.720001220703125,63.25,37100,0,0
2019-07-10,63.20000076293945,63.79999923706055,62.45000076293945,62.849998474121094,44700,0,0
2019-07-11,62.689998626708984,63.22999954223633,62.400001525878906,62.900001525878906,86900,0,0
2019-07-12,62.779998779296875,63.33000183105469,62.779998779296875,63.33000183105469,39200,0,0
2019-07-15,63.16999816894531,63.20000076293945,62.33000183105469,62.810001373291016,33300,0,0
2019-07-16,62.47999954223633,62.84000015258789,62.47999954223633,62.84000015258789,19800,0,0
2019-07-17,63.83000183105469,63.939998626708984,57.150001525878906,63.47999954223633,66000,0,0
2019-07-18,63.349998474121094,63.75,63.2599983215332,63.63999938964844,24300,0,0
2019-07-19,63.5099983215332,63.9900016784668,63.25,63.25,39800,0,0
2019-07-22,63.25,63.779998779296875,63.0,63.290000915527344,45900,0,0
2019-07-23,63.68000030517578,63.79999923706055,63.18000030517578,63.52000045776367,18300,0,0
2019-07-24,63.25,65.0999984741211,63.25,65.08999633789062,34400,0,0
2019-07-25,64.73999786376953,65.1500015258789,64.2300033569336,64.48999786376953,12900,0,0
2019-07-26,64.55000305175781,65.9000015258789,64.55000305175781,65.4800033569336,23000,0,0
2019-07-29,65.55000305175781,65.93000030517578,64.44999694824219,64.5199966430664,20800,0,0
2019-07-30,64.48999786376953,66.16000366210938,64.44000244140625,66.0199966430664,27900,0,0
2019-07-31,66.08999633789062,67.05999755859375,65.69999694824219,65.70999908447266,27600,0,0
2019-08-01,65.79000091552734,66.45999908447266,64.33000183105469,64.61000061035156,33600,0,0
2019-08-02,64.20999908447266,64.4000015258789,63.22999954223633,63.90999984741211,18900,0,0
2019-08-05,62.619998931884766,63.119998931884766,61.93000030517578,62.83000183105469,28500,0,0
2019-08-06,62.709999084472656,64.30999755859375,62.20000076293945,63.31999969482422,18000,0,0
2019-08-07,62.5099983215332,63.15999984741211,61.220001220703125,62.5099983215332,16200,0,0
2019-08-08,63.040000915527344,63.90999984741211,62.90999984741211,63.13999938964844,16500,0,0
2019-08-09,63.25,63.91999816894531,62.93000030517578,63.099998474121094,10400,0,0
2019-08-12,62.86000061035156,63.0099983215332,61.619998931884766,62.91999816894531,10500,0,0
2019-08-13,62.900001525878906,63.599998474121094,62.15999984741211,63.150001525878906,14100,0,0
2019-08-14,62.45000076293945,63.189998626708984,61.459999084472656,61.95000076293945,29400,0,0
2019-08-15,62.310001373291016,62.7400016784668,62.18000030517578,62.63999938964844,21600,0,0
2019-08-16,62.97999954223633,63.900001525878906,62.97999954223633,63.900001525878906,32900,0,0
2019-08-19,63.86000061035156,64.19000244140625,63.77000045776367,64.0199966430664,28700,0,0
2019-08-20,63.81999969482422,64.22000122070312,63.400001525878906,63.5,14500,0,0
2019-08-21,63.88999938964844,63.88999938964844,63.29999923706055,63.40999984741211,18200,0,0
2019-08-22,63.59000015258789,63.93000030517578,63.25,63.40999984741211,10400,0,0
2019-08-23,62.7400016784668,64.0,61.5099983215332,61.970001220703125,22100,0,0
2019-08-26,62.290000915527344,63.90999984741211,61.5099983215332,62.97999954223633,31700,0,0
2019-08-27,63.25,63.45000076293945,61.900001525878906,62.65999984741211,30200,0,0
2019-08-28,62.70000076293945,64.2300033569336,62.0099983215332,63.0,24800,0,0
2019-08-29,63.38999938964844,64.93000030517578,62.5099983215332,63.79999923706055,45300,0,0
2019-08-30,63.939998626708984,63.939998626708984,62.7599983215332,63.380001068115234,18800,0,0
2019-09-03,63.040000915527344,63.209999084472656,62.54999923706055,62.900001525878906,27900,0,0
2019-09-04,63.119998931884766,64.0,62.720001220703125,63.119998931884766,22200,0,0
2019-09-05,63.310001373291016,64.88999938964844,63.220001220703125,64.2300033569336,21200,0,0
2019-09-06,64.58000183105469,64.61000061035156,63.33000183105469,63.369998931884766,15500,0,0
2019-09-09,63.779998779296875,66.37999725341797,63.5,66.36000061035156,43700,0,0
2019-09-10,66.37000274658203,67.83000183105469,66.25,66.75,41000,0,0
2019-09-11,66.87000274658203,68.2300033569336,66.11000061035156,68.22000122070312,28000,0,0
2019-09-12,67.91000366210938,69.11000061035156,67.43000030517578,68.13999938964844,36600,0,0
2019-09-13,68.16000366210938,68.97000122070312,67.6500015258789,67.98999786376953,25100,0,0
2019-09-16,67.72000122070312,69.81999969482422,67.61000061035156,68.86000061035156,17700,0,0
2019-09-17,68.5999984741211,68.77999877929688,67.8499984741211,68.16000366210938,20000,0,0
2019-09-18,68.23999786376953,69.36000061035156,67.29000091552734,68.36000061035156,27700,0,0
2019-09-19,68.5,69.63999938964844,67.41000366210938,68.0199966430664,17600,0,0
2019-09-20,68.0,69.4800033569336,67.87999725341797,68.41000366210938,66200,0,0
2019-09-23,67.93000030517578,68.62000274658203,67.54000091552734,68.55999755859375,21400,0,0
2019-09-24,68.58999633789062,69.12999725341797,65.5,66.55000305175781,28200,0,0
2019-09-25,66.30999755859375,68.95999908447266,66.30999755859375,68.7699966430664,18800,0,0
2019-09-26,68.55999755859375,68.55999755859375,66.6500015258789,66.95999908447266,18300,0,0
2019-09-27,67.01000213623047,67.41000366210938,66.54000091552734,66.70999908447266,8700,0,0
2019-09-30,66.86000061035156,67.55000305175781,66.52999877929688,66.56999969482422,18000,0,0
2019-10-01,66.98999786376953,66.98999786376953,65.11000061035156,65.2699966430664,22700,0,0
2019-10-02,65.11000061035156,65.31999969482422,64.3499984741211,65.25,15700,0,0
2019-10-03,64.91999816894531,65.1500015258789,64.04000091552734,64.62000274658203,19900,0,0
2019-10-04,64.79000091552734,66.6500015258789,64.79000091552734,65.77999877929688,40500,0,0
2019-10-07,65.43000030517578,66.48999786376953,65.43000030517578,66.33000183105469,16600,0,0
2019-10-08,65.8499984741211,65.8499984741211,63.97999954223633,65.68000030517578,19300,0,0
2019-10-09,65.69999694824219,66.4800033569336,64.56999969482422,65.5,44400,0,0
2019-10-10,65.20999908447266,66.23999786376953,64.77999877929688,65.16999816894531,23700,0,0
2019-10-11,65.66000366210938,66.5199966430664,65.05000305175781,65.94000244140625,25600,0,0
2019-10-14,65.83999633789062,65.83999633789062,65.06999969482422,65.73999786376953,13000,0,0
2019-10-15,65.69999694824219,67.2300033569336,65.25,66.70999908447266,21700,0,0
2019-10-16,67.75,69.1500015258789,67.75,68.55999755859375,26100,0,0
2019-10-17,68.6500015258789,69.04000091552734,68.08999633789062,68.75,15900,0,0
2019-10-18,68.16999816894531,68.88999938964844,68.08000183105469,68.52999877929688,34000,0,0
2019-10-21,68.75,70.19000244140625,68.75,69.66000366210938,19200,0,0
2019-10-22,69.83999633789062,70.0,68.9800033569336,69.54000091552734,21100,0,0
2019-10-23,69.58000183105469,69.66999816894531,69.23999786376953,69.5999984741211,7300,0,0
2019-10-24,69.79000091552734,69.80000305175781,68.93000030517578,69.47000122070312,17700,0,0
2019-10-25,69.44999694824219,69.80000305175781,68.66999816894531,69.47000122070312,5900,0,0
2019-10-28,69.2699966430664,69.80000305175781,68.27999877929688,68.94999694824219,19100,0,0
2019-10-29,69.0199966430664,69.76000213623047,68.45999908447266,69.20999908447266,17900,0,0
2019-10-30,69.30000305175781,69.52999877929688,67.01000213623047,69.11000061035156,13500,0,0
2019-10-31,68.7300033569336,69.1500015258789,67.62999725341797,68.9800033569336,19300,0,0
2019-11-01,69.0999984741211,69.75,69.05999755859375,69.33000183105469,10800,0,0
2019-11-04,69.72000122070312,69.98999786376953,69.20999908447266,69.69000244140625,19000,0,0
2019-11-05,69.72000122070312,70.38999938964844,69.44999694824219,70.16000366210938,14400,0,0
2019-11-06,69.93000030517578,70.13999938964844,69.11000061035156,69.75,13400,0,0
2019-11-07,70.19000244140625,70.51000213623047,69.94000244140625,70.19000244140625,20700,0,0
2019-11-08,69.9000015258789,70.5,69.5999984741211,70.19000244140625,17900,0,0
2019-11-11,69.70999908447266,70.48999786376953,69.4800033569336,69.88999938964844,18200,0,0
2019-11-12,69.95999908447266,70.12999725341797,68.91000366210938,70.02999877929688,18300,0,0
2019-11-13,69.72000122070312,70.26000213623047,69.18000030517578,69.80000305175781,18000,0,0
2019-11-14,69.77999877929688,70.04000091552734,69.2300033569336,69.5999984741211,24400,0,0
2019-11-15,69.79000091552734,70.69000244140625,69.5999984741211,70.44999694824219,31400,0,0
2019-11-18,70.26000213623047,71.41000366210938,70.08000183105469,70.5,26200,0,0
2019-11-19,70.7699966430664,71.91000366210938,70.4000015258789,70.95999908447266,22800,0,0
2019-11-20,70.62000274658203,71.19999694824219,70.3499984741211,70.37000274658203,29100,0,0
2019-11-21,70.4800033569336,70.95999908447266,70.0,70.38999938964844,28200,0,0
2019-11-22,70.5,70.94000244140625,70.08000183105469,70.76000213623047,17400,0,0
2019-11-25,70.94000244140625,72.48999786376953,70.38999938964844,72.25,38200,0,0
2019-11-26,72.01000213623047,73.5,71.95999908447266,72.83999633789062,42900,0,0
2019-11-27,73.05999755859375,73.62000274658203,72.11000061035156,72.61000061035156,24200,0,0
2019-11-29,72.55000305175781,73.37999725341797,71.91000366210938,72.45999908447266,74300,0,0
2019-12-02,72.08999633789062,72.79000091552734,70.37000274658203,71.19999694824219,30900,0,0
2019-12-03,70.73999786376953,71.1500015258789,70.16999816894531,70.69999694824219,30600,0,0
2019-12-04,70.9800033569336,70.9800033569336,70.12999725341797,70.61000061035156,31100,0,0
2019-12-05,70.7699966430664,73.69999694824219,70.7699966430664,73.22000122070312,72300,0,0
2019-12-06,73.69999694824219,74.66999816894531,73.55000305175781,74.37000274658203,44900,0,0
2019-12-09,74.19999694824219,75.0,73.25,73.91999816894531,34200,0,0
2019-12-10,73.66000366210938,74.31999969482422,73.08000183105469,73.44000244140625,26700,0,0
2019-12-11,73.62999725341797,73.62999725341797,72.44999694824219,73.26000213623047,30400,0,0
2019-12-12,73.26000213623047,74.87000274658203,72.6500015258789,74.19999694824219,27500,0,0
2019-12-13,74.22000122070312,74.62000274658203,72.95999908447266,74.0999984741211,26100,0,0
2019-12-16,74.27999877929688,74.87999725341797,73.73999786376953,74.4000015258789,54600,0,0
2019-12-17,74.22000122070312,74.97000122070312,73.94999694824219,74.44000244140625,53100,0,0
2019-12-18,74.48999786376953,74.91000366210938,74.19999694824219,74.75,37100,0,0
2019-12-19,74.5999984741211,75.0,74.16999816894531,74.94000244140625,50600,0,0
2019-12-20,75.0,75.80999755859375,74.22000122070312,75.08999633789062,218300,0,0
2019-12-23,75.12999725341797,75.98999786376953,73.55999755859375,74.30000305175781,32600,0,0
2019-12-24,74.05000305175781,74.43000030517578,73.36000061035156,73.61000061035156,30100,0,0
2019-12-26,73.61000061035156,74.33999633789062,73.36000061035156,73.73999786376953,13400,0,0
2019-12-27,73.83999633789062,74.97000122070312,73.36000061035156,74.63999938964844,57800,0,0
2019-12-30,74.80000305175781,75.0,73.77999877929688,74.29000091552734,31800,0,0
2019-12-31,74.13999938964844,74.61000061035156,73.66999816894531,73.8499984741211,30800,0,0
2020-01-02,74.0999984741211,74.0999984741211,72.4800033569336,73.5199966430664,31900,0,0
2020-01-03,72.7699966430664,73.19000244140625,71.11000061035156,71.87999725341797,47300,0,0
2020-01-06,71.9800033569336,73.36000061035156,71.16000366210938,73.19999694824219,40500,0,0
2020-01-07,73.05000305175781,73.05000305175781,72.0,72.0,28600,0,0
2020-01-08,72.02999877929688,72.72000122070312,71.51000213623047,72.2300033569336,14300,0,0
2020-01-09,72.2300033569336,72.83000183105469,71.76000213623047,71.94000244140625,21000,0,0
2020-01-10,71.9800033569336,72.25,71.26000213623047,71.94000244140625,24800,0,0
2020-01-13,71.86000061035156,72.66000366210938,71.2699966430664,72.45999908447266,22700,0,0
2020-01-14,72.44999694824219,72.62000274658203,71.0,71.16000366210938,40200,0,0
2020-01-15,71.08999633789062,71.75,71.0,71.5,10900,0,0
2020-01-16,71.52999877929688,72.70999908447266,71.52999877929688,72.55999755859375,18600,0,0
2020-01-17,73.16999816894531,73.16999816894531,71.45999908447266,71.4800033569336,26100,0,0
2020-01-21,71.31999969482422,72.44999694824219,71.13999938964844,71.56999969482422,23900,0,0
2020-01-22,71.29000091552734,72.19000244140625,70.9000015258789,71.9800033569336,35500,0,0
2020-01-23,71.80999755859375,73.0199966430664,71.5,72.5999984741211,37700,0,0
2020-01-24,72.45999908447266,72.45999908447266,71.02999877929688,71.44999694824219,27000,0,0
2020-01-27,70.5199966430664,71.75,70.30999755859375,70.98999786376953,44600,0,0
2020-01-28,71.37999725341797,71.37999725341797,70.7699966430664,71.08000183105469,20200,0,0
2020-01-29,71.11000061035156,71.5,70.44000244140625,70.6500015258789,24400,0,0
2020-01-30,70.56999969482422,72.19999694824219,70.56999969482422,72.08000183105469,30600,0,0
2020-01-31,71.61000061035156,71.61000061035156,70.48999786376953,70.6500015258789,27800,0,0
2020-02-03,70.88999938964844,71.94000244140625,70.88999938964844,71.01000213623047,21300,0,0
2020-02-04,71.79000091552734,72.0999984741211,71.58999633789062,71.83999633789062,20600,0,0
2020-02-05,72.5,73.27999877929688,72.5,73.08999633789062,40300,0,0
2020-02-06,73.44999694824219,73.5199966430664,71.70999908447266,71.87999725341797,33200,0,0
2020-02-07,71.6500015258789,71.6500015258789,71.27999877929688,71.27999877929688,12200,0,0
2020-02-10,71.08999633789062,72.73999786376953,71.0199966430664,71.37999725341797,22100,0,0
2020-02-11,71.73999786376953,72.16000366210938,71.41999816894531,71.7699966430664,22800,0,0
2020-02-12,72.2699966430664,72.6500015258789,72.18000030517578,72.30000305175781,24600,0,0
2020-02-13,72.29000091552734,72.94000244140625,71.8499984741211,72.91000366210938,25100,0,0
2020-02-14,72.69000244140625,73.0,72.20999908447266,72.31999969482422,18100,0,0
2020-02-18,72.36000061035156,72.66000366210938,71.80999755859375,72.66000366210938,21500,0,0
2020-02-19,72.69999694824219,72.69999694824219,72.02999877929688,72.51000213623047,15000,0,0
2020-02-20,72.30999755859375,73.19000244140625,72.25,73.19000244140625,21200,0,0
2020-02-21,73.2699966430664,73.51000213623047,72.1500015258789,73.13999938964844,33700,0,0
2020-02-24,71.9000015258789,72.94000244140625,71.9000015258789,72.31999969482422,19200,0,0
2020-02-25,72.16999816894531,72.5199966430664,70.76000213623047,70.97000122070312,31600,0,0
2020-02-26,71.19999694824219,72.0,70.29000091552734,70.48999786376953,24700,0,0
2020-02-27,69.73999786376953,70.51000213623047,68.02999877929688,68.68000030517578,47300,0,0
2020-02-28,67.47000122070312,67.97000122070312,65.61000061035156,66.44999694824219,54800,0,0
2020-03-02,67.30000305175781,68.44000244140625,65.81999969482422,68.3499984741211,74500,0,0
2020-03-03,68.33000183105469,69.41000366210938,66.9800033569336,67.52999877929688,37200,0,0
2020-03-04,68.41000366210938,68.6500015258789,67.0,68.29000091552734,46400,0,0
2020-03-05,67.18000030517578,67.91000366210938,64.70999908447266,65.91999816894531,32900,0,0
2020-03-06,64.51000213623047,65.83999633789062,63.63999938964844,65.29000091552734,51900,0,0
2020-03-09,61.369998931884766,64.43000030517578,58.380001068115234,59.27000045776367,53900,0,0
2020-03-10,59.470001220703125,62.5,59.470001220703125,62.439998626708984,47700,0,0
2020-03-11,60.400001525878906,61.13999938964844,56.439998626708984,57.400001525878906,69900,0,0
2020-03-12,54.279998779296875,57.38999938964844,52.79999923706055,54.52000045776367,88000,0,0
2020-03-13,56.77000045776367,58.849998474121094,56.2400016784668,58.709999084472656,75300,0,0
2020-03-16,52.970001220703125,57.130001068115234,52.650001525878906,52.97999954223633,52400,0,0
2020-03-17,53.939998626708984,61.790000915527344,53.939998626708984,61.52000045776367,88500,0,0
2020-03-18,57.88999938964844,60.0,56.380001068115234,59.130001068115234,49900,0,0
2020-03-19,57.349998474121094,62.02000045776367,56.25,61.439998626708984,76600,0,0
2020-03-20,60.86000061035156,60.90999984741211,54.650001525878906,56.650001525878906,100200,0,0
2020-03-23,56.31999969482422,56.31999969482422,47.34000015258789,51.849998474121094,60500,0,0
2020-03-24,55.029998779296875,55.11000061035156,52.790000915527344,54.9900016784668,35200,0,0
2020-03-25,54.619998931884766,55.58000183105469,52.599998474121094,53.5099983215332,36200,0,0
2020-03-26,55.029998779296875,57.439998626708984,55.029998779296875,57.439998626708984,30700,0,0
2020-03-27,55.68000030517578,56.0,53.08000183105469,53.08000183105469,32100,0,0
2020-03-30,54.93000030517578,55.900001525878906,52.31999969482422,55.630001068115234,33400,0,0
2020-03-31,54.65999984741211,55.939998626708984,52.09000015258789,54.58000183105469,49300,0,0
2020-04-01,52.09000015258789,52.2400016784668,50.02000045776367,50.060001373291016,48500,0,0
2020-04-02,50.0,53.36000061035156,49.779998779296875,51.40999984741211,37300,0,0
2020-04-03,50.720001220703125,52.68000030517578,48.810001373291016,50.349998474121094,26300,0,0
2020-04-06,52.16999816894531,55.75,52.16999816894531,55.2400016784668,49600,0,0
2020-04-07,55.93000030517578,56.72999954223633,52.16999816894531,52.56999969482422,32000,0,0
2020-04-08,54.060001373291016,55.849998474121094,52.65999984741211,55.41999816894531,38100,0,0
2020-04-09,56.83000183105469,59.22999954223633,54.709999084472656,58.959999084472656,37000,0,0
2020-04-13,58.2400016784668,58.2400016784668,55.11000061035156,55.65999984741211,17800,0,0
2020-04-14,57.119998931884766,57.630001068115234,55.18000030517578,55.72999954223633,29800,0,0
2020-04-15,54.02000045776367,55.31999969482422,51.5,52.27000045776367,38000,0,0
2020-04-16,51.959999084472656,52.959999084472656,49.650001525878906,51.099998474121094,41000,0,0
2020-04-17,52.43000030517578,53.4900016784668,52.0,53.04999923706055,35400,0,0
2020-04-20,51.61000061035156,53.47999954223633,51.33000183105469,52.880001068115234,22300,0,0
2020-04-21,50.61000061035156,51.83000183105469,50.150001525878906,51.189998626708984,13400,0,0
2020-04-22,50.119998931884766,51.150001525878906,49.13999938964844,50.900001525878906,27600,0,0
2020-04-23,51.400001525878906,52.060001373291016,50.68000030517578,51.529998779296875,28700,0,0
2020-04-24,51.439998626708984,51.650001525878906,50.5,51.130001068115234,16800,0,0
2020-04-27,51.88999938964844,55.369998931884766,51.400001525878906,53.97999954223633,34300,0,0
2020-04-28,55.16999816894531,55.529998779296875,53.40999984741211,54.91999816894531,41900,0,0
2020-04-29,56.38999938964844,59.41999816894531,56.04999923706055,57.959999084472656,40200,0,0
2020-04-30,56.189998626708984,57.119998931884766,54.86000061035156,55.02000045776367,26500,0,0
2020-05-01,54.189998626708984,54.86000061035156,52.189998626708984,54.130001068115234,39500,0,0
2020-05-04,53.040000915527344,53.540000915527344,51.40999984741211,53.540000915527344,23000,0,0
2020-05-05,54.560001373291016,54.560001373291016,51.720001220703125,51.720001220703125,28000,0,0
2020-05-06,52.150001525878906,52.150001525878906,50.900001525878906,51.119998931884766,22800,0,0
2020-05-07,51.97999954223633,52.22999954223633,50.97999954223633,51.52000045776367,27500,0,0
2020-05-08,52.72999954223633,53.97999954223633,52.72999954223633,53.47999954223633,24300,0,0
2020-05-11,52.45000076293945,53.02000045776367,50.86000061035156,51.04999923706055,33600,0,0
2020-05-12,51.38999938964844,51.38999938964844,48.9900016784668,48.9900016784668,46200,0,0
2020-05-13,48.5,48.5,45.33000183105469,47.27000045776367,42900,0,0
2020-05-14,46.25,49.56999969482422,45.869998931884766,48.619998931884766,43500,0,0
2020-05-15,48.40999984741211,49.939998626708984,48.40999984741211,49.470001220703125,26600,0,0
2020-05-18,50.0,53.97999954223633,50.0,53.88999938964844,51200,0,0
2020-05-19,53.130001068115234,53.29999923706055,50.150001525878906,50.34000015258789,31900,0,0
2020-05-20,51.779998779296875,53.97999954223633,51.779998779296875,53.97999954223633,31500,0,0
2020-05-21,53.5,53.70000076293945,53.25,53.54999923706055,20400,0,0
2020-05-22,53.619998931884766,53.619998931884766,52.209999084472656,52.970001220703125,12100,0,0
2020-05-26,54.0,56.27000045776367,53.9900016784668,55.63999938964844,43900,0,0
2020-05-27,57.209999084472656,60.7400016784668,56.20000076293945,59.599998474121094,53800,0,0
2020-05-28,60.5,60.5,56.36000061035156,56.54999923706055,22900,0,0
2020-05-29,56.18000030517578,56.900001525878906,54.7599983215332,55.90999984741211,36600,0,0
2020-06-01,55.63999938964844,56.689998626708984,50.0099983215332,55.599998474121094,20800,0,0
2020-06-02,56.060001373291016,56.060001373291016,53.27000045776367,54.79999923706055,15000,0,0
2020-06-03,56.029998779296875,58.04999923706055,54.060001373291016,56.529998779296875,20500,0,0
2020-06-04,56.34000015258789,57.66999816894531,55.36000061035156,56.7400016784668,20300,0,0
2020-06-05,60.0099983215332,61.47999954223633,58.459999084472656,60.43000030517578,45200,0,0
2020-06-08,60.2599983215332,60.95000076293945,59.040000915527344,59.93000030517578,23900,0,0
2020-06-09,59.2400016784668,59.90999984741211,57.9900016784668,59.11000061035156,19200,0,0
2020-06-10,58.68000030517578,60.2599983215332,56.91999816894531,57.130001068115234,21700,0,0
2020-06-11,55.900001525878906,56.90999984741211,53.93000030517578,54.060001373291016,40900,0,0
2020-06-12,56.41999816894531,56.41999816894531,52.209999084472656,54.88999938964844,29700,0,0
2020-06-15,52.900001525878906,54.9900016784668,52.34000015258789,54.59000015258789,23300,0,0
2020-06-16,57.0,57.43000030517578,55.0,56.91999816894531,27600,0,0
2020-06-17,56.58000183105469,56.58000183105469,53.650001525878906,53.79999923706055,12200,0,0
2020-06-18,53.310001373291016,55.22999954223633,52.060001373291016,54.779998779296875,18900,0,0
2020-06-19,55.43000030517578,55.43000030517578,53.18000030517578,55.0099983215332,78000,0,0
2020-06-22,53.869998931884766,55.59000015258789,53.52000045776367,55.349998474121094,17000,0,0
2020-06-23,56.29999923706055,56.29999923706055,54.16999816894531,54.16999816894531,9200,0,0
2020-06-24,53.38999938964844,53.630001068115234,52.22999954223633,52.560001373291016,19100,0,0
2020-06-25,52.09000015258789,54.439998626708984,52.09000015258789,54.439998626708984,26900,0,0
2020-06-26,53.650001525878906,53.650001525878906,51.2400016784668,51.7599983215332,59100,0,0
2020-06-29,52.709999084472656,54.900001525878906,52.52000045776367,54.900001525878906,25700,0,0
2020-06-30,54.08000183105469,55.459999084472656,54.08000183105469,54.79999923706055,36300,0,0
2020-07-01,54.959999084472656,55.0,53.400001525878906,53.91999816894531,35400,0,0
2020-07-02,54.790000915527344,54.93000030517578,53.04999923706055,53.5,18100,0,0
2020-07-06,54.4900016784668,54.75,53.7400016784668,54.150001525878906,25200,0,0
2020-07-07,53.47999954223633,53.70000076293945,51.79999923706055,51.9900016784668,18500,0,0
2020-07-08,51.619998931884766,52.04999923706055,50.11000061035156,51.290000915527344,24400,0,0
2020-07-09,51.220001220703125,51.59000015258789,48.810001373291016,49.45000076293945,40300,0,0
2020-07-10,49.5,50.7400016784668,49.5,50.41999816894531,38000,0,0
2020-07-13,51.220001220703125,52.70000076293945,50.529998779296875,51.599998474121094,20900,0,0
2020-07-14,51.56999969482422,52.31999969482422,50.900001525878906,51.31999969482422,18300,0,0
2020-07-15,52.0099983215332,54.20000076293945,51.959999084472656,53.15999984741211,31800,0,0
2020-07-16,53.0,53.59000015258789,51.25,52.68000030517578,20500,0,0
2020-07-17,52.29999923706055,53.2599983215332,52.119998931884766,52.400001525878906,25900,0,0
2020-07-20,51.880001068115234,52.27000045776367,51.599998474121094,51.77000045776367,15600,0,0
2020-07-21,52.47999954223633,54.02000045776367,52.47999954223633,54.0,18600,0,0
2020-07-22,54.0,56.40999984741211,53.439998626708984,55.18000030517578,52500,0,0
2020-07-23,54.86000061035156,57.08000183105469,54.810001373291016,56.599998474121094,28000,0,0
2020-07-24,57.0099983215332,57.40999984741211,56.599998474121094,57.0099983215332,27900,0,0
2020-07-27,56.529998779296875,56.70000076293945,55.310001373291016,55.63999938964844,30700,0,0
2020-07-28,55.279998779296875,57.290000915527344,55.279998779296875,56.97999954223633,24800,0,0
2020-07-29,57.0099983215332,58.79999923706055,56.75,58.2599983215332,13100,0,0
2020-07-30,57.43000030517578,58.380001068115234,56.400001525878906,56.400001525878906,29000,0,0
2020-07-31,56.56999969482422,56.61000061035156,55.349998474121094,56.02000045776367,28900,0,0
2020-08-03,56.4900016784668,57.09000015258789,56.04999923706055,56.72999954223633,17800,0,0
2020-08-04,56.36000061035156,57.150001525878906,56.060001373291016,56.47999954223633,23900,0,0
2020-08-05,57.06999969482422,57.97999954223633,56.15999984741211,57.65999984741211,27700,0,0
2020-08-06,57.709999084472656,58.5,57.5,57.869998931884766,14900,0,0
2020-08-07,57.68000030517578,60.54999923706055,57.68000030517578,60.2599983215332,18000,0,0
2020-08-10,59.81999969482422,61.599998474121094,59.810001373291016,60.5099983215332,24700,0,0
2020-08-11,61.290000915527344,61.5099983215332,60.099998474121094,60.380001068115234,22200,0,0
2020-08-12,61.380001068115234,61.4900016784668,59.97999954223633,60.36000061035156,13600,0,0
2020-08-13,60.04999923706055,60.689998626708984,59.75,60.0099983215332,21600,0,0
2020-08-14,59.58000183105469,60.869998931884766,59.400001525878906,60.310001373291016,11600,0,0
2020-08-17,60.15999984741211,60.15999984741211,59.650001525878906,60.06999969482422,11600,0,0
2020-08-18,59.79999923706055,59.79999923706055,58.34000015258789,59.31999969482422,18600,0,0
2020-08-19,59.119998931884766,60.16999816894531,58.41999816894531,60.04999923706055,23600,0,0
2020-08-20,59.15999984741211,59.2599983215332,58.75,58.77000045776367,20200,0,0
2020-08-21,58.41999816894531,58.70000076293945,57.650001525878906,58.29999923706055,54300,0,0
2020-08-24,58.900001525878906,60.5,57.599998474121094,60.38999938964844,32400,0,0
2020-08-25,60.75,60.90999984741211,59.88999938964844,60.68000030517578,24300,0,0
2020-08-26,60.25,60.650001525878906,59.349998474121094,59.52000045776367,27100,0,0
2020-08-27,59.61000061035156,60.689998626708984,58.939998626708984,60.47999954223633,28300,0,0
2020-08-28,61.119998931884766,61.119998931884766,60.02000045776367,60.88999938964844,16900,0,0
2020-08-31,60.560001373291016,60.7400016784668,59.880001068115234,60.02000045776367,26700,0,0
2020-09-01,60.029998779296875,60.709999084472656,59.95000076293945,60.58000183105469,16700,0,0
2020-09-02,60.27000045776367,60.95000076293945,59.38999938964844,60.459999084472656,27800,0,0
2020-09-03,60.72999954223633,61.0,59.83000183105469,60.349998474121094,31300,0,0
2020-09-04,61.08000183105469,61.08000183105469,59.119998931884766,59.959999084472656,20500,0,0
2020-09-08,59.25,59.400001525878906,57.459999084472656,58.810001373291016,30500,0,0
2020-09-09,59.29999923706055,59.79999923706055,58.5,59.27000045776367,27700,0,0
2020-09-10,59.599998474121094,60.150001525878906,58.15999984741211,58.439998626708984,28100,0,0
2020-09-11,58.439998626708984,58.790000915527344,57.79999923706055,57.91999816894531,18600,0,0
2020-09-14,58.0099983215332,59.439998626708984,57.79999923706055,59.11000061035156,27300,0,0
2020-09-15,59.209999084472656,59.470001220703125,58.43000030517578,58.689998626708984,24300,0,0
2020-09-16,58.459999084472656,59.54999923706055,58.349998474121094,59.15999984741211,26500,0,0
2020-09-17,58.7599983215332,59.619998931884766,57.970001220703125,59.40999984741211,23800,0,0
2020-09-18,60.08000183105469,60.09000015258789,59.209999084472656,59.529998779296875,80400,0,0
2020-09-21,58.43000030517578,58.68000030517578,56.099998474121094,56.459999084472656,40200,0,0
2020-09-22,56.869998931884766,56.869998931884766,54.75,54.86000061035156,34100,0,0
2020-09-23,55.099998474121094,55.540000915527344,53.400001525878906,53.720001220703125,35800,0,0
2020-09-24,53.7599983215332,55.400001525878906,53.63999938964844,53.97999954223633,40000,0,0
2020-09-25,53.38999938964844,55.2400016784668,53.22999954223633,54.77000045776367,40300,0,0
2020-09-28,55.5099983215332,56.439998626708984,55.27000045776367,55.900001525878906,21600,0,0
2020-09-29,55.560001373291016,55.70000076293945,54.560001373291016,55.380001068115234,13400,0,0
2020-09-30,55.400001525878906,55.540000915527344,54.47999954223633,54.61000061035156,23500,0,0
2020-10-01,54.75,55.93000030517578,54.34000015258789,55.65999984741211,52600,0,0
2020-10-02,54.68000030517578,57.61000061035156,54.0099983215332,57.29999923706055,18700,0,0
2020-10-05,58.08000183105469,59.34000015258789,57.95000076293945,59.11000061035156,15500,0,0
2020-10-06,59.939998626708984,60.91999816894531,58.099998474121094,58.18000030517578,32900,0,0
2020-10-07,59.220001220703125,60.20000076293945,59.150001525878906,59.41999816894531,30300,0,0
2020-10-08,59.369998931884766,61.22999954223633,59.369998931884766,60.31999969482422,42900,0,0
2020-10-09,60.33000183105469,60.7400016784668,59.150001525878906,60.36000061035156,32200,0,0
2020-10-12,59.97999954223633,61.0,59.75,61.0,32400,0,0
2020-10-13,60.4900016784668,60.83000183105469,57.060001373291016,59.47999954223633,30500,0,0
2020-10-14,59.939998626708984,60.20000076293945,59.0099983215332,59.0099983215332,18900,0,0
2020-10-15,58.0,60.540000915527344,58.0,59.939998626708984,24800,0,0
2020-10-16,59.43000030517578,60.40999984741211,58.38999938964844,59.40999984741211,40000,0,0
2020-10-19,59.40999984741211,60.810001373291016,59.34000015258789,59.650001525878906,28900,0,0
2020-10-20,59.90999984741211,60.5,59.779998779296875,60.470001220703125,28100,0,0
2020-10-21,60.88999938964844,63.529998779296875,60.84000015258789,62.70000076293945,53000,0,0
2020-10-22,62.599998474121094,64.41999816894531,62.4900016784668,64.05999755859375,28400,0,0
2020-10-23,64.80000305175781,66.76000213623047,63.58000183105469,64.01000213623047,51800,0,0
2020-10-26,63.15999984741211,63.59000015258789,62.150001525878906,63.43000030517578,28100,0,0
2020-10-27,63.22999954223633,63.22999954223633,61.56999969482422,61.65999984741211,25500,0,0
2020-10-28,61.720001220703125,61.84000015258789,60.25,60.68000030517578,23800,0,0
2020-10-29,60.36000061035156,62.38999938964844,60.04999923706055,61.7400016784668,19200,0,0
2020-10-30,61.13999938964844,62.59000015258789,61.02000045776367,61.70000076293945,29500,0,0
2020-11-02,62.4900016784668,63.20000076293945,61.79999923706055,62.400001525878906,27500,0,0
2020-11-03,63.220001220703125,64.58000183105469,62.290000915527344,64.12000274658203,32200,0,0
2020-11-04,63.2599983215332,63.2599983215332,60.25,60.630001068115234,37600,0,0
2020-11-05,60.61000061035156,63.56999969482422,60.61000061035156,62.13999938964844,30300,0,0
2020-11-06,62.939998626708984,62.939998626708984,59.93000030517578,60.29999923706055,31600,0,0
2020-11-09,63.2400016784668,66.79000091552734,63.150001525878906,64.2300033569336,67500,0,0
2020-11-10,64.81999969482422,67.94999694824219,64.81999969482422,67.94999694824219,50100,0,0
2020-11-11,67.45999908447266,67.62000274658203,65.2699966430664,66.29000091552734,29100,0,0
2020-11-12,65.13999938964844,65.97000122070312,64.06999969482422,65.69999694824219,21100,0,0
2020-11-13,65.91000366210938,66.19999694824219,64.75,65.41000366210938,23700,0,0
2020-11-16,67.04000091552734,67.98999786376953,66.7699966430664,67.98999786376953,22000,0,0
2020-11-17,67.16000366210938,68.98999786376953,66.20999908447266,67.56999969482422,30900,0,0
2020-11-18,67.19999694824219,68.79000091552734,66.58999633789062,68.01000213623047,31200,0,0
2020-11-19,67.77999877929688,68.8499984741211,66.23999786376953,68.8499984741211,28100,0,0
2020-11-20,67.95999908447266,68.5199966430664,66.58000183105469,68.44000244140625,28500,0,0
2020-11-23,68.75,69.23999786376953,68.19999694824219,68.75,28000,0,0
2020-11-24,69.45999908447266,70.5199966430664,68.68000030517578,70.3499984741211,57200,0,0
2020-11-25,69.68000030517578,70.5199966430664,69.05000305175781,69.70999908447266,25800,0,0
2020-11-27,69.54000091552734,69.77999877929688,67.51000213623047,68.83999633789062,22100,0,0
2020-11-30,68.16999816894531,68.72000122070312,66.33999633789062,66.51000213623047,61000,0,0
2020-12-01,67.87000274658203,69.1500015258789,67.01000213623047,67.91000366210938,32800,0,0
2020-12-02,67.91000366210938,69.29000091552734,67.91000366210938,68.9000015258789,15700,0,0
2020-12-03,68.87999725341797,69.95999908447266,68.3499984741211,68.54000091552734,17700,0,0
2020-12-04,69.0,69.98999786376953,69.0,69.95999908447266,13100,0,0
2020-12-07,69.3499984741211,70.7699966430664,69.26000213623047,70.23999786376953,21100,0,0
2020-12-08,70.2300033569336,71.5999984741211,69.75,71.41000366210938,17700,0,0
2020-12-09,71.4000015258789,71.4000015258789,70.1500015258789,70.36000061035156,31300,0,0
2020-12-10,69.7300033569336,70.47000122070312,69.29000091552734,70.0,17300,0,0
2020-12-11,68.9800033569336,70.52999877929688,68.80000305175781,69.06999969482422,24800,0,0
2020-12-14,69.44000244140625,70.08000183105469,68.8499984741211,69.26000213623047,21200,0,0
2020-12-15,69.2699966430664,70.44999694824219,69.25,70.19000244140625,29800,0,0
2020-12-16,70.41999816894531,70.43000030517578,69.05000305175781,69.23999786376953,18600,0,0
2020-12-17,69.73999786376953,69.94000244140625,69.05000305175781,69.66999816894531,26300,0,0
2020-12-18,69.91000366210938,70.37000274658203,68.01000213623047,68.41999816894531,113100,0,0
2020-12-21,68.80999755859375,69.0,67.11000061035156,68.36000061035156,28000,0,0
2020-12-22,68.01000213623047,68.54000091552734,67.58000183105469,67.72000122070312,24900,0,0
2020-12-23,67.38999938964844,68.9000015258789,67.37999725341797,68.87000274658203,25200,0,0
2020-12-24,68.38999938964844,68.38999938964844,67.91000366210938,67.9800033569336,18700,0,0
2020-12-28,68.19999694824219,69.13999938964844,67.80999755859375,68.3499984741211,24700,0,0
2020-12-29,67.94000244140625,68.02999877929688,66.77999877929688,67.2300033569336,13700,0,0
2020-12-30,67.20999908447266,67.70999908447266,66.91999816894531,67.62999725341797,20400,0,0
2020-12-31,67.0,67.12000274658203,66.16000366210938,66.3499984741211,16600,0,0
2021-01-04,66.9000015258789,67.66999816894531,66.26000213623047,67.47000122070312,21800,0,0
2021-01-05,67.52999877929688,69.0,67.5,67.80999755859375,18800,0,0
2021-01-06,68.9000015258789,72.31999969482422,68.9000015258789,71.20999908447266,54400,0,0
2021-01-07,71.75,72.38999938964844,69.80999755859375,72.19999694824219,42600,0,0
2021-01-08,71.75,71.76000213623047,69.62999725341797,70.01000213623047,28000,0,0
2021-01-11,70.30000305175781,71.52999877929688,69.19000244140625,71.52999877929688,19500,0,0
2021-01-12,70.98999786376953,72.80000305175781,70.98999786376953,72.80000305175781,24500,0,0
2021-01-13,72.37999725341797,72.9800033569336,71.47000122070312,71.55000305175781,16900,0,0
2021-01-14,71.91999816894531,72.69000244140625,71.91999816894531,72.55999755859375,18000,0,0
2021-01-15,71.5199966430664,72.94000244140625,70.83000183105469,72.26000213623047,24800,0,0
2021-01-19,71.69999694824219,73.0,71.5199966430664,72.23999786376953,28200,0,0
2021-01-20,72.5,73.27999877929688,71.9000015258789,72.81999969482422,16500,0,0
2021-01-21,72.63999938964844,72.6500015258789,71.26000213623047,72.5999984741211,13100,0,0
2021-01-22,71.69000244140625,73.70999908447266,71.41000366210938,73.2300033569336,21400,0,0
2021-01-25,72.55999755859375,72.69999694824219,71.16000366210938,72.69999694824219,15800,0,0
2021-01-26,72.25,72.51000213623047,71.29000091552734,71.29000091552734,15600,0,0
2021-01-27,69.79000091552734,70.66000366210938,67.51000213623047,68.20999908447266,40100,0,0
2021-01-28,69.45999908447266,69.69000244140625,67.47000122070312,68.69999694824219,23500,0,0
2021-01-29,68.7699966430664,69.19000244140625,67.76000213623047,67.79000091552734,32500,0,0
2021-02-01,68.33999633789062,69.61000061035156,67.54000091552734,68.62999725341797,16200,0,0
2021-02-02,68.73999786376953,71.18000030517578,68.38999938964844,70.29000091552734,33900,0,0
2021-02-03,70.12999725341797,70.41000366210938,68.3499984741211,70.30000305175781,23800,0,0
2021-02-04,71.02999877929688,71.63999938964844,69.98999786376953,70.80999755859375,18600,0,0
2021-02-05,70.83000183105469,71.95999908447266,70.75,71.5,13400,0,0
2021-02-08,71.94000244140625,73.76000213623047,69.97000122070312,73.76000213623047,37100,0,0
2021-02-09,72.93000030517578,73.75,72.12000274658203,73.48999786376953,30900,0,0
2021-02-10,73.6500015258789,73.6500015258789,71.81999969482422,72.12000274658203,28100,0,0
2021-02-11,72.9000015258789,73.75,72.76000213623047,73.20999908447266,23400,0,0
2021-02-12,72.75,73.7699966430664,72.11000061035156,73.69999694824219,60000,0,0
2021-02-16,73.61000061035156,74.6500015258789,73.16000366210938,74.2300033569336,27200,0,0
2021-02-17,73.69000244140625,74.56999969482422,73.69000244140625,74.2699966430664,20400,0,0
2021-02-18,73.69999694824219,74.19000244140625,73.0,73.0,16200,0,0
2021-02-19,73.1500015258789,74.75,73.0199966430664,74.75,25700,0,0
2021-02-22,74.06999969482422,75.0,74.06999969482422,75.0,67900,0,0
2021-02-23,74.98999786376953,76.13999938964844,74.62000274658203,76.13999938964844,34900,0,0
2021-02-24,76.7699966430664,79.23999786376953,76.58000183105469,77.83999633789062,38700,0,0
2021-02-25,78.62999725341797,78.62999725341797,73.91000366210938,74.56999969482422,43200,0,0
2021-02-26,74.4000015258789,74.7699966430664,73.05999755859375,74.05000305175781,52100,0,0
2021-03-01,75.52999877929688,76.7699966430664,74.76000213623047,76.62999725341797,21100,0,0
2021-03-02,75.0999984741211,77.80999755859375,75.0999984741211,77.05000305175781,24700,0,0
2021-03-03,77.44999694824219,79.94000244140625,76.8499984741211,77.87999725341797,31200,0,0
2021-03-04,77.87999725341797,79.44000244140625,77.73999786376953,78.6500015258789,32200,0,0
2021-03-05,78.52999877929688,79.94999694824219,78.43000030517578,79.94999694824219,44200,0,0
2021-03-08,79.94999694824219,83.81999969482422,79.19999694824219,83.16000366210938,56400,0,0
2021-03-09,82.3499984741211,83.94999694824219,80.4800033569336,82.5,29200,0,0
2021-03-10,83.2699966430664,86.06999969482422,82.44999694824219,84.52999877929688,24300,0,0
2021-03-11,84.98999786376953,85.75,82.69999694824219,85.0,29900,0,0
2021-03-12,85.37000274658203,85.56999969482422,84.0,85.2699966430664,17400,0,0
2021-03-15,85.16000366210938,85.23999786376953,82.02999877929688,84.0999984741211,22600,0,0
2021-03-16,83.44999694824219,84.0,82.25,83.04000091552734,14600,0,0
2021-03-17,83.25,83.80000305175781,82.20999908447266,83.70999908447266,18100,0,0
2021-03-18,83.73999786376953,86.06999969482422,83.66999816894531,84.6500015258789,34400,0,0
2021-03-19,84.20999908447266,85.94000244140625,82.94999694824219,85.48999786376953,127100,0,0
2021-03-22,84.69000244140625,85.13999938964844,82.98999786376953,84.3499984741211,26800,0,0
2021-03-23,83.41999816894531,85.27999877929688,82.04000091552734,82.13999938964844,27200,0,0
2021-03-24,83.33999633789062,86.25,82.06999969482422,82.61000061035156,27200,0,0
2021-03-25,82.25,85.23999786376953,81.68000030517578,84.0999984741211,27200,0,0
2021-03-26,85.1500015258789,86.0,84.69999694824219,85.98999786376953,15900,0,0
2021-03-29,85.44999694824219,86.06999969482422,82.79000091552734,83.9000015258789,32100,0,0
2021-03-30,84.48999786376953,85.66000366210938,84.48999786376953,85.37999725341797,13300,0,0
2021-03-31,84.80000305175781,85.9800033569336,82.73999786376953,83.45999908447266,45000,0,0
2021-04-01,83.48999786376953,85.19999694824219,81.98999786376953,84.7300033569336,26500,0,0
2021-04-05,84.9000015258789,85.72000122070312,83.1500015258789,84.69999694824219,21600,0,0
2021-04-06,84.12999725341797,85.5,84.12999725341797,84.66999816894531,13500,0,0
2021-04-07,82.66999816894531,85.6500015258789,82.66999816894531,83.2699966430664,21200,0,0
2021-04-08,82.12999725341797,84.30999755859375,82.11000061035156,84.06999969482422,29000,0,0
2021-04-09,83.88999938964844,84.62999725341797,83.20999908447266,84.4000015258789,16800,0,0
2021-04-12,84.8499984741211,85.3499984741211,84.5999984741211,84.5999984741211,9200,0,0
2021-04-13,75.5,79.19999694824219,72.75,77.86000061035156,344400,0,0
2021-04-14,77.66000366210938,79.18000030517578,76.3499984741211,78.7699966430664,45600,0,0
2021-04-15,78.4800033569336,78.4800033569336,76.91000366210938,78.37999725341797,54400,0,0
2021-04-16,79.4800033569336,79.4800033569336,77.56999969482422,77.93000030517578,36500,0,0
2021-04-19,77.93000030517578,78.0199966430664,76.83000183105469,77.2699966430664,29000,0,0
2021-04-20,77.45999908447266,77.77999877929688,76.63999938964844,76.63999938964844,45300,0,0
2021-04-21,77.44999694824219,78.05999755859375,77.12999725341797,77.9800033569336,52300,0,0
2021-04-22,78.62999725341797,78.62999725341797,77.61000061035156,78.12000274658203,47800,0,0
2021-04-23,78.55999755859375,80.0199966430664,78.55999755859375,79.5,32300,0,0
2021-04-26,79.87999725341797,80.75,79.5199966430664,79.62000274658203,36900,0,0
2021-04-27,79.62000274658203,79.63999938964844,78.0,79.58000183105469,31800,0,0
2021-04-28,79.69000244140625,79.95999908447266,78.5199966430664,79.0,21300,0,0
2021-04-29,80.97000122070312,80.97000122070312,79.37999725341797,79.5,35900,0,0
2021-04-30,79.30999755859375,80.5999984741211,78.73999786376953,79.76000213623047,51800,0,0
2021-05-03,80.25,81.05999755859375,79.76000213623047,80.87999725341797,51300,0,0
2021-05-04,80.27999877929688,81.22000122070312,80.12000274658203,80.69000244140625,76600,0,0
2021-05-05,80.41999816894531,80.8499984741211,79.87999725341797,80.63999938964844,34200,0,0
2021-05-06,80.0999984741211,81.63999938964844,79.13999938964844,81.30000305175781,43000,0,0
2021-05-07,80.38999938964844,81.0,80.29000091552734,81.0,28300,0,0
2021-05-10,81.0999984741211,81.37000274658203,79.38999938964844,79.5199966430664,46300,0,0
2021-05-11,80.66999816894531,80.66999816894531,78.0,79.30999755859375,36200,0,0
2021-05-12,79.38999938964844,79.41999816894531,77.0199966430664,77.06999969482422,44000,0,0
2021-05-13,76.30000305175781,78.9000015258789,75.91000366210938,78.66999816894531,36000,0,0
2021-05-14,78.69999694824219,79.83000183105469,78.69999694824219,79.76000213623047,26300,0,0
2021-05-17,79.19999694824219,80.02999877929688,78.0,79.4800033569336,34600,0,0
2021-05-18,79.4000015258789,79.56999969482422,77.81999969482422,77.81999969482422,27700,0,0
2021-05-19,78.04000091552734,78.04000091552734,76.18000030517578,77.31999969482422,30500,0,0
2021-05-20,77.0,77.88999938964844,76.31999969482422,77.7300033569336,39400,0,0
2021-05-21,78.36000061035156,79.06999969482422,77.80000305175781,78.4800033569336,34100,0,0
2021-05-24,78.4000015258789,79.01000213623047,77.29000091552734,78.5999984741211,30600,0,0
2021-05-25,78.7699966430664,79.12999725341797,76.36000061035156,76.55999755859375,31900,0,0
2021-05-26,77.11000061035156,77.26000213623047,76.37000274658203,77.05999755859375,56200,0,0
2021-05-27,77.5999984741211,78.98999786376953,77.5999984741211,78.98999786376953,42200,0,0
2021-05-28,79.08999633789062,79.44999694824219,78.41000366210938,79.30000305175781,22900,0,0
2021-06-01,79.33000183105469,80.0,79.12999725341797,79.77999877929688,27500,0,0
2021-06-02,80.0,80.0,78.62999725341797,78.9800033569336,39800,0,0
2021-06-03,78.9000015258789,79.4000015258789,78.6500015258789,79.12999725341797,21700,0,0
2021-06-04,79.5999984741211,79.5999984741211,78.16999816894531,78.29000091552734,26400,0,0
2021-06-07,78.33000183105469,79.44000244140625,77.83999633789062,78.83999633789062,33000,0,0
2021-06-08,78.52999877929688,79.51000213623047,78.22000122070312,78.52999877929688,32000,0,0
2021-06-09,78.2300033569336,78.30000305175781,76.3499984741211,76.58999633789062,38800,0,0
2021-06-10,77.0,77.0,75.52999877929688,75.54000091552734,36700,0,0
2021-06-11,76.0999984741211,77.73999786376953,74.91000366210938,75.2699966430664,31400,0,0
2021-06-14,75.3499984741211,75.3499984741211,73.94000244140625,74.52999877929688,37900,0,0
2021-06-15,75.75,76.26000213623047,74.76000213623047,75.8499984741211,38100,0,0
2021-06-16,75.70999908447266,76.5,73.91999816894531,76.41000366210938,50000,0,0
2021-06-17,76.61000061035156,76.61000061035156,74.01000213623047,74.18000030517578,36600,0,0
2021-06-18,73.20999908447266,74.12000274658203,69.7300033569336,70.0199966430664,116600,0,0
2021-06-21,70.77999877929688,72.30999755859375,70.08000183105469,71.75,53600,0,0
2021-06-22,71.7699966430664,71.83999633789062,69.76000213623047,71.0199966430664,89300,0,0
2021-06-23,72.98999786376953,72.98999786376953,71.06999969482422,71.33999633789062,68400,0,0
2021-06-24,71.69999694824219,71.69999694824219,70.44000244140625,71.3499984741211,43000,0,0
2021-06-25,71.86000061035156,72.5999984741211,71.26000213623047,71.4800033569336,168800,0,0
2021-06-28,72.38999938964844,72.38999938964844,70.83000183105469,71.94999694824219,61400,0,0
2021-06-29,73.0199966430664,73.0199966430664,71.04000091552734,71.05000305175781,48300,0,0
2021-06-30,70.86000061035156,71.80000305175781,70.13999938964844,70.33999633789062,56700,0,0
2021-07-01,70.9800033569336,72.31999969482422,70.70999908447266,71.5199966430664,60800,0,0
2021-07-02,71.5,72.12999725341797,70.37000274658203,71.38999938964844,51600,0,0
2021-07-06,72.05999755859375,72.05999755859375,69.45999908447266,70.55999755859375,48200,0,0
2021-07-07,70.44999694824219,71.30000305175781,69.9000015258789,70.19999694824219,61900,0,0
2021-07-08,69.44999694824219,70.25,68.06999969482422,68.55000305175781,53300,0,0
2021-07-09,69.6500015258789,70.47000122070312,69.4000015258789,70.38999938964844,58300,0,0
2021-07-12,70.25,71.11000061035156,69.77999877929688,70.88999938964844,68900,0,0
2021-07-13,70.63999938964844,71.26000213623047,69.4800033569336,70.2699966430664,37000,0,0
2021-07-14,70.55000305175781,70.55000305175781,69.4000015258789,69.6500015258789,34100,0,0
2021-07-15,69.36000061035156,70.66999816894531,69.36000061035156,70.54000091552734,57000,0,0
2021-07-16,71.18000030517578,72.11000061035156,70.63999938964844,71.22000122070312,67700,0,0
2021-07-19,69.94999694824219,70.95999908447266,68.44000244140625,68.79000091552734,54000,0,0
2021-07-20,68.8499984741211,71.4000015258789,68.8499984741211,69.4000015258789,63300,0,0
2021-07-21,70.41999816894531,71.87000274658203,69.86000061035156,70.83000183105469,40200,0,0
2021-07-22,70.54000091552734,70.80999755859375,69.16999816894531,69.5199966430664,40000,0,0
2021-07-23,69.87000274658203,69.87000274658203,68.30000305175781,69.61000061035156,56800,0,0
2021-07-26,69.80000305175781,70.55999755859375,69.55000305175781,70.44000244140625,27400,0,0
2021-07-27,70.23999786376953,71.77999877929688,70.0,70.9800033569336,48100,0,0
2021-07-28,71.4000015258789,72.20999908447266,70.62000274658203,71.63999938964844,39900,0,0
2021-07-29,72.08000183105469,72.87000274658203,72.08000183105469,72.7699966430664,49600,0,0
2021-07-30,72.02999877929688,73.55000305175781,72.02999877929688,72.38999938964844,47500,0,0
2021-08-03,73.0,73.6500015258789,71.79000091552734,73.0,59500,0,0
2021-08-04,72.4800033569336,72.58000183105469,71.3499984741211,71.55000305175781,8200000,0,0
2021-08-05,72.0999984741211,73.0,71.76000213623047,72.83000183105469,4940000,0,0
2021-08-06,73.7300033569336,74.98999786376953,73.7300033569336,74.75,5510000,0,0
2021-08-09,75.30999755859375,75.30999755859375,73.68000030517578,73.86000061035156,3550000,0,0
2021-08-10,74.31999969482422,75.0999984741211,73.7699966430664,75.02999877929688,3550000,0,0
2021-08-11,75.44000244140625,75.5,74.27999877929688,75.16000366210938,3030000,0,0
2021-08-12,75.66999816894531,75.87000274658203,74.79000091552734,75.18000030517578,4150000,0,0
2021-08-13,75.41000366210938,75.56999969482422,75.0199966430664,75.12999725341797,2800000,0,0
2021-08-16,74.04000091552734,75.55000305175781,71.81999969482422,75.1500015258789,3780000,0,0
2021-08-17,74.04000091552734,75.27999877929688,73.6500015258789,74.30000305175781,3570000,0,0
2021-08-18,74.69999694824219,75.20999908447266,73.97000122070312,74.20999908447266,3760000,0,0
