Date,Open,High,Low,Close,Volume,Dividends,Stock Splits
2019-07-31,22.46754059978193,22.52105550285639,22.342670224330725,22.39618682861328,303100,0.0,0
2019-08-01,22.431865580725933,22.503219360537535,22.387270106296793,22.4586238861084,89300,0.0,0
2019-08-02,22.494300208027408,22.824312507057527,22.488949907850337,22.6066837310791,42900,0.0,0
2019-08-05,22.565653029362714,22.565653029362714,22.43186490887405,22.46754264831543,49100,0.0,0
2019-08-06,22.529976028839922,22.635222974005174,22.494298290922394,22.601329803466797,27800,0.0,0
2019-08-07,22.61024899016466,22.619168424546295,22.476460876856454,22.556734085083008,37700,0.0,0
2019-08-08,22.565653409031903,22.583492279052734,22.48538019514645,22.583492279052734,30900,0.0,0
2019-08-09,22.50321814963831,22.637006266934886,22.50321814963831,22.547815322875977,29300,0.0,0
2019-08-12,22.71727805789805,22.73511692607832,22.610248251232616,22.637004852294922,53800,0.0,0
2019-08-13,22.66376428128675,22.699442019421003,22.628088244360683,22.672683715820312,28400,0.0,0
2019-08-14,22.619167014233494,22.672681915978472,22.610247580407986,22.645923614501953,19000,0.0,0
2019-08-15,22.699442692805924,22.699442692805924,22.64592608401696,22.66376495361328,9000,0.0,0
2019-08-16,22.699442311747163,22.833230429057174,22.699442311747163,22.820743560791016,26200,0.0,0
2019-08-19,22.833232879638672,22.833232879638672,22.770798531607102,22.833232879638672,14700,0.0,0
2019-08-20,22.90458375901713,22.91350319349187,22.868906021118164,22.868906021118164,3300,0.0,0
2019-08-21,22.94917901101814,22.98485674857638,22.904583540278495,22.922422409057617,4500,0.0,0
2019-08-22,22.98485809765301,23.011614701183987,22.90458488464356,22.904584884643555,74100,0.0,0
2019-08-23,22.958098960621072,23.002696133569703,22.886745185111465,22.926881790161133,22800,0.0,0
2019-08-26,22.839472184466242,23.029451195010317,22.839472184466242,22.8599853515625,9000,0.0,0
2019-08-27,22.98485794879325,23.172160977130076,22.98485794879325,23.103483200073242,6200,0.0,0
2019-08-28,23.118645949102156,23.127565383911133,23.065131041456542,23.127565383911133,3600,0.0,0
2019-08-29,22.975937059220445,23.145402908325195,22.967017624929863,23.145402908325195,20300,0.0,0
2019-08-30,23.12132286615316,23.188216078059643,22.993778175624822,23.16324234008789,8800,0.0,0
2019-09-03,23.181079864501953,23.181079864501953,23.181079864501953,23.181079864501953,600,0.0,0
2019-09-04,23.01161376363086,23.181079617658366,22.967018292090657,23.136484146118164,9400,0.0,0
2019-09-05,23.011614835649596,23.14629609205335,22.97593879699707,22.97593879699707,3400,0.0,0
2019-09-06,22.99734411146129,23.10080649043237,22.967018374125704,23.011613845825195,1800,0.0,0
2019-09-09,22.967020428550622,22.967020428550622,22.681605301243522,22.717281341552734,15500,0.0,0
2019-09-10,22.7440340828752,22.788629547652565,22.619165420532227,22.619165420532227,38300,0.0,0
2019-09-11,22.726198344835627,22.851068725575452,22.52997589111328,22.52997589111328,38100,0.0,0
2019-09-12,22.65484340532379,22.958097355337454,22.63700453739167,22.89744758605957,26100,0.0,0
2019-09-13,22.949178695678714,23.002695301280717,22.788632281288972,22.94917869567871,4300,0.0,0
2019-09-16,22.949178695678714,22.949178695678714,22.862662054617758,22.94917869567871,1300,0.0,0
2019-09-17,22.744036811162108,22.949178695678714,22.744036811162108,22.94917869567871,2300,0.0,0
2019-09-18,22.94917901101814,23.0116133505369,22.922422409057617,22.922422409057617,11500,0.0,0
2019-09-19,22.96701825637966,22.96701825637966,22.843041008385825,22.94561195373535,8900,0.0,0
2019-09-20,22.940263748168945,22.94472431677893,22.913507141342905,22.940263748168945,1800,0.0,0
2019-09-23,22.913502659818846,22.949178695678714,22.797551715555972,22.94917869567871,4300,0.0,0
2019-09-24,22.95810114252044,22.95810114252044,22.761878666522414,22.886747360229492,5600,0.0,0
2019-09-25,22.78863191671014,22.95809776265572,22.78863191671014,22.928665161132812,8100,0.0,0
2019-09-26,22.91350400289326,22.931341171264645,22.797553051833923,22.93134117126465,5200,0.0,0
2019-09-27,22.922424399543445,22.922424399543445,22.80647344361863,22.887638092041016,6300,0.0,0
2019-09-30,22.892989449135726,22.90458488464356,22.892989449135726,22.904584884643555,400,0.0,0
2019-10-01,22.940261015054702,22.940261015054702,22.864448369801988,22.872474670410156,1300,0.0,0
2019-10-02,22.833233918447846,22.940263748168945,22.797556174401834,22.940263748168945,18800,0.0,0
2019-10-03,23.011617155998632,23.011617155998632,22.937587369410217,23.00983428955078,3600,0.0,0
2019-10-04,23.038369988844742,23.038369988844742,22.967016220092773,22.967016220092773,3600,0.0,0
2019-10-07,23.11864471435547,23.14540301735326,23.11864471435547,23.11864471435547,1800,0.0,0
2019-10-08,23.056211471557617,23.056211471557617,23.056211471557617,23.056211471557617,400,0.0,0
2019-10-09,23.09188600576613,23.18999808049328,23.05620997027052,23.087427139282227,22500,0.0,0
2019-10-10,23.002696942753353,23.207838841908888,23.002696942753353,23.172161102294922,4700,0.0,0
2019-10-11,23.3594341987107,23.467093400246505,23.2508707910264,23.43181037902832,82600,0.367,0
2019-10-14,23.368481436948436,23.48609208287047,23.368481436948436,23.43181037902832,2400,0.0,0
2019-10-15,23.431809739526578,23.46528434753418,23.431809739526578,23.46528434753418,5200,0.0,0
2019-10-16,23.513237106793927,23.513237106793927,23.196590626246,23.24454116821289,2200,0.0,0
2019-10-17,23.250870182487112,23.341339111328125,23.230061362526524,23.341339111328125,1800,0.0,0
2019-10-18,23.341339377478704,23.341339377478704,23.239108865512357,23.31329345703125,3800,0.0,0
2019-10-21,23.29610464690762,23.341339111328125,23.29610464690762,23.341339111328125,49800,0.0,0
2019-10-22,23.44085700375429,23.44085700375429,23.341339111328125,23.341339111328125,20200,0.0,0
2019-10-23,23.422764430388913,23.513235092163086,23.34134100735059,23.513235092163086,7200,0.0,0
2019-10-24,23.513233255284412,23.513233255284412,23.413715362548828,23.413715362548828,2100,0.0,0
2019-10-25,23.477046966552734,23.477046966552734,23.477046966552734,23.477046966552734,600,0.0,0
2019-10-28,23.477045268615385,23.56751419480849,23.350385665893555,23.350385665893555,4700,0.0,0
2019-10-29,23.350386746233635,23.398337281012104,23.350386746233635,23.38657569885254,1900,0.0,0
2019-10-30,23.513233182177625,23.513233182177625,23.214681230483343,23.341339111328125,5600,0.0,0
2019-10-31,23.341339111328125,23.341339111328125,23.341339111328125,23.341339111328125,100,0.0,0
2019-11-04,23.3910961151123,23.3910961151123,23.3910961151123,23.391096115112305,300,0.0,0
2019-11-05,23.386573591572514,23.412809371948242,23.345861886336753,23.412809371948242,700,0.0,0
2019-11-06,23.467999572045553,23.467999572045553,23.296105494938722,23.355815887451172,500,0.0,0
2019-11-07,23.382957757993005,23.477046966552734,23.27982131104281,23.477046966552734,2600,0.0,0
2019-11-08,23.341339056341855,23.417335510253906,23.341339056341855,23.417335510253906,1300,0.0,0
2019-11-11,23.417335510253906,23.417335510253906,23.417335510253906,23.417335510253906,200,0.0,0
2019-11-12,23.250870720452838,23.359434127807617,23.241823482242566,23.359434127807617,3400,0.0,0
2019-11-13,23.3865754821391,23.404669958280877,23.16039970711954,23.16944694519043,9000,0.0,0
2019-11-14,23.251774030998007,23.323246002197266,23.241822587025286,23.323246002197266,2100,0.0,0
2019-11-15,23.268962594684293,23.35038600992506,23.268962594684293,23.297008514404297,1800,0.0,0
2019-11-18,23.30515078510642,23.33138656616211,23.30515078510642,23.33138656616211,1500,0.0,0
2019-11-19,23.386574023440865,23.40828704833984,23.250868912010354,23.408287048339844,1700,0.0,0
2019-11-20,23.377528994386807,23.377528994386807,23.318722807830714,23.33048439025879,1800,0.0,0
2019-11-21,23.33229359891139,23.341339111328125,23.33229359891139,23.341339111328125,2100,0.0,0
2019-11-25,23.332294464111328,23.332294464111328,23.332294464111328,23.332294464111328,200,0.0,0
2019-11-26,23.41371235291172,23.43180682664397,23.386572367897333,23.40376091003418,900,0.0,0
2019-11-27,23.38657530133284,23.38657530133284,23.278010170905734,23.341339111328125,1300,0.0,0
2019-11-29,23.29067192947689,23.431805711822502,23.29067192947689,23.296100616455078,500,0.0,0
2019-12-02,23.259916982598952,23.42276382446289,23.25087146968145,23.42276382446289,1300,0.0,0
2019-12-03,23.3956226120749,23.476140097040478,23.350386421929535,23.413715362548828,2900,0.0,0
2019-12-04,23.26443862915039,23.26443862915039,23.26443862915039,23.26443862915039,800,0.0,0
2019-12-05,23.341337777728228,23.341337777728228,23.309673309326172,23.309673309326172,800,0.0,0
2019-12-06,23.296105649911937,23.477046966552734,23.296105649911937,23.477046966552734,1400,0.0,0
2019-12-09,23.65798568725586,23.65798568725586,23.65798568725586,23.65798568725586,100,0.0,0
2019-12-10,23.578371334097287,23.578371334097287,23.33229268224262,23.426380157470703,4100,0.0,0
2019-12-11,23.386575360336227,23.433619962709297,23.34224510192871,23.34224510192871,3000,0.0,0
2019-12-12,23.350385665893555,23.350385665893555,23.350385665893555,23.350385665893555,300,0.0,0
2019-12-13,23.44900011062768,23.585609436035156,23.448094178915742,23.585609436035156,2300,0.0,0
2019-12-16,23.314198223369644,23.314198223369644,23.305150985717773,23.305150985717773,1000,0.0,0
2019-12-17,23.323246757353694,23.38657569885254,23.323246757353694,23.38657569885254,4200,0.0,0
2019-12-18,23.49875938127005,23.49875938127005,23.38657569885254,23.38657569885254,900,0.0,0
2019-12-19,23.29610504288952,23.47523621695092,23.29610504288952,23.38657569885254,1900,0.0,0
2019-12-20,23.458952752129086,23.458952752129086,23.234585378938505,23.374814987182617,5000,0.0,0
2019-12-23,23.287057408906676,23.41371528975146,23.287057408906676,23.341339111328125,1700,0.0,0
2019-12-24,23.36848136601789,23.37752860422816,23.359434127807617,23.359434127807617,900,0.0,0
2019-12-26,23.28705780473479,23.440857402196656,23.26896332842534,23.38657569885254,2500,0.0,0
2019-12-27,23.44990431466512,23.45895155269419,23.413715362548828,23.413715362548828,2800,0.0,0
2019-12-30,23.413715362548828,23.413715362548828,23.413715362548828,23.413715362548828,0,0.0,0
2019-12-31,23.477045742557458,23.567514670576898,23.467998504638675,23.467998504638672,2200,0.0,0
2020-01-02,23.513235092163086,23.53132956963479,23.49785495887057,23.513235092163086,3400,0.0,0
2020-01-03,23.612749859223953,23.83892562085333,23.60189248394798,23.67607879638672,3200,0.0,0
2020-01-06,23.697793588068137,23.811785683459437,23.531328201293945,23.531328201293945,1900,0.0,0
2020-01-07,23.838924162416944,23.974629265975473,23.549419481336344,23.84073257446289,4900,0.0,0
2020-01-08,23.703221050608207,23.703221050608207,23.606417504911406,23.69417381286621,2600,0.0,0
2020-01-09,23.920347569668866,23.920347569668866,23.820829688453404,23.84073257446289,1900,0.0,0
2020-01-10,23.712267321421272,23.929397583007812,23.70322180897403,23.929397583007812,1800,0.0,0
2020-01-13,23.956537571517966,23.956537571517966,23.810881008055205,23.929397583007812,1100,0.0,0
2020-01-14,23.845935706463795,23.845935706463795,23.70836335033045,23.803747177124023,6000,0.359,0
2020-01-15,23.800078433461415,23.889958874672026,23.800078433461415,23.81383514404297,1300,0.0,0
2020-01-16,23.882622195605517,23.882622195605517,23.813835144042972,23.81383514404297,5600,0.0,0
2020-01-17,23.88262297102483,24.30451176961263,23.796409117220904,24.075223922729492,18900,0.0,0
2020-01-21,24.066051310270435,24.066051310270435,23.867030334191345,23.937650680541992,5000,0.0,0
2020-01-22,23.937651111943797,23.937651111943797,23.754220138173917,23.868864059448242,3100,0.0,0
2020-01-23,23.85143875059112,24.066051483154297,23.85143875059112,24.066051483154297,2500,0.0,0
2020-01-24,23.781734880445715,23.944987359575794,23.772563156989772,23.937650680541992,3700,0.0,0
2020-01-27,23.78448667844954,23.842266962084935,23.762474891922622,23.81383514404297,4900,0.0,0
2020-01-28,23.845937305346716,24.166940657399582,23.845937305346716,24.152265548706055,14300,0.0,0
2020-01-29,24.08439647731286,24.093568201423857,23.754221406627003,23.960580825805664,4200,0.0,0
2020-01-30,23.955994499221347,23.955994499221347,23.878952370861303,23.912887573242188,900,0.0,0
2020-01-31,23.864280140861098,23.864280140861098,23.781736373901367,23.781736373901367,3100,0.0,0
2020-02-03,23.928478715892027,23.928478715892027,23.79090636409434,23.91013526916504,4000,0.0,0
2020-02-04,23.910136083644815,24.05596351623535,23.87069924623303,24.05596351623535,2000,0.0,0
2020-02-05,24.001852857514006,24.001852857514006,23.8514404296875,23.8514404296875,2300,0.0,0
2020-02-06,23.9926815032959,23.9926815032959,23.84593741300821,23.9926815032959,1800,0.0,0
2020-02-07,23.946820022451313,23.96241177584306,23.946820022451313,23.955991744995117,1200,0.0,0
2020-02-10,23.859691574223977,23.859691574223977,23.690019065965615,23.809247970581055,18800,0.0,0
2020-02-11,23.71753621078649,23.7358779096433,23.61664899510029,23.708364486694336,7500,0.0,0
2020-02-12,23.616648436037075,23.744132424043414,23.616648436037075,23.62582015991211,7900,0.0,0
2020-02-13,23.69919029071671,23.80007749588012,23.69919029071671,23.756053924560547,4400,0.0,0
2020-02-14,23.800079273567004,23.9257282163213,23.79916087665573,23.900964736938477,2700,0.0,0
2020-02-18,23.89179236677014,23.89179236677014,23.790906906127933,23.79090690612793,600,0.0,0
2020-02-19,23.800080142013158,23.83676528930664,23.800080142013158,23.83676528930664,1800,0.0,0
2020-02-20,23.836765052165337,23.92848054347787,23.790908181172817,23.88262367248535,5100,0.0,0
2020-02-21,23.91930541276022,23.965162277221676,23.901880364049585,23.96516227722168,1100,0.0,0
2020-02-24,23.859692208930245,23.97433612959484,23.790906906127933,23.79090690612793,4900,0.0,0
2020-02-25,23.79090624746604,25.441777959600092,23.79090624746604,24.25865364074707,18000,0.0,0
2020-02-26,24.258655858658226,24.561315758531855,24.157768642257846,24.277915954589844,7200,0.0,0
2020-02-27,23.911970493886777,24.487941780435083,23.781734820066845,24.111909866333008,11200,0.0,0
2020-02-28,23.616647541124173,24.07522322153435,23.4790751868666,23.97158432006836,14000,0.0,0
2020-03-02,23.937650680541992,23.937650680541992,23.616647356893495,23.937650680541992,2500,0.0,0
2020-03-03,23.662503572472318,23.80007767119118,23.662503572472318,23.75421905517578,4600,0.0,0
2020-03-04,23.845935509752298,23.93765099619375,23.662504536869395,23.826675415039062,6700,0.0,0
2020-03-05,23.928479409295708,24.671371529992776,23.928479409295708,24.570486068725586,9300,0.0,0
2020-03-06,24.52462979944633,24.542973248461738,24.304513659244186,24.5374698638916,79600,0.0,0
2020-03-09,24.30451185624091,24.441167567411156,23.758807408471874,24.176111221313477,17300,0.0,0
2020-03-10,23.80924873279243,23.98350798295731,23.43321681092381,23.4423885345459,4500,0.0,0
2020-03-11,23.38735980795453,24.08072671572506,23.38735980795453,23.624902725219727,2600,0.0,0
2020-03-12,23.809250027035706,23.809250027035706,14.958739172595369,20.95599365234375,18800,0.0,0
2020-03-13,22.14920425415039,22.14920425415039,21.094480575253197,22.14920425415039,3200,0.0,0
2020-03-16,21.305426053948946,21.55305734541571,18.852046821808127,21.461341857910156,11300,0.0,0
2020-03-17,20.177328452047803,20.177328452047803,19.2601771587729,19.856325149536133,3200,0.0,0
2020-03-18,19.90218520440976,19.90218520440976,15.041281948601453,16.738012313842773,5100,0.0,0
2020-03-19,15.362284524100167,16.050148010253906,13.00520592477239,16.050148010253906,18900,0.0,0
2020-03-20,15.591572867499458,16.508724212646484,14.674421522352432,16.508724212646484,140700,0.0,0
2020-03-23,15.408141614035282,16.499552184405374,13.02354868551252,14.2341890335083,16300,0.0,0
2020-03-24,13.949872936903056,15.64660251523075,13.949872936903056,14.90371036529541,10500,0.0,0
2020-03-25,16.36473182931311,20.177329593234592,15.591572867499458,16.508724212646484,36800,0.0,0
2020-03-26,17.884451900733097,19.39775132708349,17.884451900733097,18.324684143066406,5700,0.0,0
2020-03-27,19.260177054056307,19.535321740811924,17.884450121623715,18.80160140991211,26700,0.0,0
2020-03-30,17.88445143699646,19.096925991111675,16.050148725509644,18.343027114868164,9400,0.0,0
2020-03-31,18.352199356880032,20.048929762811355,18.352199356880032,19.726091384887695,8700,0.0,0
2020-04-01,19.028141772998314,19.4436123366533,17.67809466436448,17.70102310180664,83000,0.0,0
2020-04-02,17.98900698543821,18.343027114868164,17.98900698543821,18.343027114868164,3600,0.0,0
2020-04-03,19.21431898985443,19.21431898985443,17.79273353215831,17.884449005126953,6800,0.0,0
2020-04-06,18.4806001178127,18.82269859313965,18.21462712495048,18.82269859313965,2700,0.0,0
2020-04-07,19.02171869651902,20.17732960181498,18.50444609334555,20.021413803100586,9400,0.0,0
2020-04-08,19.159292309707276,20.177330930053877,19.159292309707276,20.16357421875,2700,0.0,0
2020-04-09,21.2384749644135,21.2384749644135,19.8544945131439,20.819337844848633,7700,0.0,0
2020-04-13,21.113743472054924,22.01163482666016,21.113743472054924,22.011634826660156,8200,0.0,0
2020-04-14,21.996737390756607,22.34589195251465,21.996737390756607,22.34589195251465,700,0.359,0
2020-04-15,21.650372213171266,21.880348399508673,21.414809071859555,21.639198303222656,1400,0.0,0
2020-04-16,21.647579193115238,21.647579193115238,20.786332129122144,21.647579193115234,900,0.0,0
2020-04-17,21.647579856540847,21.66899533445679,19.701625224139605,21.414810180664062,11900,0.0,0
2020-04-20,21.20252498245617,21.20252498245617,20.93996115502992,20.94927215576172,4000,0.0,0
2020-04-21,21.08893539461103,21.647583054419606,21.08893539461103,21.163421630859375,1800,0.0,0
2020-04-22,21.163420065020464,21.573095222021305,20.48373298755649,21.275150299072266,4100,0.0,0
2020-04-23,21.41481051706286,21.55633488001885,21.3217022900712,21.554471969604492,2600,0.0,0
2020-04-24,21.639199423645472,21.647579856540847,21.414810180664062,21.414810180664062,1700,0.0,0
2020-04-27,21.656890533793444,22.252780326868358,21.27514841311837,21.787240982055664,3500,0.0,0
2020-04-28,21.50792009144564,22.159674169433792,20.763056004741113,21.573095321655273,3300,0.0,0
2020-04-29,21.64757854380506,21.880348205566406,21.08893100039952,21.880348205566406,2200,0.0,0
2020-04-30,21.880351454241,22.141054153442383,21.27515059898292,22.141054153442383,3900,0.0,0
2020-05-01,21.414812061597576,22.141054153442383,21.31239282693063,22.141054153442383,2800,0.0,0
2020-05-04,21.895249159371556,23.183861132074007,21.895249159371556,22.811429977416992,4600,0.0,0
2020-05-05,22.90453595182556,22.90453595182556,22.614039147066517,22.67176628112793,1000,0.0,0
2020-05-06,22.81142816618706,22.81142816618706,22.625211715698246,22.625211715698242,1500,0.0,0
2020-05-07,22.615904643231993,22.625213868339628,22.364512943921323,22.43899917602539,800,0.0,0
2020-05-08,22.625214768801506,22.625214768801506,22.532108306884766,22.532108306884766,1400,0.0,0
2020-05-11,22.48554992675781,22.615902150491305,22.34588847894275,22.485549926757812,4800,0.0,0
2020-05-12,22.34589195251465,22.34589195251465,22.34589195251465,22.34589195251465,1000,0.0,0
2020-05-13,22.33471949508132,22.34589163109015,22.038635692198337,22.20623016357422,3800,0.0,0
2020-05-14,22.12242953045831,22.159671753993564,21.321701301696464,21.647579193115234,9300,0.0,0
2020-05-15,22.290027719883106,22.34589195251465,22.01070300494151,22.34589195251465,1200,0.0,0
2020-05-18,22.471584980430023,22.520931683447444,22.252780914306644,22.25278091430664,3500,0.0,0
2020-05-19,22.206228361159678,22.206228361159678,22.06656690497966,22.06842803955078,1100,0.0,0
2020-05-20,22.48554992675781,22.48554992675781,22.48554992675781,22.485549926757812,300,0.0,0
2020-05-21,22.625211715698246,22.625211715698246,22.485550265777476,22.625211715698242,800,0.0,0
2020-05-22,22.457622193669675,22.62521489156431,22.167125342558545,22.34589195251465,1900,0.0,0
2020-05-26,22.811430326654587,22.811430326654587,22.681079864501957,22.681079864501953,600,0.0,0
2020-05-27,22.695046037065445,22.77791270484182,22.695046037065445,22.745325088500977,1200,0.0,0
2020-05-28,22.764877319335938,22.811430548874853,22.764877319335938,22.764877319335938,400,0.0,0
2020-05-29,22.648490672275788,22.648490672275788,22.578659057617188,22.578659057617188,500,0.0,0
2020-06-01,22.57866028376988,22.811429977416992,22.57866028376988,22.811429977416992,1300,0.0,0
2020-06-02,22.718322102442677,22.718322102442677,22.438068608692998,22.43899917602539,2000,0.0,0
2020-06-03,22.4390000690761,22.625214768801506,22.4390000690761,22.532108306884766,3100,0.0,0
2020-06-04,22.48555138645058,23.044198989868164,22.48555138645058,23.044198989868164,2600,0.0,0
2020-06-05,23.044198989868164,23.044198989868164,23.044198989868164,23.044198989868164,700,0.0,0
2020-06-08,23.11402982900792,23.22110366821289,23.044198214969505,23.22110366821289,1500,0.0,0
2020-06-09,23.090753011627402,23.090753011627402,22.80863661039183,23.081443786621094,4800,0.0,0
2020-06-10,23.17920651959347,23.17920651959347,22.811429977416992,22.811429977416992,1000,0.0,0
2020-06-11,22.764878033344424,22.764878033344424,22.262094614273625,22.290027618408203,1600,0.0,0
2020-06-12,22.34589181656895,22.755566997122454,22.34589181656895,22.560039520263672,2300,0.0,0
2020-06-15,22.550726849647113,22.876604769694953,22.252781931623417,22.615903854370117,13900,0.0,0
2020-06-16,22.615905610078308,22.85798454284668,22.615905610078308,22.85798454284668,800,0.0,0
2020-06-17,22.81142873862355,22.85798196446813,22.578659057617188,22.578659057617188,900,0.0,0
2020-06-18,22.532104815962175,22.668972785523906,22.429685592651367,22.429685592651367,1100,0.0,0
2020-06-19,22.764874751219025,22.997644424438477,22.44830785356924,22.997644424438477,1100,0.0,0
2020-06-22,22.569347302251018,22.997644424438477,22.569347302251018,22.997644424438477,600,0.0,0
2020-06-23,22.625211855575103,22.997644758855238,22.625211855575103,22.929676055908203,2400,0.0,0
2020-06-24,23.18385977513171,23.276968002319336,22.86170768875745,23.276968002319336,2000,0.0,0
2020-06-25,22.951089533696507,23.276967432935947,22.494861185117966,23.164306640625,2500,0.0,0
2020-06-26,23.183860778808594,23.183860778808594,23.183860778808594,23.183860778808594,100,0.0,0
2020-06-29,22.997645429462786,22.997645429462786,22.570278855834978,22.904537200927734,700,0.0,0
2020-06-30,22.811429752086692,22.913848984565114,22.64383529017357,22.824464797973633,1600,0.0,0
2020-07-01,22.824464797973633,22.824464797973633,22.824464797973633,22.824464797973633,0,0.0,0
2020-07-02,22.904538991060008,22.904538991060008,22.54141704898223,22.876605987548828,1500,0.0,0
2020-07-06,22.857983882064016,22.857983882064016,22.7183224169221,22.820741653442383,1400,0.0,0
2020-07-07,22.857981415151215,22.857981415151215,22.78256462281004,22.8393611907959,2200,0.0,0
2020-07-08,22.8393611907959,22.8393611907959,22.8393611907959,22.8393611907959,0,0.0,0
2020-07-09,22.80304729565927,22.80304729565927,22.67176628112793,22.67176628112793,500,0.0,0
2020-07-10,22.857980952151046,22.86729195208595,22.67176628112793,22.67176628112793,1900,0.0,0
2020-07-13,22.718321521821483,22.727632522583008,22.718321521821483,22.727632522583008,200,0.0,0
2020-07-14,22.719128430246123,22.91568374633789,22.719128430246123,22.91568374633789,2800,0.359,0
2020-07-15,22.188050345354352,23.520467219768914,22.188050345354352,22.66998863220215,2600,0.0,0
2020-07-16,22.679439572907413,22.679439572907413,22.542417526245117,22.542417526245117,1300,0.0,0
2020-07-17,23.095229892051638,23.388172149658203,22.632191548609022,23.388172149658203,1300,0.0,0
2020-07-20,23.15192677179486,23.34092281334087,22.783386473419945,23.199174880981445,3600,0.0,0
2020-07-21,23.01963233947754,23.01963233947754,22.84953624989126,23.01963233947754,5200,0.0,0
2020-07-22,22.962930394969042,23.33147249036273,22.962930394969042,23.293672561645508,2400,0.0,0
2020-07-23,23.31257438659668,23.31257438659668,23.31257438659668,23.31257438659668,400,0.0,0
2020-07-24,23.15192689880439,23.15192689880439,23.06215476989746,23.06215476989746,500,0.0,0
2020-07-27,23.340921126028544,23.340921126028544,23.279497146606445,23.279497146606445,300,0.0,0
2020-07-28,23.21807568069061,23.246425628662113,23.104679493604394,23.24642562866211,1300,0.0,0
2020-07-29,23.246425628662113,23.246425628662113,23.246425628662113,23.24642562866211,200,0.0,0
2020-07-30,23.104679060810053,23.246425193212595,22.235300499034626,22.86843490600586,4300,0.0,0
2020-07-31,22.72668706395171,23.085779190063473,22.717238883832866,23.085779190063477,2100,0.0,0
2020-08-03,23.151927017940217,23.246425039717902,23.07538450347622,23.14247703552246,7400,0.0,0
2020-08-04,23.16137788282278,23.170827865600586,23.16137788282278,23.170827865600586,500,0.0,0
2020-08-05,23.322023687519554,23.322023687519554,23.246425628662113,23.24642562866211,700,0.0,0
2020-08-06,23.265325368617965,23.567717601118623,23.265325368617965,23.421245574951172,4000,0.0,0
2020-08-07,23.345646131672545,23.42597007751465,23.26532398823021,23.42597007751465,3500,0.0,0
2020-08-10,23.435419377103145,24.550492073378834,23.435419377103145,23.87010955810547,2300,0.0,0
2020-08-11,23.775612855295407,23.84176093376213,23.747262906352542,23.766162872314453,8600,0.0,0
2020-08-12,23.69056481086677,23.766162872314453,23.67166484490486,23.766162872314453,3600,0.0,0
2020-08-13,23.766160673573662,23.860658692240712,23.695288511373217,23.841758728027344,6200,0.0,0
2020-08-14,23.58661495990967,24.02130513111304,23.511016904361238,24.002405166625977,7200,0.0,0
2020-08-17,23.62441635131836,23.62441635131836,23.62441635131836,23.62441635131836,2000,0.0,0
2020-08-18,23.62441554500368,23.62441554500368,23.180277181621562,23.353206634521484,9800,0.0,0
2020-08-19,23.440146769516797,23.61496695015057,23.24642662276046,23.355098724365234,5700,0.0,0
2020-08-20,23.388171512183927,23.567717575939323,23.170827320606268,23.55826759338379,4700,0.0,0
2020-08-21,23.293673244921116,23.62441542129928,23.293673244921116,23.614965438842773,5100,0.0,0
2020-08-24,23.605514895167847,23.624414859631507,23.388170711035194,23.498733520507812,7500,0.0,0
2020-08-25,23.614965438842773,23.62441542129928,23.614965438842773,23.614965438842773,5600,0.0,0
2020-08-26,23.60551638566132,23.62441635131836,23.52046834260458,23.62441635131836,5200,0.0,0
2020-08-27,23.48834056386753,23.62441635131836,23.482670213690433,23.62441635131836,4800,0.0,0
2020-08-28,23.5299183254331,23.62441635131836,23.43542029954784,23.62441635131836,4200,0.0,0
2020-08-31,23.529916920076598,24.763111668345157,23.529916920076598,24.238649368286133,12600,0.0,0
2020-09-01,24.238649368286133,24.238649368286133,23.77561105174388,24.238649368286133,1000,0.0,0
2020-09-02,24.10635439319144,24.56939273224186,24.096904410467975,24.191402435302734,5700,0.0,0
2020-09-03,24.158328369704744,24.32842445373535,24.158328369704744,24.32842445373535,400,0.0,0
2020-09-04,24.266998750526792,24.28589871461531,24.165885925292972,24.16588592529297,1100,0.0,0
2020-09-08,24.56939312092309,24.56939312092309,24.002406765344876,24.333148956298828,1300,0.0,0
2020-09-09,23.907907485961914,24.049655419227175,23.770887247485256,23.907907485961914,5200,0.0,0
2020-09-10,23.88428343121765,23.98350554258346,23.62441522423108,23.907907485961914,12600,0.0,0
2020-09-11,23.851209935779856,23.855935828275946,23.624415760764503,23.775611877441406,4200,0.0,0
2020-09-14,23.709461745871284,23.71891172764418,23.579054520764977,23.66410255432129,18600,0.0,0
2020-09-15,23.860660263830617,23.860660263830617,23.62441610280259,23.681114196777344,4600,0.0,0
2020-09-16,23.671663776728447,23.81341171264648,23.624415666355684,23.813411712646484,2300,0.0,0
2020-09-17,23.813412441160313,23.860660552978516,23.813412441160313,23.860660552978516,9300,0.0,0
2020-09-18,23.84081612972688,23.860660552978516,23.84081612972688,23.860660552978516,1200,0.0,0
2020-09-21,23.81341171264648,24.084618822121925,23.624415666355684,23.813411712646484,3700,0.0,0
2020-09-22,23.81341171264648,23.81341171264648,23.81341171264648,23.813411712646484,0,0.0,0
2020-09-23,23.718914415123976,23.860660552978516,23.681114483749468,23.860660552978516,8800,0.0,0
2020-09-24,24.091233178809127,24.200851532470267,23.62441522423108,23.907907485961914,1200,0.0,0
2020-09-25,23.68111438845466,23.898460388183597,23.68111438845466,23.898460388183594,500,0.0,0
2020-09-28,23.78978658285128,23.860660552978516,23.78978658285128,23.860660552978516,800,0.0,0
2020-09-29,23.860660552978516,23.860660552978516,23.860660552978516,23.860660552978516,700,0.0,0
2020-09-30,23.718914415123976,23.860660552978516,23.718914415123976,23.860660552978516,800,0.0,0
2020-10-01,23.860659351690856,23.860659351690856,23.78978538513184,23.789785385131836,400,0.0,0
2020-10-02,23.813410904669947,23.813410904669947,23.789785047885303,23.797346115112305,2600,0.0,0
2020-10-05,23.766162872314453,23.813412787219228,23.643316698361954,23.766162872314453,8600,0.0,0
2020-10-06,23.66221716457723,23.747263408403906,23.643317198215744,23.652767181396484,9800,0.0,0
2020-10-07,23.718914167988785,23.955158329418154,23.718914167988785,23.9173583984375,4900,0.0,0
2020-10-08,23.945708596171226,23.945708596171226,23.80679763340977,23.860660552978516,7100,0.0,0
2020-10-09,23.766162231767208,23.93625831604004,23.766162231767208,23.93625831604004,2900,0.0,0
2020-10-12,23.93625831604004,23.93625831604004,23.93625831604004,23.93625831604004,600,0.0,0
2020-10-13,23.89846146400658,23.992957691516605,23.846487457436062,23.851211547851562,6600,0.0,0
2020-10-14,24.061145850605534,24.061145850605534,23.917354510201548,23.96528434753418,1400,0.359,0
2020-10-15,24.01800826564373,24.022800518014556,23.96528434753418,23.96528434753418,8900,0.0,0
2020-10-16,23.9652842796708,24.139750788609874,23.9652842796708,24.061145782470703,5400,0.0,0
2020-10-19,24.150296760730843,24.39665985107422,24.089902679916158,24.39665985107422,3300,0.0,0
2020-10-20,24.080318757540756,24.444590278764835,24.080318757540756,24.338184356689453,1300,0.0,0
2020-10-21,24.34872811344237,24.444589614868164,24.118661607064105,24.444589614868164,4000,0.0,0
2020-10-22,24.444589614868164,24.444589614868164,24.425416948901795,24.444589614868164,1200,0.0,0
2020-10-23,24.17617805518848,24.339142060968676,24.12824821812622,24.157007217407227,800,0.0,0
2020-10-26,24.137834410119236,24.291212081909176,24.109075411006348,24.29121208190918,1200,0.0,0
2020-10-27,24.118662799709657,24.233696972790153,24.118662799709657,24.180973052978516,700,0.0,0
2020-10-28,24.10907737794116,24.204938887732233,24.10907737794116,24.185766220092773,2500,0.0,0
2020-10-29,24.17138566154791,24.291212081909176,24.17138566154791,24.29121208190918,1000,0.0,0
2020-10-30,24.195350790460566,24.195350790460566,24.07073211669922,24.07073211669922,400,0.0,0
2020-11-02,24.157007286382495,24.204937123581605,24.07073211669922,24.07073211669922,3600,0.0,0
2020-11-03,24.109075413368398,24.617140093976147,24.070731909620193,24.31038475036621,10800,0.0,0
2020-11-04,24.157007217407227,24.71300173799741,24.11866188503255,24.157007217407227,8100,0.0,0
2020-11-05,24.252866891531742,24.444589896592944,24.13783455121989,24.157007217407227,2700,0.0,0
2020-11-06,24.157007286382495,24.157007286382495,24.07073211669922,24.07073211669922,4600,0.0,0
2020-11-09,24.157007353676892,24.157007353676892,23.846416010589454,23.96528434753418,12500,0.0,0
2020-11-10,23.974870539797042,24.10907554626465,23.965284206705633,24.10907554626465,7700,0.0,0
2020-11-11,24.037180858327137,24.037180858327137,24.013214111328125,24.013214111328125,900,0.0,0
2020-11-12,24.14742060601366,24.61713995175338,24.14742060601366,24.444589614868164,6600,0.0,0
2020-11-13,24.540450264441116,24.923894428428042,24.540450264441116,24.596050262451172,1500,0.0,0
2020-11-16,24.396659646673324,24.63631248474121,24.214522977788036,24.63631248474121,3900,0.0,0
2020-11-17,24.770517549130957,24.85199863663703,24.2049367036446,24.49251937866211,5300,0.0,0
2020-11-18,24.291212016350947,24.444589687726943,24.291212016350947,24.39665985107422,2100,0.0,0
2020-11-19,24.348728883219348,24.66507056804126,24.300799045194196,24.612346649169922,12300,0.0,0
2020-11-20,24.444589476477034,24.597967146527544,24.435003143548123,24.588380813598633,3500,0.0,0
2020-11-23,24.444589616113007,24.51169211859266,24.444589616113007,24.45417594909668,1700,0.0,0
2020-11-24,24.569210054157523,24.59796905517578,24.319972692290726,24.59796905517578,5500,0.0,0
2020-11-25,24.49251938374931,24.59796721786713,24.25286654504959,24.530864715576172,5200,0.0,0
2020-11-27,24.444589614868164,24.444589614868164,24.444589614868164,24.444589614868164,400,0.0,0
2020-11-30,24.425417021703428,24.435003354715185,24.176177848615914,24.39665985107422,1000,0.0,0
2020-12-01,24.39665985107422,24.39665985107422,24.39665985107422,24.39665985107422,600,0.0,0
2020-12-02,24.32955354115493,24.415828702837523,24.099487052803326,24.40624237060547,2500,0.0,0
2020-12-03,24.376529234768086,24.376529234768086,24.137834478154694,24.204936981201172,3400,0.0,0
2020-12-04,24.252864786241734,24.38707160949707,24.133038375581634,24.38707160949707,1200,0.0,0
2020-12-07,24.14742219654312,24.2528682094915,24.061147022417785,24.177139282226562,13400,0.0,0
2020-12-08,24.07073204683905,24.243282385704806,24.013214048279746,24.14742088317871,17800,0.0,0
2020-12-09,24.166593477953388,24.31038665639983,24.032388461703338,24.281627655029297,6600,0.0,0
2020-12-10,24.10907555080584,24.15700721627193,23.850250042507206,24.14742088317871,24900,0.0,0
2020-12-11,24.10907370477344,24.14741903421021,24.04197120666504,24.04197120666504,4300,0.0,0
2020-12-14,24.109075545127094,24.204937047630608,24.04197304189646,24.099489212036133,3300,0.0,0
2020-12-15,24.10907730361854,24.300800322609653,24.10907730361854,24.281627655029297,4300,0.0,0
2020-12-16,24.204936981201172,24.339141987294123,24.204936981201172,24.204936981201172,2600,0.0,0
2020-12-17,24.157009047039807,24.195352553912503,24.137836379400348,24.185766220092773,50100,0.0,0
2020-12-18,24.17617936836665,24.2912135433329,24.118663195086615,24.167552947998047,9800,0.0,0
2020-12-21,24.08990463690725,24.300800323486325,24.08990463690725,24.300800323486328,3800,0.0,0
2020-12-22,24.06114746480856,24.31997299194336,24.06114746480856,24.31997299194336,17500,0.0,0
2020-12-23,24.157008971259607,24.329557494254797,24.11866363610098,24.25286865234375,4000,0.0,0
2020-12-24,24.214525147777834,24.315178909969003,24.214525147777834,24.300800323486328,900,0.0,0
2020-12-28,24.287377842758996,24.348728179931637,24.15700700496258,24.34872817993164,6800,0.0,0
2020-12-29,24.300796898174706,24.300796898174706,24.20972765420448,24.258617401123047,2400,0.0,0
2020-12-30,24.303676407339506,24.387075500073223,24.22411148244089,24.31997299194336,3200,0.0,0
2020-12-31,24.41583082457879,24.41583082457879,24.204936982364575,24.214523315429688,4000,0.0,0
2021-01-04,24.20493684765119,24.650691276464578,24.20493684765119,24.39665985107422,2300,0.0,0
2021-01-05,24.564415892880678,24.5692081451416,24.550037307691856,24.5692081451416,700,0.0,0
2021-01-06,24.463762283325195,24.463762283325195,24.463762283325195,24.463762283325195,300,0.0,0
2021-01-07,24.602761023344843,24.81844711303711,24.602761023344843,24.81844711303711,1100,0.0,0
2021-01-08,24.588380950296546,24.751344954181956,24.425416946411133,24.425416946411133,700,0.0,0
2021-01-11,24.444589339695106,24.732172012329105,24.444589339695106,24.7321720123291,1300,0.0,0
2021-01-12,24.684243234613767,24.752303824018217,24.482935720820787,24.612346649169922,1000,0.0,0
2021-01-13,24.516487121582028,24.516487121582028,24.516487121582028,24.51648712158203,300,0.0,0
2021-01-14,24.69538116455078,24.69538116455078,24.69538116455078,24.69538116455078,600,0.359,0
2021-01-15,24.56898774256095,24.578710556030273,24.549542115622295,24.578710556030273,2900,0.0,0
2021-01-19,24.666212961984126,24.666212961984126,24.561207322806254,24.58843231201172,1200,0.0,0
2021-01-20,24.6953799943077,24.909278176436477,24.462038040161133,24.462038040161133,10600,0.0,0
2021-01-21,24.646768535889862,24.734272003173828,24.6370457223653,24.734272003173828,2900,0.0,0
2021-01-22,24.705102888862122,24.792606353759766,24.671073969672708,24.792606353759766,2200,0.0,0
2021-01-25,24.86066500958008,25.123175412904594,24.86066500958008,24.889833450317383,2700,0.0,0
2021-01-26,24.889833902856108,24.889833902856108,24.763439178466797,24.763439178466797,800,0.0,0
2021-01-27,24.71482570212153,24.884970298068605,24.705102888862122,24.792606353759766,1200,0.0,0
2021-01-28,24.831498283982356,24.86552720409978,24.695380749075593,24.734272003173828,900,0.0,0
2021-01-29,24.724550247192386,24.724550247192386,24.724550247192386,24.724550247192383,100,0.0,0
2021-02-01,24.957891744710146,24.975392067695886,24.75371636471092,24.763439178466797,4700,0.0,0
2021-02-02,24.87038872456945,24.87038872456945,24.86747169494629,24.86747169494629,700,0.0,0
2021-02-03,24.86747169494629,24.86747169494629,24.86747169494629,24.86747169494629,0,0.0,0
2021-02-04,24.88010978698731,24.88010978698731,24.88010978698731,24.880109786987305,300,0.0,0
2021-02-05,24.95789058214405,25.278736003394265,24.94816776884107,25.03567123413086,3800,0.0,0
2021-02-08,24.987058859245007,24.987058859245007,24.792606303326465,24.824691772460938,2800,0.0,0
2021-02-09,24.812052796121648,24.889833450317386,24.80232998254255,24.889833450317383,1300,0.0,0
2021-02-10,24.773161541805244,24.889833450317386,24.773161541805244,24.889833450317383,1400,0.0,0
2021-02-11,24.889833450317386,24.889833450317386,24.889833450317386,24.889833450317383,300,0.0,0
2021-02-12,24.889833450317386,24.889833450317386,24.889833450317386,24.889833450317383,500,0.0,0
2021-02-16,24.792606353759766,24.792606353759766,24.792606353759766,24.792606353759766,600,0.0,0
2021-02-17,24.821775033732553,25.035671364198276,24.685657501220703,24.685657501220703,5500,0.0,0
2021-02-18,24.71482743325195,24.75371683457654,24.5981555204039,24.724550247192383,10000,0.0,0
2021-02-19,24.71482658386231,24.734272211074874,24.67496360440767,24.714826583862305,2200,0.0,0
2021-02-22,24.714825545824763,24.781911658784505,24.714825545824763,24.779966354370117,600,0.0,0
2021-02-23,24.78288537086538,25.181511471756902,24.763439742910393,24.967615127563477,14800,0.0,0
2021-02-24,24.812051773071286,24.97247355441926,24.782883333536656,24.81205177307129,2100,0.0,0
2021-02-25,24.841219208986743,24.841219208986743,24.821775436401364,24.821775436401367,900,0.0,0
2021-02-26,25.006502264820412,25.249567028938003,24.831497192382812,24.831497192382812,700,0.0,0
2021-03-01,24.82177490477639,25.03567123413086,24.59815390768192,25.03567123413086,2400,0.0,0
2021-03-02,24.996779980918944,25.03567123413086,24.996779980918944,25.03567123413086,2600,0.0,0
2021-03-03,25.03567123413086,25.03567123413086,25.03567123413086,25.03567123413086,0,0.0,0
2021-03-04,25.035670590648486,25.220400329783004,24.78774534832443,25.006502151489258,5000,0.0,0
2021-03-05,25.03567231065115,25.03567231065115,24.959836959838867,24.959836959838867,400,0.0,0
2021-03-08,24.69538078409395,24.938445559241405,24.69538078409395,24.921916961669922,1500,0.0,0
2021-03-09,24.91900007132742,24.91900007132742,24.782884389904556,24.802330017089844,2900,0.0,0
2021-03-10,24.938446044921875,24.938446044921875,24.938446044921875,24.938446044921875,100,0.0,0
2021-03-11,24.967615127563473,24.967615127563473,24.80233099882037,24.967615127563477,900,0.0,0
2021-03-12,24.967612753713922,25.006502151489254,24.967612753713922,25.006502151489258,700,0.0,0
2021-03-15,25.132898330688477,25.132898330688477,25.094007076210822,25.132898330688477,1500,0.0,0
2021-03-16,24.948168858649577,24.967614486104974,24.938446044921875,24.938446044921875,1000,0.0,0
2021-03-18,24.918998629443763,25.181509017944332,24.853857822023063,25.181509017944336,3300,0.0,0
2021-03-19,25.03567123413086,25.03567123413086,24.850941490248303,25.03567123413086,1300,0.0,0
2021-03-22,25.035672215940142,26.134324200143638,25.035672215940142,25.706531524658203,4800,0.0,0
2021-03-23,25.084284534900398,25.444021224975586,25.084284534900398,25.444021224975586,1300,0.0,0
2021-03-24,25.375962776568837,25.375962776568837,25.327348709106445,25.327348709106445,400,0.0,0
2021-03-25,25.37596370174027,25.37596370174027,24.84122006678033,25.162065505981445,7900,0.0,0
2021-03-26,25.074564359000565,25.123176574707035,24.880111787300375,25.12317657470703,1500,0.0,0
2021-03-29,25.123176574707035,25.123176574707035,25.123176574707035,25.12317657470703,0,0.0,0
2021-03-30,24.967615259121747,25.123176574707035,24.967615259121747,25.12317657470703,1800,0.0,0
2021-03-31,24.88983413601512,25.162065505981445,24.88983413601512,25.162065505981445,1200,0.0,0
2021-04-01,25.058034896850582,25.058034896850582,25.058034896850582,25.058034896850586,200,0.0,0
2021-04-05,25.016227267131676,25.142621994018555,24.9384466099848,25.142621994018555,1700,0.0,0
2021-04-06,24.96761248975979,25.24956664757035,24.96761248975979,25.20095443725586,1000,0.0,0
2021-04-07,25.132898330688477,25.132898330688477,25.132898330688477,25.132898330688477,300,0.0,0
2021-04-09,25.152343490904293,25.27873635673567,25.152343490904293,25.24859619140625,2600,0.0,0
2021-04-12,25.24956703186035,25.26804093307815,25.24956703186035,25.24956703186035,2300,0.0,0
2021-04-13,25.27873611450195,25.317627367884803,25.27873611450195,25.278736114501953,3800,0.0,0
2021-04-14,25.405914306640625,25.405914306640625,25.405914306640625,25.405914306640625,500,0.359,0
2021-04-15,25.32704478717641,25.3891544342041,25.32704478717641,25.3891544342041,600,0.0,0
2021-04-16,25.336904525756832,25.336904525756832,25.336904525756832,25.336904525756836,400,0.0,0
2021-04-19,25.336904525756832,25.336904525756832,25.336904525756832,25.336904525756836,200,0.0,0
2021-04-20,25.33690409893856,25.33690409893856,25.333946228027347,25.333946228027344,700,0.0,0
2021-04-21,25.159447823860244,25.307328212117184,25.13972993731901,25.238317489624023,6700,0.0,0
2021-04-22,25.238316293711907,25.238316293711907,25.120010860471538,25.181135177612305,3700,0.0,0
2021-04-23,25.14958803034404,25.205781936645504,25.14958803034404,25.205781936645508,200,0.0,0
2021-04-26,24.91297898380821,25.04114148089657,24.86565680997829,24.903120040893555,15600,0.0,0
2021-04-27,24.903120012826278,25.041141452673738,24.89326106992273,25.009593963623047,10500,0.0,0
2021-04-28,24.922837983255874,25.069733036335617,24.922837983255874,24.987905502319336,5000,0.0,0
2021-04-29,25.031282652016884,25.060859480895598,25.01945304870606,25.019453048706055,3200,0.0,0
2021-04-30,25.021424049789655,25.080577708352614,24.95241332853399,25.07071876525879,4500,0.0,0
2021-05-03,25.06085968017578,25.108181854597586,25.06085968017578,25.06085968017578,2300,0.0,0
2021-05-04,25.06085982216496,25.07071876525879,24.9918491009093,25.07071876525879,1800,0.0,0
2021-05-05,25.06085982216496,25.07071876525879,25.001708044003124,25.07071876525879,2000,0.0,0
2021-05-06,25.050999767480448,25.080576595449514,24.99184799194336,24.99184799194336,1800,0.0,0
2021-05-07,25.001706934599714,25.001706934599714,24.99184799194336,24.99184799194336,2000,0.0,0
2021-05-10,24.99184867578026,25.051000452935885,24.962271847001904,25.041141510009766,4000,0.0,0
2021-05-11,25.04114207774323,25.080577850341797,25.026354603219335,25.080577850341797,600,0.0,0
2021-05-12,25.08057756625172,25.08057756625172,24.922838238446452,25.06085968017578,9000,0.0,0
2021-05-13,25.041141510009766,25.041141510009766,25.041141510009766,25.041141510009766,400,0.0,0
2021-05-14,24.942553846566533,25.04114139497373,24.922837841205958,25.00466537475586,2600,0.0,0
2021-05-17,25.00170707702637,25.003677737328243,25.00170707702637,25.001707077026367,1400,0.0,0
2021-05-18,24.94945466553633,25.149587631225586,24.94945466553633,25.149587631225586,1800,0.0,0
2021-05-19,25.17916483057434,25.17916483057434,25.041141510009766,25.041141510009766,5800,0.0,0
2021-05-20,25.022411261967516,25.022411261967516,25.017480850219727,25.017480850219727,1000,0.0,0
2021-05-21,25.041142164103036,25.041142164103036,24.981990385402323,25.032270431518555,2800,0.0,0
2021-05-24,25.04114114103729,25.149587631225586,25.035225399288564,25.149587631225586,8900,0.0,0
2021-05-25,25.19395256042481,25.19395256042481,25.19395256042481,25.193952560424805,400,0.0,0
2021-05-26,25.169305432220384,25.171276092529297,25.169305432220384,25.171276092529297,700,0.0,0
2021-05-27,25.189022064208984,25.189022064208984,25.189022064208984,25.189022064208984,1300,0.0,0
2021-05-28,25.238317489624023,25.238317489624023,25.238317489624023,25.238317489624023,1400,0.0,0
2021-06-01,25.238317489624023,25.238317489624023,25.238317489624023,25.238317489624023,0,0.0,0
2021-06-02,25.25113430391594,25.25113430391594,25.238317489624023,25.238317489624023,300,0.0,0
2021-06-03,25.23831600915709,25.24127388000488,25.23831600915709,25.241273880004883,1400,0.0,0
2021-06-04,25.16930602804203,25.59322929382324,25.16930602804203,25.593229293823242,3300,0.0,0
2021-06-07,25.48478507995606,25.48577041014923,25.48478507995606,25.484785079956055,5300,0.0,0
2021-06-08,25.257048023584293,25.258035234186615,25.22845840454102,25.228458404541016,2300,0.0,0
2021-06-09,25.19888100720208,25.20578207925713,25.16930605862391,25.189022064208984,2800,0.0,0
2021-06-10,25.149587773471982,25.18902166441736,25.149587773471982,25.159446716308594,1800,0.0,0
2021-06-11,25.16930551678729,25.16930551678729,25.149587631225586,25.149587631225586,800,0.0,0
2021-06-14,25.08057745208719,25.189022064208984,25.08057745208719,25.189022064208984,3900,0.0,0
2021-06-15,25.325072299762184,25.325072299762184,25.149587631225586,25.149587631225586,600,0.0,0
2021-06-16,25.100293059288916,25.159446716308597,25.100293059288916,25.159446716308594,900,0.0,0
2021-06-17,25.159446716308597,25.159446716308597,25.159446716308597,25.159446716308594,0,0.0,0
2021-06-18,25.120010944962143,25.159446716308597,25.120010944962143,25.159446716308594,400,0.0,0
2021-06-21,25.110153198242188,25.110153198242188,25.110153198242188,25.110153198242188,400,0.0,0
2021-06-22,25.100292490749958,25.13479973009703,25.081561816065406,25.120010375976562,3500,0.0,0
2021-06-23,25.080577907823436,25.085506439208984,25.0707189646512,25.085506439208984,1000,0.0,0
2021-06-24,25.07071805391422,25.07071805391422,25.021423339843754,25.02142333984375,2300,0.0,0
2021-06-25,25.02142419144395,25.080577850341797,25.02142419144395,25.080577850341797,200,0.0,0
2021-06-28,25.080577907823436,25.159447572800193,25.00170824284668,25.085506439208984,6100,0.0,0
2021-06-29,25.085506439208984,25.085506439208984,25.085506439208984,25.085506439208984,0,0.0,0
2021-06-30,25.213671162757148,25.213671162757148,25.110153198242188,25.110153198242188,700,0.0,0
2021-07-01,25.02142348205663,25.031282424926758,25.001707476717456,25.031282424926758,1200,0.0,0
2021-07-02,25.031282424926758,25.031282424926758,25.031282424926758,25.031282424926758,0,0.0,0
2021-07-06,25.17916460198182,25.17916460198182,25.159446716308597,25.159446716308594,600,0.0,0
2021-07-08,25.05395928983789,25.15846070416196,25.0510014188059,25.110153198242188,1800,0.0,0
2021-07-09,25.13972977105072,25.13972977105072,25.090436935424805,25.090436935424805,300,0.0,0
2021-07-12,25.129869887798755,25.159446716308597,25.129869887798755,25.159446716308594,900,0.0,0
2021-07-13,25.139729201530262,25.159447087494392,25.051000595092773,25.051000595092773,1800,0.0,0
2021-07-14,25.299999237060547,25.299999237060547,25.25,25.290000915527344,3500,0.359,0
2021-07-15,25.26300048828125,25.26300048828125,25.25,25.25,300,0.0,0
2021-07-16,25.25,25.284000396728516,25.25,25.260000228881836,3500,0.0,0
2021-07-19,25.25,25.270000457763672,25.25,25.270000457763672,11100,0.0,0
2021-07-20,25.25,25.31999969482422,25.25,25.30699920654297,2300,0.0,0
2021-07-21,25.30699920654297,25.30699920654297,25.30699920654297,25.30699920654297,0,0.0,0
2021-07-22,25.280000686645508,25.340999603271484,25.274999618530273,25.329999923706055,3900,0.0,0
2021-07-23,25.299999237060547,25.299999237060547,25.299999237060547,25.299999237060547,800,0.0,0
2021-07-26,25.299999237060547,25.299999237060547,25.299999237060547,25.299999237060547,0,0.0,0
2021-07-28,25.350000381469727,25.35099983215332,25.270000457763672,25.270000457763672,4100,0.0,0
2021-07-29,25.32900047302246,25.32900047302246,25.32900047302246,25.32900047302246,200,0.0,0
2021-07-30,25.360000610351562,25.360000610351562,25.350000381469727,25.350000381469727,800,0.0,0
2021-08-03,25.290000915527344,25.30500030517578,25.290000915527344,25.30500030517578,2000,0.0,0
2021-08-04,25.358999252319336,25.363000869750977,25.350000381469727,25.360000610351562,250000,0.0,0
2021-08-05,25.3700008392334,25.39299964904785,25.299999237060547,25.360000610351562,200000,0.0,0
2021-08-06,25.3700008392334,25.3700008392334,25.309999465942383,25.309999465942383,110000,0.0,0
2021-08-09,25.290000915527344,25.34000015258789,25.290000915527344,25.34000015258789,90000,0.0,0
2021-08-10,25.34000015258789,25.34000015258789,25.34000015258789,25.34000015258789,0,0.0,0
2021-08-11,25.405000686645508,25.405000686645508,25.299999237060547,25.299999237060547,140000,0.0,0
2021-08-12,25.399999618530273,25.399999618530273,25.350000381469727,25.350000381469727,60000,0.0,0
2021-08-13,25.299999237060547,25.350000381469727,25.299999237060547,25.349000930786133,140000,0.0,0
2021-08-16,25.31999969482422,25.440000534057617,25.299999237060547,25.31999969482422,270000,0.0,0
2021-08-17,25.385000228881836,25.385000228881836,25.375,25.385000228881836,40000,0.0,0
2021-08-18,25.309999465942383,25.3799991607666,25.309999465942383,25.360000610351562,100000,0.0,0
