Date,Open,High,Low,Close,Volume,Dividends,Stock Splits
1983-09-23,0.0,0.0791451536015352,0.0772829115281632,0.07774847000837326,98742800,0.0,0.0
1983-09-26,0.0,0.08100743951755988,0.0791452044014312,0.08007632195949554,76288000,0.0,0.0
1983-09-27,0.0,0.08147296632907478,0.0796107319436303,0.08054184913635254,25609200,0.0,0.0
1983-09-28,0.0,0.08938749879598618,0.081472977149152,0.08938749879598618,49480100,0.0,0.0
1983-09-29,0.0,0.0931119786724657,0.08892194248559204,0.09264642000198364,29032300,0.0,34.0
1983-09-30,0.0,0.09264636496665989,0.08892188966274261,0.08892188966274261,32131300,0.0,0.0
1983-10-03,0.0,0.09218080482407186,0.08892188797589944,0.0917152464389801,19772000,0.0,0.0
1983-10-04,0.0,0.0963708699429264,0.09218083495498448,0.09590531140565872,16223000,0.0,0.0
1983-10-05,0.0,0.0959053295996366,0.09497421234846115,0.09497421234846115,13328800,0.0,0.0
1983-10-06,0.0,0.09869869386760466,0.09497421654576829,0.09776757657527924,19792200,0.0,0.0
1983-10-07,0.0,0.09823312256929186,0.09683643865815798,0.09730199724435806,13035000,0.0,0.0
1983-10-10,0.0,0.09776757657527924,0.0959053338380937,0.09776757657527924,8343600,0.0,0.0
1983-10-11,0.0,0.09776755370726223,0.09590531140565872,0.09590531140565872,10488300,0.0,0.0
1983-10-12,0.0,0.0954397018682263,0.09078410267829895,0.09078410267829895,63458600,0.0,0.0
1983-10-13,0.0,0.09218080482407186,0.0903185631311747,0.0917152464389801,27865500,0.0,0.0
1983-10-14,0.0,0.09404309601342983,0.09078417716752028,0.09264642000198364,3443200,0.0,0.0
1983-10-17,0.0,0.09683645516633987,0.09357753635484198,0.09683645516633987,12368500,0.0,0.0
1983-10-18,0.0,0.09683642794858396,0.09404306858778,0.09404306858778,15555700,0.0,0.0
1983-10-19,0.0,0.0963708683848381,0.09357750905386122,0.0963708683848381,37787200,0.0,0.0
1983-10-20,0.0,0.09776757657527924,0.09637089248425641,0.09776757657527924,8246200,0.0,0.0
1983-10-21,0.0,0.09869866918607428,0.0959053098550974,0.0963708683848381,14674300,0.0,0.0
1983-10-24,0.0,0.09637088822522434,0.09357752831916362,0.09497421234846115,8995800,0.0,0.0
1983-10-25,0.0,0.09543976187705994,0.09404307798088951,0.09543976187705994,8173200,0.0,0.0
1983-10-26,0.0,0.09683645516633987,0.0940430950204081,0.09683645516633987,8833800,0.0,0.0
1983-10-27,0.0,0.097302013831906,0.09637089650077375,0.09683645516633987,2693600,0.0,0.0
1983-10-28,0.0,0.09776758065000715,0.09637089650077375,0.09683645516633987,19072800,0.0,0.0
1983-10-31,0.0,0.09683645516633987,0.09637089650077375,0.09683645516633987,3657200,0.0,0.0
1983-11-01,0.0,0.09730198544431952,0.0963708683848381,0.0963708683848381,11428400,0.0,0.0
1983-11-02,0.0,0.09776756398309178,0.09637088007195792,0.09730199724435806,23605600,0.0,0.0
1983-11-03,0.0,0.09730198701746176,0.09590531140565872,0.09590531140565872,11883300,0.0,0.0
1983-11-04,0.0,0.09543977097404888,0.0931119696935759,0.09497421234846115,21637200,0.0,0.0
1983-11-07,0.0,0.09543975758870768,0.09357751519500027,0.09450864046812057,5963900,0.0,0.0
1983-11-08,0.0,0.09450863527502461,0.09404306858778,0.09404306858778,769700,0.0,0.0
1983-11-09,0.0,0.0959053295996366,0.09404308694475136,0.09497421234846115,6674900,0.0,0.0
1983-11-10,0.0,0.09637087903948452,0.09543976187705994,0.09543976187705994,11111100,0.0,0.0
1983-11-11,0.0,0.09823313931557329,0.09637089650077375,0.09683645516633987,33292200,0.0,0.0
1983-11-14,0.0,0.09869869219272095,0.09683644948713704,0.09823313355445862,3972000,0.0,0.0
1983-11-15,0.0,0.10056089609861374,0.09823309565290925,0.10056089609861374,28703200,0.0,0.0
1983-11-16,0.0,0.10242310166358948,0.09962974353023867,0.10242310166358948,23326900,0.0,0.0
1983-11-17,0.0,0.10428543062284985,0.10149207014611852,0.1033543050289154,14562700,0.0,0.0
1983-11-18,0.0,0.10614759474992752,0.10381980269808787,0.10614759474992752,13939900,0.0,0.0
1983-11-21,0.0,0.10707877401662409,0.10568208992481232,0.10568208992481232,9950200,0.0,0.0
1983-11-22,0.0,0.10568205354241811,0.10056090204222247,0.10102646052837372,29149800,0.0,0.0
1983-11-23,0.0,0.10195760428905487,0.10102648707211029,0.10195760428905487,12711800,0.0,0.0
1983-11-25,0.0,0.10242316454176767,0.10149204730987549,0.10149204730987549,12888100,0.0,0.0
1983-11-28,0.0,0.10288865999372641,0.10149198500331559,0.10242310166358948,6375200,0.0,0.0
1983-11-29,0.0,0.10288865999372641,0.10195754333345253,0.10242310166358948,431400,0.0,0.0
1983-11-30,0.0,0.10288869589567184,0.10195757891049433,0.10288869589567184,6653900,0.0,0.0
1983-12-01,0.0,0.1033543050289154,0.10242318758751696,0.1033543050289154,10831600,0.0,0.0
1983-12-02,0.0,0.1033542543882606,0.10195757891049433,0.10288869589567184,20218600,0.0,0.0
1983-12-05,0.0,0.10242316289752716,0.100560928463638,0.10195760428905487,3731100,0.0,0.0
1983-12-06,0.0,0.10149201301588298,0.10056089609861374,0.10056089609861374,1900400,0.0,0.0
1983-12-07,0.0,0.10149201301588298,0.10009532948744772,0.10056089609861374,7570500,0.0,0.0
1983-12-08,0.0,0.09916425664670553,0.09637089650077375,0.09683645516633987,11654200,0.0,0.0
1983-12-09,0.0,0.09683644685081207,0.09497421234846115,0.09497421234846115,2326800,0.0,0.0
1983-12-12,0.0,0.09543977097404888,0.09497421234846115,0.09497421234846115,293700,0.0,0.0
1983-12-13,0.0,0.09543975758870768,0.09311195663470671,0.09450864046812057,7579700,0.0,0.0
1983-12-14,0.0,0.09404308678012796,0.09264641090580966,0.09311196953058243,2693600,0.0,0.0
1983-12-15,0.0,0.09404308678012796,0.09311196953058243,0.09311196953058243,1886100,0.0,0.0
1983-12-16,0.0,0.0940430776386995,0.09311196047966293,0.09357751905918121,3334000,0.0,0.0
1983-12-19,0.0,0.09357747098866523,0.09124967928685465,0.09218079596757889,4906200,0.0,0.0
1983-12-20,0.0,0.0931119786724657,0.09171530266101953,0.09264642000198364,8833800,0.0,0.0
1983-12-21,0.0,0.09311196953058243,0.09218085228103691,0.09311196953058243,5543300,0.0,0.0
1983-12-22,0.0,0.0931119786724657,0.09218086133150159,0.09264642000198364,15747100,0.0,0.0
1983-12-23,0.0,0.09311196953058243,0.09264641090580966,0.09311196953058243,8211000,0.0,0.0
1983-12-27,0.0,0.0935775281553552,0.09264641090580966,0.09311196953058243,2952100,0.0,0.0
1983-12-28,0.0,0.09404306858778,0.0926463929836444,0.09404306858778,21070600,0.0,0.0
1983-12-29,0.0,0.09404308678012796,0.09311196953058243,0.09311196953058243,719300,0.0,0.0
1983-12-30,0.0,0.09404308678012796,0.09311196953058243,0.09311196953058243,13939900,0.0,0.0
1984-01-03,0.0,0.09543976187705994,0.09404307798088951,0.09543976187705994,5038000,0.0,0.0
1984-01-04,0.0,0.09683642848019408,0.09497419433112336,0.09590531140565872,1806300,0.0,0.0
1984-01-05,0.0,0.09683645516633987,0.09590533783520763,0.09683645516633987,2429200,0.0,0.0
1984-01-06,0.0,0.09962981362106127,0.0977675789904081,0.09916425496339798,3163600,0.0,0.0
1984-01-09,0.0,0.10009532421827316,0.09916420735001938,0.10009532421827316,5890000,0.0,0.0
1984-01-10,0.0,0.10381982103338136,0.10009533678760729,0.10288869589567184,11845600,0.0,0.0
1984-01-11,0.0,0.1033543050289154,0.10242318758751696,0.1033543050289154,1371500,0.0,0.0
1984-01-12,0.0,0.10707877401662409,0.10335428854014915,0.10568208992481232,20990800,0.0,0.0
1984-01-13,0.0,0.10568211764463332,0.10428544133901596,0.10428544133901596,6287100,0.0,0.0
1984-01-16,0.0,0.10475096432595402,0.10242316312586892,0.1038198471069336,3334000,0.0,0.0
1984-01-17,0.0,0.1033542543882606,0.10149202041790557,0.10288869589567184,7109700,0.0,0.0
1984-01-18,0.0,0.10288865999372641,0.10242310166358948,0.10242310166358948,930800,0.0,0.0
1984-01-19,0.0,0.10288865999372641,0.10242310166358948,0.10242310166358948,1709800,0.0,0.0
1984-01-20,0.0,0.10242316454176767,0.10149204730987549,0.10149204730987549,2158900,0.0,0.0
1984-01-23,0.0,0.10242316454176767,0.10056093007798331,0.10149204730987549,9356700,0.0,0.0
1984-01-24,0.0,0.10102645455724836,0.0996297710288131,0.10056089609861374,4788700,0.0,0.0
1984-01-25,0.0,0.10102649774658604,0.09916425496339798,0.09916425496339798,6345800,0.0,0.0
1984-01-26,0.0,0.10009537059239729,0.09916425329275744,0.09962981194257736,1233900,0.0,0.0
1984-01-27,0.0,0.09916423867929182,0.09543976187705994,0.09543976187705994,8496400,0.0,0.0
1984-01-30,0.0,0.09637089751837526,0.09171530266101953,0.09264642000198364,3942600,0.0,0.0
1984-01-31,0.0,0.0931119786724657,0.09171530266101953,0.09264642000198364,15482700,0.0,0.0
1984-02-01,0.0,0.09264642000198364,0.09218086133150159,0.09264642000198364,2164800,0.0,0.0
1984-02-02,0.0,0.09404308678012796,0.09218085228103691,0.09311196953058243,8892600,0.0,0.0
1984-02-03,0.0,0.09357751905918121,0.09264640190014464,0.09357751905918121,6183800,0.0,0.0
1984-02-06,0.0,0.09264639719975074,0.0865941196680069,0.0865941196680069,5631500,0.0,0.0
1984-02-07,0.0,0.08799076080322266,0.08612852731047377,0.08799076080322266,10341400,0.0,0.0
1984-02-08,0.0,0.08845637391683307,0.08752524852752686,0.08752524852752686,6786500,0.0,0.0
1984-02-09,0.0,0.08938744407531424,0.08566296893728655,0.08799076080322266,40754500,0.0,0.0
1984-02-10,0.0,0.08799077411149034,0.08612854033708572,0.08612854033708572,7453000,0.0,0.0
1984-02-13,0.0,0.08705965722428803,0.08519742344988342,0.08612854033708572,4671200,0.0,0.0
1984-02-14,0.0,0.08659413204842786,0.08519745618104935,0.08519745618104935,3202300,0.0,0.0
1984-02-15,0.0,0.08566301632075808,0.08286965638399124,0.08286965638399124,1606600,0.0,0.0
1984-02-16,0.0,0.08380076746341418,0.07821404800201313,0.08054184913635254,60873200,0.0,0.0
1984-02-17,0.0,0.08100743951755988,0.0791452044014312,0.08007632195949554,6036900,0.0,0.0
1984-02-21,0.0,0.08054184913635254,0.07914517334726918,0.08054184913635254,3927500,0.0,0.0
1984-02-22,0.0,0.08193851636975961,0.08007627421151402,0.08100739121437073,3878000,0.0,0.0
1984-02-23,0.0,0.08193851636975961,0.08054183271294237,0.08100739121437073,4015600,0.0,0.0
1984-02-24,0.0,0.08333518356084824,0.08100738313338667,0.08333518356084824,6389500,0.0,0.0
1984-02-27,0.0,0.08845633773179215,0.08333517871940216,0.08705965429544449,4897000,0.0,0.0
1984-02-28,0.0,0.08752523677980345,0.0865941196680069,0.0865941196680069,3075500,0.0,0.0
1984-02-29,0.0,0.08799076080322266,0.08612852731047377,0.08799076080322266,2217600,0.0,0.0
1984-03-01,0.0,0.08892188966274261,0.08705964793451884,0.08892188966274261,1371500,0.0,0.0
1984-03-02,0.0,0.09637087903948452,0.08985304259744534,0.09543976187705994,19674600,0.0,0.0
1984-03-05,0.0,0.09543973872811151,0.09124970436096191,0.09124970436096191,1703900,0.0,0.0
1984-03-06,0.0,0.09124973377968332,0.08752524852752686,0.08752524852752686,2702800,0.0,0.0
1984-03-07,0.0,0.08799076080322266,0.08659408568366099,0.08799076080322266,2981500,0.0,0.0
1984-03-08,0.0,0.08938749879598618,0.08799081466888137,0.08938749879598618,910700,0.0,0.0
1984-03-09,0.0,0.09078413543520406,0.08845634315285035,0.08985301852226257,1263200,0.0,0.0
1984-03-12,0.0,0.09357747098866523,0.09031855445360108,0.09218079596757889,35004600,0.0,0.0
1984-03-13,0.0,0.09357753734294777,0.09264642000198364,0.09264642000198364,1909600,0.0,0.0
1984-03-14,0.0,0.0931119786724657,0.09171530266101953,0.09264642000198364,1430300,0.0,0.0
1984-03-15,0.0,0.09311196953058243,0.09171529365626414,0.09311196953058243,1489000,0.0,0.0
1984-03-16,0.0,0.09497419902841413,0.09311195663470671,0.09450864046812057,15805900,0.0,0.0
1984-03-19,0.0,0.09450866283644702,0.09171530266101953,0.09264642000198364,7094600,0.0,0.0
1984-03-20,0.0,0.09264642000198364,0.09264642000198364,0.09264642000198364,901500,0.0,0.0
1984-03-21,0.0,0.09264635430794099,0.09218079596757889,0.09218079596757889,519500,0.0,0.0
1984-03-22,0.0,0.09264634398477557,0.09078410267829895,0.09078410267829895,4391700,0.0,0.0
1984-03-23,0.0,0.09078415641725446,0.08938748072504231,0.09031859785318375,2438400,0.0,0.0
1984-03-26,0.0,0.0903186161123661,0.08938749879598618,0.08938749879598618,161100,0.0,0.0
1984-03-27,0.0,0.09124972313385843,0.08938748072504231,0.09031859785318375,1651000,0.0,0.0
1984-03-28,0.0,0.09124966911931442,0.0903185443898119,0.09078410267829895,1557000,0.0,0.0
1984-03-29,0.0,0.09264635430794099,0.09124967928685465,0.09218079596757889,1101200,0.0,0.0
1984-03-30,0.0,0.09311196953058243,0.09218085228103691,0.09311196953058243,3501900,0.0,0.0
1984-04-02,0.0,0.09404306858778,0.09311195151835626,0.09404306858778,15253500,0.0,0.0
1984-04-03,0.0,0.09404309601342983,0.09264642000198364,0.09264642000198364,16319600,0.0,0.0
1984-04-04,0.0,0.0935775281553552,0.09264641090580966,0.09311196953058243,9362600,0.0,0.0
1984-04-05,0.0,0.09450865355743504,0.09311196953058243,0.09311196953058243,5801900,0.0,0.0
1984-04-06,0.0,0.0931119786724657,0.09218086133150159,0.09264642000198364,6624500,0.0,0.0
1984-04-09,0.0,0.0940430776386995,0.09218084332062636,0.09357751905918121,6072200,0.0,0.0
1984-04-10,0.0,0.09404308678012796,0.09264641090580966,0.09311196953058243,10390900,0.0,0.0
1984-04-11,0.0,0.09311191264830311,0.09218079596757889,0.09218079596757889,1459700,0.0,0.0
1984-04-12,0.0,0.0921808212975437,0.09124970436096191,0.09124970436096191,930800,0.0,0.0
1984-04-13,0.0,0.09264639882607059,0.09031859785318375,0.09031859785318375,1997700,0.0,0.0
1984-04-16,0.0,0.09124966911931442,0.0903185443898119,0.09078410267829895,975300,0.0,0.0
1984-04-17,0.0,0.09311196953058243,0.0907841682541843,0.09311196953058243,17075000,0.0,0.0
1984-04-18,0.0,0.09311191264830311,0.09218079596757889,0.09218079596757889,2444300,0.0,0.0
1984-04-19,0.0,0.09218080482407186,0.09124968805388835,0.0917152464389801,9033600,0.0,0.0
1984-04-23,0.0,0.09264635430794099,0.09171523762721677,0.09218079596757889,763800,0.0,0.0
1984-04-24,0.0,0.09218079596757889,0.09124967928685465,0.09218079596757889,4912100,0.0,0.0
1984-04-25,0.0,0.0921808212975437,0.09078413774013945,0.09124970436096191,1151600,0.0,0.0
1984-04-26,0.0,0.09124966911931442,0.09078410267829895,0.09078410267829895,910700,0.0,0.0
1984-04-27,0.0,0.09078417477055607,0.08938749879598618,0.08938749879598618,975300,0.0,0.0
1984-04-30,0.0,0.0903186161123661,0.08845638147960623,0.08938749879598618,3422200,0.0,0.0
1984-05-01,0.0,0.08938744805666599,0.08845633126881924,0.08892188966274261,3560700,0.0,0.0
1984-05-02,0.0,0.09124970436096191,0.08938746233526677,0.09124970436096191,10905400,0.0,0.0
1984-05-03,0.0,0.09124970204420617,0.08938746006579183,0.08985301852226257,13749300,0.0,0.0
1984-05-04,0.0,0.08938744805666599,0.08845633126881924,0.08892188966274261,1821400,0.0,0.0
1984-05-07,0.0,0.08938749115360509,0.08752524852752686,0.08752524852752686,5508100,0.0,0.0
1984-05-08,0.0,0.08799077411149034,0.08612854033708572,0.08612854033708572,740300,0.0,0.0
1984-05-09,0.0,0.08612853181121878,0.08380073167111089,0.0842662900686264,6924200,0.0,0.0
1984-05-10,0.0,0.08612854033708572,0.08473185685375112,0.08612854033708572,5911000,0.0,0.0
1984-05-11,0.0,0.08705965429544449,0.08473185400321896,0.08705965429544449,5111900,0.0,0.0
1984-05-14,0.0,0.08752523677980345,0.0865941196680069,0.0865941196680069,1181000,0.0,0.0
1984-05-15,0.0,0.08799080714591287,0.08659413129075486,0.08752524852752686,1939000,0.0,0.0
1984-05-16,0.0,0.08892188966274261,0.08752520632844221,0.08892188966274261,11457800,0.0,0.0
1984-05-17,0.0,0.08845634991333168,0.08566299080848694,0.08566299080848694,6360100,0.0,0.0
1984-05-18,0.0,0.08659413204842786,0.08519745618104935,0.08519745618104935,2820300,0.0,0.0
1984-05-21,0.0,0.0865941196680069,0.08566300255621034,0.0865941196680069,11536700,0.0,0.0
1984-05-22,0.0,0.0865941196680069,0.08612856111210862,0.0865941196680069,431400,0.0,0.0
1984-05-23,0.0,0.08752521272338341,0.08659409586750555,0.08705965429544449,9877200,0.0,0.0
1984-05-24,0.0,0.08752524929334687,0.08473188940605557,0.08519745618104935,1880200,0.0,0.0
1984-05-25,0.0,0.08566301480350885,0.08473188940605557,0.08519745618104935,895600,0.0,0.0
1984-05-29,0.0,0.08519743160767758,0.08380074799060822,0.08380074799060822,534600,0.0,0.0
1984-05-30,0.0,0.08426633227610746,0.08286965638399124,0.08286965638399124,5059000,0.0,0.0
1984-05-31,0.0,0.08799076080322266,0.08426628566519496,0.08799076080322266,1445400,0.0,0.0
1984-06-01,0.0,0.08938744805666599,0.08845633126881924,0.08892188966274261,8725500,0.0,0.0
1984-06-04,0.0,0.09124970436096191,0.08799077877786252,0.09124970436096191,8079200,0.0,0.0
1984-06-05,0.0,0.09218080482407186,0.0903185631311747,0.0917152464389801,20071700,0.0,0.0
1984-06-06,0.0,0.09218079596757889,0.09124967928685465,0.09218079596757889,5014500,0.0,0.0
1984-06-07,0.0,0.09218079596757889,0.09124967928685465,0.09218079596757889,2599600,0.0,0.0
1984-06-08,0.0,0.0921808212975437,0.09031857927184855,0.09124970436096191,778100,0.0,0.0
1984-06-11,0.0,0.09078417477055607,0.08938749879598618,0.08938749879598618,4060100,0.0,0.0
1984-06-12,0.0,0.08938744948630198,0.08845633268356323,0.08845633268356323,431400,0.0,0.0
1984-06-13,0.0,0.08845637391683307,0.08752524852752686,0.08752524852752686,2937900,0.0,0.0
1984-06-14,0.0,0.08659412683087545,0.08473188430070877,0.08473188430070877,866200,0.0,0.0
1984-06-15,0.0,0.08519745104765078,0.08380076711189233,0.08473188430070877,1988500,0.0,0.0
1984-06-18,0.0,0.08705965429544449,0.08519742058368876,0.08705965429544449,7109700,0.0,0.0
1984-06-19,0.0,0.08705965429544449,0.08659409586750555,0.08705965429544449,1395000,0.0,0.0
1984-06-20,0.0,0.08705967822390517,0.0865941196680069,0.0865941196680069,2085900,0.0,0.0
1984-06-21,0.0,0.08938749879598618,0.08659413869431146,0.08938749879598618,14204300,0.0,0.0
1984-06-22,0.0,0.08938744948630198,0.08752520772829407,0.08845633268356323,8055700,0.0,0.0
1984-06-25,0.0,0.0903186161123661,0.08845638147960623,0.08938749879598618,2364500,0.0,0.0
1984-06-26,0.0,0.09078415641725446,0.09031859785318375,0.09031859785318375,1416000,0.0,0.0
1984-06-27,0.0,0.09031859785318375,0.08938748072504231,0.09031859785318375,2981500,0.0,0.0
1984-06-28,0.0,0.09031859785318375,0.08938748072504231,0.09031859785318375,8408200,0.0,0.0
1984-06-29,0.0,0.09031857697873331,0.08985301852226257,0.08985301852226257,1028200,0.0,0.0
1984-07-02,0.0,0.09078410267829895,0.0903185443898119,0.09078410267829895,607700,0.0,0.0
1984-07-03,0.0,0.09124970436096191,0.09031857927184855,0.09124970436096191,1782800,0.0,0.0
1984-07-05,0.0,0.09264642000198364,0.09124974399053747,0.09264642000198364,872100,0.0,0.0
1984-07-06,0.0,0.09264642000198364,0.09171530266101953,0.09264642000198364,1160000,0.0,0.0
1984-07-09,0.0,0.0917152628292528,0.09124970436096191,0.09124970436096191,123300,0.0,0.0
1984-07-10,0.0,0.09497419380973648,0.09124971737950878,0.09404306858778,6007500,0.0,0.0
1984-07-11,0.0,0.09916423867929182,0.09497420329584765,0.09543976187705994,4882700,0.0,0.0
1984-07-12,0.0,0.09869869386760466,0.09637089248425641,0.09776757657527924,7394200,0.0,0.0
1984-07-13,0.0,0.09869869219272095,0.09683644948713704,0.09823313355445862,1792100,0.0,0.0
1984-07-16,0.0,0.09869868115549192,0.09683643865815798,0.09730199724435806,2752300,0.0,0.0
1984-07-17,0.0,0.097302013831906,0.09683645516633987,0.09683645516633987,558200,0.0,0.0
1984-07-18,0.0,0.09776758065000715,0.09683645516633987,0.09683645516633987,534600,0.0,0.0
1984-07-19,0.0,0.09869866073131561,0.09683641861934417,0.09869866073131561,3016800,0.0,0.0
1984-07-20,0.0,0.10102649774658604,0.09869869630573468,0.09916425496339798,7153300,0.0,0.0
1984-07-23,0.0,0.099164239741692,0.09683643865815798,0.09730199724435806,2438400,0.0,0.0
1984-07-24,0.0,0.09730200547639979,0.09497421234846115,0.09497421234846115,2379600,0.0,0.0
1984-07-25,0.0,0.09450865355743504,0.09218085228103691,0.09311196953058243,4920500,0.0,0.0
1984-07-26,0.0,0.09543976187705994,0.09264640223725264,0.09543976187705994,18963700,0.0,0.0
1984-07-27,0.0,0.10056093739475198,0.0949742172918433,0.09962981194257736,8584500,0.0,0.0
1984-07-30,0.0,0.10056093489830485,0.09823313355445862,0.09823313355445862,8108600,0.0,0.0
1984-07-31,0.0,0.09916425496339798,0.0977675789904081,0.09916425496339798,3692500,0.0,0.0
1984-08-01,0.0,0.10288872315771376,0.10009536330950304,0.10149204730987549,9283700,0.0,0.0
1984-08-02,0.0,0.10614759012112056,0.10242311484806076,0.10521647334098816,10605800,0.0,0.0
1984-08-03,0.0,0.1094065279059979,0.10428537648435444,0.10800985246896744,6242600,0.0,0.0
1984-08-06,0.0,0.11359660781874385,0.1052165279875772,0.10661320388317108,12345000,0.0,0.0
1984-08-07,0.0,0.10800985246896744,0.10056090049974145,0.10800985246896744,8216800,0.0,0.0
1984-08-08,0.0,0.11359658092260361,0.10987210459699238,0.11359658092260361,9621200,0.0,0.0
1984-08-09,0.0,0.11918330734708477,0.11359658841397355,0.11778662353754044,11604700,0.0,0.0
1984-08-10,0.0,0.12104551394463377,0.11545879628591366,0.11685547977685928,15326600,0.0,0.0
1984-08-13,0.0,0.11545883416050656,0.11173435721710968,0.11266547441482544,3648800,0.0,0.0
1984-08-14,0.0,0.11126873916389421,0.11033762246370316,0.11033762246370316,983700,0.0,0.0
1984-08-15,0.0,0.11452767252922058,0.11033763861258312,0.11452767252922058,3275300,0.0,0.0
1984-08-16,0.0,0.11499323094745466,0.11359655569275241,0.11452767252922058,2820300,0.0,0.0
1984-08-17,0.0,0.11452769796587328,0.11313102240096877,0.11359658092260361,381900,0.0,0.0
1984-08-20,0.0,0.11359657499016525,0.11173433284834663,0.11313101649284363,998800,0.0,0.0
1984-08-21,0.0,0.11685548873006871,0.11406212968668766,0.1163899302482605,12368500,0.0,0.0
1984-08-22,0.0,0.11732102500787203,0.1140621080994606,0.1140621080994606,1703900,0.0,0.0
1984-08-23,0.0,0.1163899302482605,0.11359657120487945,0.1163899302482605,3178800,0.0,0.0
1984-08-24,0.0,0.11499325931072235,0.1140621422445927,0.11499325931072235,58700,0.0,0.0
1984-08-27,0.0,0.11499322488685522,0.11359654970576329,0.1140621080994606,901500,0.0,0.0
1984-08-28,0.0,0.11545881784378718,0.1140621422445927,0.11499325931072235,3339900,0.0,0.0
1984-08-29,0.0,0.11499322488685522,0.1140621080994606,0.1140621080994606,740300,0.0,0.0
1984-08-30,0.0,0.11359659976507505,0.11266547441482544,0.11266547441482544,381900,0.0,0.0
1984-08-31,0.0,0.11266546145996045,0.10894098494482339,0.10987211018800735,2885000,0.0,0.0
1984-09-04,0.0,0.10987211018800735,0.10707875076352133,0.10987211018800735,3510300,0.0,0.0
1984-09-05,0.0,0.10894091427326202,0.10800979778663984,0.10894091427326202,3766300,0.0,0.0
1984-09-06,0.0,0.1117343008518219,0.10800982578726712,0.1117343008518219,1322000,0.0,0.0
1984-09-07,0.0,0.11080316454172134,0.10987204797827008,0.11080316454172134,1562900,0.0,0.0
1984-09-10,0.0,0.1117343008518219,0.10894094251527336,0.1117343008518219,3134300,0.0,0.0
1984-09-11,0.0,0.1163899302482605,0.11452768816849586,0.1163899302482605,8745700,0.0,0.0
1984-09-12,0.0,0.11639000158136303,0.1145277583602668,0.11545887589454651,2276400,0.0,0.0
1984-09-13,0.0,0.11732104721187692,0.11452768816849586,0.1163899302482605,2320900,0.0,0.0
1984-09-14,0.0,0.11685549872657999,0.11359658092260361,0.11359658092260361,1621700,0.0,0.0
1984-09-17,0.0,0.11545887589454651,0.11313108205884723,0.11545887589454651,1900400,0.0,0.0
1984-09-18,0.0,0.11545887589454651,0.11545887589454651,0.11545887589454651,440600,0.0,0.0
1984-09-19,0.0,0.118717722594738,0.11638993018692372,0.118717722594738,1322000,0.0,0.0
1984-09-20,0.0,0.12244225293397903,0.11918333418133736,0.12244225293397903,7688000,0.0,0.0
1984-09-21,0.0,0.12151112912747972,0.11918333580988173,0.12011445313692093,10943200,0.0,0.0
1984-09-24,0.0,0.11918330241337122,0.11499325931072235,0.11499325931072235,1013100,0.0,0.0
1984-09-25,0.0,0.11638993923742649,0.11499325553159973,0.11592438071966171,182100,0.0,0.0
1984-09-26,0.0,0.11732104420661926,0.11592436879697143,0.11732104420661926,329000,0.0,0.0
1984-09-27,0.0,0.12011445313692093,0.11825221033030754,0.12011445313692093,12089000,0.0,0.0
1984-09-28,0.0,0.11964884470856393,0.11685548573673665,0.11732104420661926,8167300,0.0,0.0
1984-10-01,0.0,0.11732104721187692,0.1163899302482605,0.1163899302482605,235000,0.0,0.0
1984-10-02,0.0,0.11639000158136303,0.11545887589454651,0.11545887589454651,2100100,0.0,0.0
1984-10-03,0.0,0.11452770379379545,0.10987211018800735,0.10987211018800735,1298500,0.0,0.0
1984-10-04,0.0,0.11080318081379868,0.10987206411360761,0.11033762246370316,2644100,0.0,0.0
1984-10-05,0.0,0.11266547441482544,0.1112687986182518,0.11266547441482544,6013400,0.0,0.0
1984-10-08,0.0,0.11359657123160874,0.11219988763332367,0.11219988763332367,94000,0.0,0.0
1984-10-09,0.0,0.11359659976507505,0.11266547441482544,0.11266547441482544,3231600,0.0,0.0
1984-10-10,0.0,0.11219985921582502,0.11126874248781876,0.1117343008518219,12016000,0.0,0.0
1984-10-11,0.0,0.11266544161434143,0.11126876622438431,0.11126876622438431,3384400,0.0,0.0
1984-10-12,0.0,0.11266541757982815,0.11080318412381564,0.1117343008518219,6800800,0.0,0.0
1984-10-15,0.0,0.11313104116621718,0.11173435721710968,0.11266547441482544,13293500,0.0,0.0
1984-10-16,0.0,0.11545887589454651,0.11266551513917056,0.11545887589454651,358400,0.0,0.0
1984-10-17,0.0,0.11545881784378718,0.11499325931072235,0.11499325931072235,528800,0.0,0.0
1984-10-18,0.0,0.12290779308703252,0.1159243979759603,0.12151110917329788,4383300,0.0,0.0
1984-10-19,0.0,0.12849442876768902,0.12244215477169218,0.12290771305561066,7996900,0.0,0.0
1984-10-22,0.0,0.12616671134903512,0.12151110917329788,0.12151110917329788,2252900,0.0,0.0
1984-10-23,0.0,0.12523557469473617,0.12151109027246966,0.12477000802755356,2370400,0.0,0.0
1984-10-24,0.0,0.12802893392883086,0.12570114120746756,0.12663225829601288,3707600,0.0,0.0
1984-10-25,0.0,0.12663221499844074,0.1257010982282591,0.12616665661334991,1703900,0.0,0.0
1984-10-26,0.0,0.12523551262773136,0.12290771305561066,0.12290771305561066,1160000,0.0,0.0
1984-10-29,0.0,0.12383895367383957,0.12290783617329537,0.12383895367383957,88100,0.0,0.0
1984-10-30,0.0,0.12477006522003782,0.11964891105890274,0.11964891105890274,2517300,0.0,0.0
1984-10-31,0.0,0.12011444151434289,0.11918332427740097,0.11918332427740097,3016800,0.0,0.0
1984-11-01,0.0,0.1187177196162671,0.11685548573673665,0.11732104420661926,10061800,0.0,0.0
1984-11-02,0.0,0.12011444151434289,0.1173210816509829,0.11918332427740097,6763000,0.0,0.0
1984-11-05,0.0,0.12058001180044053,0.11918333580988173,0.12011445313692093,2209300,0.0,0.0
1984-11-06,0.0,0.12337334454059601,0.12057998502717372,0.12337334454059601,543000,0.0,0.0
1984-11-07,0.0,0.12430444067855595,0.11778660563161229,0.118717722594738,954300,0.0,0.0
1984-11-08,0.0,0.11825220286846161,0.11732108560017696,0.11825220286846161,1233900,0.0,0.0
1984-11-09,0.0,0.1201144697869572,0.11825222672220326,0.11964891105890274,2908500,0.0,0.0
1984-11-12,0.0,0.12197666776036488,0.12104555058623089,0.12151110917329788,4295200,0.0,0.0
1984-11-13,0.0,0.12430438790736607,0.12197658833524536,0.12290771305561066,2414900,0.0,0.0
1984-11-14,0.0,0.12383892890545338,0.12197668612428604,0.12244225293397903,4656100,0.0,0.0
1984-11-15,0.0,0.12244224275923192,0.1173210816509829,0.11918332427740097,1063500,0.0,0.0
1984-11-16,0.0,0.11825218030893252,0.10987211018800735,0.10987211018800735,3428100,0.0,0.0
1984-11-19,0.0,0.1108032371214061,0.10894099462214649,0.10940655320882797,5640700,0.0,0.0
1984-11-20,0.0,0.1112687858239839,0.10894098494482339,0.10987211018800735,6439800,0.0,0.0
1984-11-21,0.0,0.11126876622438431,0.10987209083442719,0.11126876622438431,10825700,0.0,0.0
1984-11-23,0.0,0.11359658092260361,0.11219989720516658,0.11359658092260361,6072200,0.0,0.0
1984-11-26,0.0,0.11313098409636103,0.11126874248781876,0.1117343008518219,1635900,0.0,0.0
1984-11-27,0.0,0.11173427188565618,0.10707868130001767,0.10894091427326202,7086200,0.0,0.0
1984-11-28,0.0,0.10940654619596792,0.10707875341176987,0.10707875341176987,1959100,0.0,0.0
1984-11-29,0.0,0.10754434982028041,0.10195762886681774,0.1033543050289154,1982600,0.0,0.0
1984-11-30,0.0,0.10428540715808621,0.1010264886939294,0.10149204730987549,3575000,0.0,0.0
1984-12-03,0.0,0.10195760428905487,0.100560928463638,0.10195760428905487,989600,0.0,0.0
1984-12-04,0.0,0.10195757750067622,0.10056090204222247,0.10102646052837372,3266900,0.0,0.0
1984-12-05,0.0,0.10102649946150506,0.09683645516633987,0.09683645516633987,8710400,0.0,0.0
1984-12-06,0.0,0.09683644668129887,0.09311196953058243,0.09311196953058243,5147200,0.0,0.0
1984-12-07,0.0,0.09637087470929478,0.08985303856011864,0.09450864046812057,26499800,0.0,0.0
1984-12-10,0.0,0.0963708683848381,0.09450863426587529,0.0963708683848381,3486800,0.0,0.0
1984-12-11,0.0,0.10242313598682747,0.09776754297278308,0.10102646052837372,19139900,0.0,0.0
1984-12-12,0.0,0.10242313598682747,0.10102646052837372,0.10102646052837372,9533000,0.0,0.0
1984-12-13,0.0,0.10195757147451759,0.10056089609861374,0.10056089609861374,4759300,0.0,0.0
1984-12-14,0.0,0.10056089080493104,0.0977675320476387,0.10009532421827316,9436500,0.0,0.0
1984-12-17,0.0,0.09962981115993008,0.09776757657527924,0.09776757657527924,2644100,0.0,0.0
1984-12-18,0.0,0.10009532421827316,0.0977675320476387,0.10009532421827316,4941500,0.0,0.0
1984-12-19,0.0,0.10056093908892275,0.09869869630573468,0.09916425496339798,11683600,0.0,0.0
1984-12-20,0.0,0.10242310166358948,0.1000953018603756,0.10242310166358948,8481200,0.0,0.0
1984-12-21,0.0,0.10242316454176767,0.1010264886939294,0.10149204730987549,6052000,0.0,0.0
1984-12-24,0.0,0.10102649604457191,0.09916425329275744,0.09962981194257736,3104900,0.0,0.0
1984-12-26,0.0,0.10009537059239729,0.09916425329275744,0.09962981194257736,1063500,0.0,0.0
1984-12-27,0.0,0.09962980675687277,0.09357752831916362,0.09497421234846115,11178200,0.0,0.0
1984-12-28,0.0,0.09590531140565872,0.09497419433112336,0.09590531140565872,8931200,0.0,0.0
1984-12-31,0.0,0.09869866073131561,0.09543974314976456,0.09869866073131561,3590100,0.0,0.0
1985-01-02,0.0,0.09869867078179759,0.09590531140565872,0.09590531140565872,2350300,0.0,0.0
1985-01-03,0.0,0.09637088822522434,0.09497421234846115,0.09497421234846115,1453800,0.0,0.0
1985-01-04,0.0,0.09823313522144195,0.0959053338380937,0.09776757657527924,11134600,0.0,0.0
1985-01-07,0.0,0.099164239741692,0.09730199724435806,0.09730199724435806,3598500,0.0,0.0
1985-01-08,0.0,0.09916425496339798,0.09497421889189345,0.09916425496339798,12006700,0.0,0.0
1985-01-09,0.0,0.10149205469439183,0.09962981194257736,0.09962981194257736,2605400,0.0,0.0
1985-01-10,0.0,0.10754434764385223,0.10102650938089584,0.10754434764385223,1416000,0.0,0.0
1985-01-11,0.0,0.10987203891241183,0.10847535602995094,0.10894091427326202,1880200,0.0,0.0
1985-01-14,0.0,0.11266544161434143,0.10894096575525762,0.11126876622438431,6140200,0.0,0.0
1985-01-15,0.0,0.11173434436930942,0.10987211018800735,0.10987211018800735,9738700,0.0,0.0
1985-01-16,0.0,0.10800989130947548,0.10428541398553523,0.10568208992481232,8173200,0.0,0.0
1985-01-17,0.0,0.10707875341176987,0.10428539391819908,0.10707875341176987,6528000,0.0,0.0
1985-01-18,0.0,0.10614759474992752,0.10521647792919166,0.10614759474992752,4838300,0.0,0.0
1985-01-21,0.0,0.10894091427326202,0.10568199841755677,0.10894091427326202,4867600,0.0,0.0
1985-01-22,0.0,0.11173428110517263,0.10940648154401612,0.11080316454172134,3936700,0.0,0.0
1985-01-23,0.0,0.11080316454172134,0.10987204797827008,0.11080316454172134,499400,0.0,0.0
1985-01-24,0.0,0.11359658670314442,0.10987211018800735,0.10987211018800735,13152500,0.0,0.0
1985-01-25,0.0,0.11545881784378718,0.1108032243606062,0.11499325931072235,9254300,0.0,0.0
1985-01-28,0.0,0.11545882088444648,0.10940654349014892,0.10987211018800735,8827900,0.0,0.0
1985-01-29,0.0,0.11359658092260361,0.11033766311862722,0.11359658092260361,8848900,0.0,0.0
1985-01-30,0.0,0.11545887589454651,0.11266551513917056,0.11545887589454651,6557300,0.0,0.0
1985-01-31,0.0,0.11825220286846161,0.11499328427693083,0.11825220286846161,4009800,0.0,0.0
1985-02-01,0.0,0.11732111911564275,0.11359664082598708,0.11545887589454651,901500,0.0,0.0
1985-02-04,0.0,0.11359658670314442,0.10800986785417235,0.10987211018800735,43553900,0.0,0.0
1985-02-05,0.0,0.10894095336466568,0.10242311931445351,0.10614759474992752,53219600,0.0,0.0
1985-02-06,0.0,0.10894098763912831,0.10661318670239713,0.10707875341176987,5801900,0.0,0.0
1985-02-07,0.0,0.10940647379155571,0.10707868254787305,0.10847535729408264,5749000,0.0,0.0
1985-02-08,0.0,0.10800989474770786,0.10475097596645355,0.10475097596645355,10449600,0.0,0.0
1985-02-11,0.0,0.1056820550037364,0.10242313740308308,0.10288869589567184,13925600,0.0,0.0
1985-02-12,0.0,0.10381982103338136,0.10242313740308308,0.10288869589567184,4494900,0.0,0.0
1985-02-13,0.0,0.10475097596645355,0.10242317450769048,0.10475097596645355,39652400,0.0,0.0
1985-02-14,0.0,0.10475090146680334,0.10242310166358948,0.10242310166358948,11472000,0.0,0.0
1985-02-15,0.0,0.10521652293546421,0.10335428034488935,0.1038198471069336,6718500,0.0,0.0
1985-02-19,0.0,0.1033543050289154,0.10242318758751696,0.1033543050289154,8490500,0.0,0.0
1985-02-20,0.0,0.10661319876399483,0.1038198471069336,0.1038198471069336,6815900,0.0,0.0
1985-02-21,0.0,0.10428543062284985,0.1033543050289154,0.1033543050289154,895600,0.0,0.0
1985-02-22,0.0,0.10381980799635027,0.10009532421827316,0.10009532421827316,2811100,0.0,0.0
1985-02-25,0.0,0.11268881436565907,0.11112368699538314,0.11164539307355881,1939000,0.03938,0.0
1985-02-26,0.0,0.11373218414795155,0.11164535147700697,0.11268877238035202,15512100,0.0,0.0
1985-02-27,0.0,0.1132104737867111,0.11164534706146657,0.11216705292463303,9715200,0.0,0.0
1985-02-28,0.0,0.11581908166408539,0.1106020103578705,0.11581908166408539,11037200,0.0,0.0
1985-03-01,0.0,0.11686250567436218,0.11477567162684618,0.11686250567436218,2967200,0.0,0.0
1985-03-04,0.0,0.12103606941741965,0.11790582537651062,0.11790582537651062,4280100,0.0,0.0
1985-03-05,0.0,0.11686250567436218,0.11529737785478729,0.11686250567436218,1747600,0.0,0.0
1985-03-06,0.0,0.1173842119023033,0.11634079944642108,0.11686250567436218,1483200,0.0,0.0
1985-03-07,0.0,0.11790581193078417,0.11477556824684143,0.11477556824684143,5214300,0.0,0.0
1985-03-08,0.0,0.11477559591555109,0.11268877238035202,0.11268877238035202,24757200,0.0,0.0
1985-03-11,0.0,0.11268881436565907,0.11060198091720747,0.11164539307355881,925000,0.0,0.0
1985-03-12,0.0,0.11373218414795155,0.11164535147700697,0.11268877238035202,5308300,0.0,0.0
1985-03-13,0.0,0.11268876792354465,0.11164534706146657,0.11216705292463303,3986300,0.0,0.0
1985-03-14,0.0,0.11268876792354465,0.11164534706146657,0.11216705292463303,2840500,0.0,0.0
1985-03-15,0.0,0.11216710264165472,0.10851515084505081,0.10851515084505081,4641800,0.0,0.0
1985-03-18,0.0,0.10955857216961566,0.10381978685963128,0.10851515084505081,3966100,0.0,0.0
1985-03-19,0.0,0.10851515084505081,0.10538490514285473,0.10851515084505081,7829000,0.0,0.0
1985-03-20,0.0,0.11268881436565907,0.1100802748390318,0.11164539307355881,12000900,0.0,0.0
1985-03-21,0.0,0.11477560967510005,0.11216707080763838,0.11321049183607101,5558500,0.0,0.0
1985-03-22,0.0,0.11373217964987756,0.11112364119830012,0.11216705292463303,8716300,0.0,0.0
1985-03-25,0.0,0.11268881436565907,0.10955856876085612,0.11164539307355881,6542200,0.0,0.0
1985-03-26,0.0,0.11164539928411514,0.1095585748553276,0.1095585748553276,1028200,0.0,0.0
1985-03-27,0.0,0.11164539928411514,0.10851515350518441,0.1095585748553276,3075500,0.0,0.0
1985-03-28,0.0,0.11112366011409358,0.11008024821014806,0.11060195416212082,3026000,0.0,0.0
1985-03-29,0.0,0.11060195416212082,0.1095585422581753,0.11060195416212082,4289300,0.0,0.0
1985-04-01,0.0,0.1100802809625245,0.1095585748553276,0.1095585748553276,1665300,0.0,0.0
1985-04-02,0.0,0.11008025528989453,0.10434147117761419,0.10590659826993942,6771400,0.0,0.0
1985-04-03,0.0,0.10851515084505081,0.10642832646741957,0.10851515084505081,21255200,0.0,0.0
1985-04-04,0.0,0.10851514041297745,0.10695002228021622,0.10695002228021622,4955800,0.0,0.0
1985-04-08,0.0,0.12051444500684738,0.11529736503597061,0.12051444500684738,11589500,0.0,0.0
1985-04-09,0.0,0.1199926702661419,0.11634072002776445,0.11894924938678741,5734700,0.0,0.0
1985-04-10,0.0,0.1226012334227562,0.11947098819326583,0.1226012334227562,13285100,0.0,0.0
1985-04-11,0.0,0.1226012334227562,0.12103611537588493,0.1226012334227562,5743100,0.0,0.0
1985-04-12,0.0,0.12260119962516486,0.11790583764317822,0.11894924938678741,8343600,0.0,0.0
1985-04-15,0.0,0.12207945436239243,0.11686238819197443,0.12207945436239243,6271900,0.0,0.0
1985-04-16,0.0,0.12207944055111862,0.11790578625981585,0.12155773490667343,5361200,0.0,0.0
1985-04-17,0.0,0.12625320255756378,0.1231229660202763,0.12625320255756378,10032500,0.0,0.0
1985-04-18,0.0,0.12833999507877686,0.12625316225106045,0.1267748773097992,5470300,0.0,0.0
1985-04-19,0.0,0.12833999507877686,0.12625316225106045,0.1267748773097992,5278900,0.0,0.0
1985-04-22,0.0,0.1288617104291916,0.1278182985068713,0.1288617104291916,5102700,0.0,0.0
1985-04-23,0.0,0.1278182715177536,0.12625314482900632,0.1278182715177536,6395300,0.0,0.0
1985-04-24,0.0,0.13042691113713586,0.1283400769777269,0.12938348948955536,1827300,0.0,0.0
1985-04-25,0.0,0.12990520488122162,0.12938348948955536,0.12938348948955536,4656100,0.0,0.0
1985-04-26,0.0,0.12938344823060038,0.12625320255756378,0.12625320255756378,2546700,0.0,0.0
1985-04-29,0.0,0.12625318908164998,0.12312295287847519,0.12312295287847519,4691400,0.0,0.0
1985-04-30,0.0,0.12364458060853747,0.12207945436239243,0.12207945436239243,1057600,0.0,0.0
1985-05-01,0.0,0.12364458060853747,0.12207945436239243,0.12207945436239243,578300,0.0,0.0
1985-05-02,0.0,0.12207950176887811,0.1210360899567604,0.1210360899567604,6953500,0.0,0.0
1985-05-03,0.0,0.12260116006585998,0.1210360429554573,0.12207945436239243,763800,0.0,0.0
1985-05-06,0.0,0.12573142473454163,0.12207947505550176,0.1252097189426422,1116400,0.0,0.0
1985-05-07,0.0,0.1252097189426422,0.12364460156694394,0.1252097189426422,1533500,0.0,0.0
1985-05-08,0.0,0.12416628748178482,0.122079455512512,0.12416628748178482,2738100,0.0,0.0
1985-05-09,0.0,0.12364465458975153,0.1226012334227562,0.1226012334227562,182100,0.0,0.0
1985-05-10,0.0,0.1252097189426422,0.12312289577504452,0.1252097189426422,9078100,0.0,0.0
1985-05-13,0.0,0.12520977263662278,0.1226012334227562,0.1226012334227562,1615800,0.0,0.0
1985-05-14,0.0,0.12364456662019549,0.12155773490667343,0.12155773490667343,182100,0.0,0.0
1985-05-15,0.0,0.12520977701392505,0.1220795316750021,0.12312295287847519,3501900,0.0,0.0
1985-05-16,0.0,0.12416628748178482,0.1226011612208946,0.12416628748178482,3090600,0.0,0.0
1985-05-17,0.0,0.12573142473454163,0.12416630735884338,0.1252097189426422,4156700,0.0,0.0
1985-05-20,0.0,0.13147028172454117,0.12625320255756378,0.12625320255756378,10238100,0.0,0.0
1985-05-21,0.0,0.12938348948955536,0.1283400769777269,0.12938348948955536,5749000,0.0,0.0
1985-05-22,0.0,0.12938340278608132,0.12781828506716822,0.1283399909734726,5670100,0.0,0.0
1985-05-23,0.0,0.12834003605150457,0.12520979037846794,0.12625320255756378,1210400,0.0,0.0
1985-05-24,0.0,0.13960117431920196,0.1367168600493457,0.13844744861125946,1034100,0.03938,0.0
1985-05-28,0.0,0.1407548487186432,0.1372936630032854,0.1407548487186432,1239700,0.0,0.0
1985-05-29,0.0,0.1413317113209343,0.13960111341244988,0.1407548487186432,1034100,0.0,0.0
1985-05-30,0.0,0.14190857392322542,0.13960111341244988,0.1407548487186432,2620600,0.0,0.0
1985-05-31,0.0,0.14133180677890778,0.1384474817177175,0.14133180677890778,6424700,0.0,0.0
1985-06-03,0.0,0.1459466964006424,0.14306237182196638,0.1459466964006424,13328800,0.0,0.0
1985-06-04,0.0,0.14767730236053467,0.14479297764177962,0.14767730236053467,1953200,0.0,0.0
1985-06-05,0.0,0.1505616158246994,0.14767730122964862,0.1505616158246994,1269100,0.0,0.0
1985-06-06,0.0,0.15344587260616677,0.1488309611950304,0.1522921472787857,6395300,0.0,0.0
1985-06-07,0.0,0.15459959793354783,0.14940782385872092,0.1522921472787857,2781700,0.0,0.0
1985-06-10,0.0,0.15229213320878812,0.14940781005520076,0.149984672665596,1092800,0.0,0.0
1985-06-11,0.0,0.14998472545525324,0.14536981284618378,0.14536981284618378,1621700,0.0,0.0
1985-06-12,0.0,0.14710038157021696,0.1419086068435833,0.14248546957969666,1865100,0.0,0.0
1985-06-13,0.0,0.14248552119925822,0.13614001870155334,0.13614001870155334,9121700,0.0,0.0
1985-06-14,0.0,0.13787060976028442,0.1355631478410594,0.13787060976028442,4970900,0.0,0.0
1985-06-17,0.0,0.1372937113046646,0.13671684849942706,0.1372937113046646,1997700,0.0,0.0
1985-06-18,0.0,0.14075491012875999,0.13844744861125946,0.13844744861125946,2062400,0.0,0.0
1985-06-19,0.0,0.14017800986766815,0.13787054896592377,0.14017800986766815,1504200,0.0,0.0
1985-06-20,0.0,0.1442161527369931,0.14075496418236275,0.1419086903333664,1122200,0.0,0.0
1985-06-21,0.0,0.14767729518849448,0.14017805734490657,0.1459466964006424,7203700,0.0,0.0
1985-06-24,0.0,0.14767731989320276,0.14133180677890778,0.14133180677890778,4597300,0.0,0.0
1985-06-25,0.0,0.14421620904654703,0.14248560904270538,0.14306247234344482,4955800,0.0,0.0
1985-06-26,0.0,0.14306239575465118,0.14133180677890778,0.14133180677890778,6424700,0.0,0.0
1985-06-27,0.0,0.14421610534191132,0.14190864369660725,0.14421610534191132,3883900,0.0,0.0
1985-06-28,0.0,0.14883107883698155,0.14536989001736617,0.14825421571731567,25286000,0.0,0.0
1985-07-01,0.0,0.14825420732231545,0.14421615561169174,0.14479301869869232,1571300,0.0,0.0
1985-07-02,0.0,0.1447928970362921,0.1407548487186432,0.1407548487186432,5743100,0.0,0.0
1985-07-03,0.0,0.14363920515353681,0.1419086068435833,0.14248546957969666,2526500,0.0,0.0
1985-07-05,0.0,0.14306247234344482,0.14248560904270538,0.14306247234344482,1239700,0.0,0.0
1985-07-08,0.0,0.14421610534191132,0.14306236946845127,0.14421610534191132,2217600,0.0,0.0
1985-07-09,0.0,0.14710038900375366,0.14421607517743162,0.14710038900375366,3986300,0.0,0.0
1985-07-10,0.0,0.14767726187063202,0.14536980070796043,0.14710038900375366,3707600,0.0,0.0
1985-07-11,0.0,0.14883107883698155,0.1476773525976498,0.14825421571731567,4706500,0.0,0.0
1985-07-12,0.0,0.1522921472787857,0.14825409853133986,0.1522921472787857,5984000,0.0,0.0
1985-07-15,0.0,0.16036833822727203,0.15344596202579217,0.16036833822727203,11801100,0.0,0.0
1985-07-16,0.0,0.1649831996996299,0.1603682870712964,0.16267573833465576,6410400,0.0,0.0
1985-07-17,0.0,0.16382946869415257,0.1592145562171936,0.1592145562171936,11581200,0.0,0.0
1985-07-18,0.0,0.1609451446079478,0.15806082052174297,0.1592145562171936,53019800,0.0,0.0
1985-07-19,0.0,0.1603683011662965,0.15863770246505737,0.15863770246505737,24222500,0.0,0.0
1985-07-22,0.0,0.15921459962407752,0.15748400065989338,0.15806086361408234,5205900,0.0,0.0
1985-07-23,0.0,0.16036828181102972,0.15748395772482493,0.1592145562171936,9083900,0.0,0.0
1985-07-24,0.0,0.15863763971678008,0.15575332652494916,0.15690705180168152,6036900,0.0,0.0
1985-07-25,0.0,0.15979141901411165,0.1563302321309888,0.1592145562171936,9753800,0.0,0.0
1985-07-26,0.0,0.15806082798260995,0.1569071023343151,0.15748396515846252,2767500,0.0,0.0
1985-07-29,0.0,0.15690710558914253,0.15575337991691518,0.15633024275302887,3525400,0.0,0.0
1985-07-30,0.0,0.15633026545674866,0.15459966659545898,0.15459966659545898,3075500,0.0,0.0
1985-07-31,0.0,0.16036827273359533,0.1522921738306504,0.15979140996932983,7740900,0.0,0.0
1985-08-01,0.0,0.1615220159292221,0.15863769169079653,0.1615220159292221,6424700,0.0,0.0
1985-08-02,0.0,0.15979144712957052,0.15402279794216156,0.15402279794216156,3868700,0.0,0.0
1985-08-05,0.0,0.15633024275302887,0.15402278130695898,0.15633024275302887,4626700,0.0,0.0
1985-08-06,0.0,0.15863765781835873,0.15517648159321912,0.15575334429740906,6271900,0.0,0.0
1985-08-07,0.0,0.15517644584178925,0.1534458480263227,0.15517644584178925,3686600,0.0,0.0
1985-08-08,0.0,0.1563302596374484,0.15402279794216156,0.15402279794216156,6042800,0.0,0.0
1985-08-09,0.0,0.1540227352698573,0.1522921472787857,0.1522921472787857,7829000,0.0,0.0
1985-08-12,0.0,0.15286900994247624,0.15171528461509518,0.1522921472787857,3202300,0.0,0.0
1985-08-13,0.0,0.15113849937915802,0.1488310473880732,0.15113849937915802,2076600,0.0,0.0
1985-08-14,0.0,0.15229221584957273,0.14767730236053467,0.14767730236053467,2996600,0.0,0.0
1985-08-15,0.0,0.14940786361694336,0.1488310007997466,0.14940786361694336,3002500,0.0,0.0
1985-08-16,0.0,0.14767726187063202,0.14710038900375366,0.14710038900375366,2517300,0.0,0.0
1985-08-19,0.0,0.14710038900375366,0.14536980070796043,0.14710038900375366,2738100,0.0,0.0
1985-08-20,0.0,0.14883102476596832,0.1471004259340853,0.14883102476596832,3819200,0.0,0.0
1985-08-21,0.0,0.1522921472787857,0.14825409853133986,0.1522921472787857,7629300,0.0,0.0
1985-08-22,0.0,0.15575340253685765,0.15113847897449623,0.15459966659545898,4867600,0.0,0.0
1985-08-23,0.0,0.15690703355564528,0.1534458480263227,0.15517644584178925,10670400,0.0,0.0
1985-08-26,0.0,0.16914960741996765,0.16788730021603263,0.16914960741996765,1459700,0.03938,0.0
1985-08-27,0.0,0.16978071630001068,0.16788724506381086,0.16978071630001068,769700,0.0,0.0
1985-08-28,0.0,0.17041201889514923,0.16978086494792732,0.17041201889514923,12374400,0.0,0.0
1985-08-29,0.0,0.17356771230697632,0.17104309762825717,0.17356771230697632,5141300,0.0,0.0
1985-08-30,0.0,0.17419882118701935,0.17230534973264172,0.17419882118701935,4479800,0.0,0.0
1985-09-03,0.0,0.17419882118701935,0.17293650319999612,0.17419882118701935,13264100,0.0,0.0
1985-09-04,0.0,0.17419886210582664,0.1729365438222885,0.1729365438222885,16055200,0.0,0.0
1985-09-05,0.0,0.17041195623130764,0.1666250228881836,0.1666250228881836,3134300,0.0,0.0
1985-09-06,0.0,0.17041201889514923,0.1672562381067169,0.17041201889514923,8437600,0.0,0.0
1985-09-09,0.0,0.17419882118701935,0.17041188933057852,0.17419882118701935,4133200,0.0,0.0
1985-09-10,0.0,0.17609232298544736,0.1723053902387619,0.1723053902387619,5435100,0.0,0.0
1985-09-11,0.0,0.1716742633924237,0.16788733005523682,0.16788733005523682,3613600,0.0,0.0
1985-09-12,0.0,0.17041201889514923,0.1678873920539388,0.17041201889514923,1733300,0.0,0.0
1985-09-13,0.0,0.16978077207425196,0.16914960741996765,0.16914960741996765,1753500,0.0,0.0
1985-09-16,0.0,0.17041201889514923,0.1678873920539388,0.17041201889514923,1063500,0.0,0.0
1985-09-17,0.0,0.17167427920877384,0.16410041183661975,0.16599388420581818,4391700,0.0,0.0
1985-09-18,0.0,0.1666250228881836,0.1653627044055964,0.1666250228881836,4603200,0.0,0.0
1985-09-19,0.0,0.16788733031845202,0.1666250228881836,0.1666250228881836,12089000,0.0,0.0
1985-09-20,0.0,0.1685184538737404,0.16725614666938782,0.16725614666938782,5288200,0.0,0.0
1985-09-23,0.0,0.16978071204170675,0.16788724085299744,0.16851839423179626,2444300,0.0,0.0
1985-09-24,0.0,0.1678873455226968,0.16536271938120553,0.16599388420581818,1557000,0.0,0.0
1985-09-25,0.0,0.1678873002715641,0.16473152120836587,0.16725614666938782,1077700,0.0,0.0
1985-09-26,0.0,0.1659938957232561,0.16220696177442373,0.16473157703876495,1101200,0.0,0.0
1985-09-30,0.0,0.1647315174383253,0.16031343127188666,0.16410036385059357,2723000,0.0,0.0
1985-10-01,0.0,0.1678873455226968,0.16346925806432688,0.16599388420581818,4583100,0.0,0.0
1985-10-02,0.0,0.16536269782299212,0.1603134572505951,0.1603134572505951,11207600,0.0,0.0
1985-10-03,0.0,0.16157573055711283,0.15778879842237217,0.1596822589635849,2305800,0.0,0.0
1985-10-04,0.0,0.1609446257352829,0.16031347198725487,0.1609446257352829,3084700,0.0,0.0
1985-10-07,0.0,0.16220687318554716,0.1603134017190854,0.16157571971416473,4803000,0.0,0.0
1985-10-08,0.0,0.16157571971416473,0.1577887878335557,0.16157571971416473,4265800,0.0,0.0
1985-10-09,0.0,0.1659938957232561,0.16157580795833842,0.16473157703876495,4965000,0.0,0.0
1985-10-10,0.0,0.16725619175040393,0.16536271938120553,0.16599388420581818,4706500,0.0,0.0
1985-10-11,0.0,0.1659938957232561,0.16410042322267965,0.16473157703876495,1959100,0.0,0.0
1985-10-14,0.0,0.1672561766033178,0.16220693582992532,0.1666250228881836,13740100,0.0,0.0
1985-10-15,0.0,0.16851848403358624,0.16473155069046216,0.1666250228881836,10949100,0.0,0.0
1985-10-16,0.0,0.16851839423179626,0.16662493409539983,0.16851839423179626,1709800,0.0,0.0
1985-10-17,0.0,0.1672561428330622,0.16410036384224752,0.1653626710176468,6586700,0.0,0.0
1985-10-18,0.0,0.1653626710176468,0.16410036384224752,0.1653626710176468,6477600,0.0,0.0
1985-10-21,0.0,0.16599382053907996,0.16346919536590576,0.16346919536590576,3398700,0.0,0.0
1985-10-22,0.0,0.16662503797811104,0.16346925806432688,0.16599388420581818,4215400,0.0,0.0
1985-10-23,0.0,0.16725614666938782,0.16473152120836587,0.16725614666938782,3721800,0.0,0.0
1985-10-24,0.0,0.1678873002715641,0.16662499306721154,0.16725614666938782,1571300,0.0,0.0
1985-10-25,0.0,0.1672561428330622,0.1653626710176468,0.1653626710176468,7291800,0.0,0.0
1985-10-28,0.0,0.16599388420581818,0.16536271938120553,0.16599388420581818,1107100,0.0,0.0
1985-10-29,0.0,0.1685184837693815,0.16536270414633933,0.16788733005523682,3678200,0.0,0.0
1985-10-30,0.0,0.17546112812172812,0.16914957134355532,0.17419882118701935,6683300,0.0,0.0
1985-10-31,0.0,0.17861691117286682,0.1748299792175839,0.17861691117286682,12750400,0.0,0.0
1985-11-01,0.0,0.17735469341278076,0.17672353957215692,0.17735469341278076,2017900,0.0,0.0
1985-11-04,0.0,0.17735457403576033,0.1754611137883732,0.1767234206199646,3613600,0.0,0.0
1985-11-05,0.0,0.1779857724905014,0.17546115818846997,0.1779857724905014,5008600,0.0,0.0
1985-11-06,0.0,0.18177266418933868,0.17798573253411143,0.18177266418933868,6066300,0.0,0.0
1985-11-07,0.0,0.18492855198909783,0.1805104642821392,0.18303509056568146,11654200,0.0,0.0
1985-11-08,0.0,0.18555967509746552,0.183035060283922,0.18555967509746552,8916100,0.0,0.0
1985-11-11,0.0,0.19376467168331146,0.18429734518404903,0.19376467168331146,8790100,0.0,0.0
1985-11-12,0.0,0.19187123386790872,0.18682198214587017,0.18745313584804535,14151400,0.0,0.0
1985-11-13,0.0,0.18808428955022052,0.18619082844369497,0.18745313584804535,10684700,0.0,0.0
1985-11-14,0.0,0.19187119603157046,0.18619079172751285,0.19187119603157043,6228300,0.0,0.0
1985-11-15,0.0,0.1906089716468512,0.18682202643147885,0.18808433413505554,23385600,0.0,0.0
1985-11-18,0.0,0.18934649719340094,0.18429724872112274,0.18429724872112274,9826800,0.0,0.0
1985-11-19,0.0,0.1861908589272795,0.1836662437052431,0.1849285513162613,5331800,0.0,0.0
1985-11-20,0.0,0.1849285513162613,0.1836662437052431,0.1849285513162613,2399800,0.0,0.0
1985-11-21,0.0,0.1861908589272795,0.1836662437052431,0.1849285513162613,15796600,0.0,0.0
1985-11-22,0.0,0.1855597051217704,0.183035089899734,0.1849285513162613,6322300,0.0,0.0
1985-11-25,0.0,0.18492840201707966,0.1830349421292089,0.18429724872112274,3290400,0.0,0.0
1985-11-26,0.0,0.20906801582117432,0.20763112604618075,0.20763112604618073,675700,0.06038,0.0
1985-11-27,0.0,0.21194173395633698,0.20547571926163705,0.21194173395633698,6977000,0.0,0.0
1985-11-29,0.0,0.21697089091699145,0.21122330781623722,0.21625244617462158,13167600,0.0,0.0
1985-12-02,0.0,0.2176893654032785,0.21553403088167544,0.21697092056274414,5361200,0.0,0.0
1985-12-03,0.0,0.21697089091699145,0.21481555668988186,0.21625244617462158,1739200,0.0,0.0
1985-12-04,0.0,0.21481562765613726,0.21050493261604625,0.21337871253490448,6404600,0.0,0.0
1985-12-05,0.0,0.21409715751461905,0.21122337759576082,0.21337871253490448,7893700,0.0,0.0
1985-12-06,0.0,0.2126603143081777,0.20906808861986054,0.21050497889518738,2517300,0.0,0.0
1985-12-09,0.0,0.20906793849967253,0.20547570280983765,0.2069125920534134,3980400,0.0,0.0
1985-12-10,0.0,0.2061941921710968,0.2040388578380745,0.2061941921710968,4750100,0.0,0.0
1985-12-11,0.0,0.2069125921258921,0.20475725825977353,0.20547570288181305,14049000,0.0,0.0
1985-12-12,0.0,0.20547568551345102,0.1925436456671669,0.20116500556468964,29907800,0.0,0.0
1985-12-13,0.0,0.20403885703873012,0.19972817580867472,0.20044662058353424,26608100,0.0,0.0
1985-12-16,0.0,0.20547573296699953,0.20116505202270887,0.2040388435125351,13426200,0.0,0.0
1985-12-17,0.0,0.20619414754034623,0.20260191184861726,0.20475725829601288,5184900,0.0,0.0
1985-12-18,0.0,0.20834949387788468,0.2047572581880498,0.2069125920534134,9225000,0.0,0.0
1985-12-19,0.0,0.21122324454980987,0.206912564805845,0.20978635549545288,5484600,0.0,0.0
1985-12-20,0.0,0.2148154824972153,0.2105047903700215,0.21481548249721527,4397600,0.0,0.0
1985-12-23,0.0,0.21553405863644476,0.2105049189432928,0.21122336387634277,8069900,0.0,0.0
1985-12-24,0.0,0.20978637038899753,0.20763103665444657,0.2090679258108139,1028200,0.0,0.0
1985-12-26,0.0,0.20834957093367754,0.20691266857778373,0.20763112604618073,660600,0.0,0.0
1985-12-27,0.0,0.20834949387788468,0.2061941474316255,0.2069125920534134,2393900,0.0,0.0
1985-12-30,0.0,0.20906807532861482,0.20691272747174352,0.20834963023662567,2017900,0.0,0.0
1985-12-31,0.0,0.21266014873981476,0.20691257953242148,0.21266014873981476,4103800,0.0,0.0
1986-01-02,0.0,0.21266030078856069,0.20691272747174352,0.20834963023662567,925000,0.0,0.0
1986-01-03,0.0,0.21122324454980987,0.20763102191391739,0.20978635549545288,4436200,0.0,0.0
1986-01-06,0.0,0.21122324454980987,0.20978635549545288,0.20978635549545288,969500,0.0,0.0
1986-01-07,0.0,0.21553407223929366,0.20834959729356303,0.21409715712070465,4442100,0.0,0.0
1986-01-08,0.0,0.21481566122633577,0.20834963023662567,0.20834963023662567,7329600,0.0,0.0
1986-01-09,0.0,0.21122335048366467,0.20763112604618075,0.20763112604618073,10978500,0.0,0.0
1986-01-10,0.0,0.21122325954536483,0.20763103665444657,0.2090679258108139,2943700,0.0,0.0
1986-01-13,0.0,0.2097864607086711,0.20763112604618075,0.20763112604618073,799100,0.0,0.0
1986-01-14,0.0,0.2069125920534134,0.2061941474316255,0.2069125920534134,387800,0.0,0.0
1986-01-15,0.0,0.20691263694877093,0.2040388578380745,0.2061941921710968,8790100,0.0,0.0
1986-01-16,0.0,0.2061941921710968,0.20260195570182796,0.2061941921710968,4039100,0.0,0.0
1986-01-17,0.0,0.2069125921625129,0.20475725829601288,0.20475725829601288,3084700,0.0,0.0
1986-01-20,0.0,0.2069125920534134,0.20332036894447408,0.2069125920534134,2599600,0.0,0.0
1986-01-21,0.0,0.21337859331812706,0.20691257953242148,0.21266014873981476,7080300,0.0,0.0
1986-01-22,0.0,0.21050496551259318,0.20691272747174352,0.20834963023662567,6087300,0.0,0.0
1986-01-23,0.0,0.21122336387634277,0.2054757918310418,0.21122336387634277,4803000,0.0,0.0
1986-01-24,0.0,0.21194173395633698,0.20906795523909105,0.21194173395633698,1821400,0.0,0.0
1986-01-27,0.0,0.21481550763654128,0.21194170416150243,0.21266014873981476,9048700,0.0,0.0
1986-01-28,0.0,0.21194186917051425,0.20906808861986054,0.21050497889518738,2444300,0.0,0.0
1986-01-29,0.0,0.21337869867549278,0.21122336387634277,0.21122336387634277,6448200,0.0,0.0
1986-01-30,0.0,0.21337869867549278,0.2097864740102428,0.21122336387634277,9480100,0.0,0.0
1986-01-31,0.0,0.21768933565936133,0.21122330781623722,0.21625244617462158,8872400,0.0,0.0
1986-02-03,0.0,0.21840778040173117,0.21553400143225174,0.21625244617462158,9142700,0.0,0.0
1986-02-04,0.0,0.21697086107360095,0.21553397178649905,0.21553397178649902,1189400,0.0,0.0
1986-02-05,0.0,0.21697086107360095,0.21409705733760526,0.21553397178649902,11765800,0.0,0.0
1986-02-06,0.0,0.21553395221485358,0.21194170416150243,0.21266014873981476,9054600,0.0,0.0
1986-02-07,0.0,0.21266014873981476,0.21122325958319013,0.21266014873981476,4015600,0.0,0.0
1986-02-10,0.0,0.21697089091699145,0.21266019730097693,0.21625244617462158,15717700,0.0,0.0
1986-02-11,0.0,0.21697086107360095,0.21409705733760526,0.21553397178649902,6439800,0.0,0.0
1986-02-12,0.0,0.22343690836207464,0.2155340156738168,0.2184077948331833,7300200,0.0,0.0
1986-02-13,0.0,0.21912626922130585,0.2148155998999964,0.21912626922130585,4671200,0.0,0.0
1986-02-14,0.0,0.22702908508419165,0.21840772519324103,0.22487375140190125,6704200,0.0,0.0
1986-02-18,0.0,0.23133981276559393,0.22631069952901783,0.22918447852134705,4970900,0.0,0.0
1986-02-19,0.0,0.2306214276456312,0.2277476479102744,0.229902982711792,5529100,0.0,0.0
1986-02-20,0.0,0.22990292392886147,0.22631070017814636,0.22631070017814636,8040600,0.0,0.0
1986-02-21,0.0,0.2284659743309021,0.22631064064743073,0.2284659743309021,7300200,0.0,0.0
1986-02-24,0.0,0.26524266600608826,0.25472999910656474,0.26524266600608826,6336600,0.06038,0.0
1986-02-25,0.0,0.2725207426084354,0.2652427594893537,0.267668753862381,4685500,0.0,0.0
1986-02-26,0.0,0.2676686511833587,0.26443399326015327,0.266051322221756,2017900,0.0,0.0
1986-02-27,0.0,0.26685999501808805,0.26200797966056366,0.26524266600608826,5278900,0.0,0.0
1986-02-28,0.0,0.2700946530420876,0.26524266600608826,0.26524266600608826,3363400,0.0,0.0
1986-03-03,0.0,0.2709032975487174,0.2652426464246144,0.270094633102417,2452700,0.0,0.0
1986-03-04,0.0,0.27413802718403374,0.2676686822648822,0.2717120051383972,5860600,0.0,0.0
1986-03-05,0.0,0.2717119786546112,0.26685999167931673,0.26847732067108154,2217600,0.0,0.0
1986-03-06,0.0,0.26928598853608765,0.26524266600608826,0.26524266600608826,3833500,0.0,0.0
1986-03-07,0.0,0.26847732067108154,0.26281664087837986,0.26847732067108154,13352300,0.0,0.0
1986-03-10,0.0,0.2717120051383972,0.2692860114142882,0.2717120051383972,10435400,0.0,0.0
1986-03-11,0.0,0.27737259311497464,0.26847725743395057,0.2749466001987457,4612500,0.0,0.0
1986-03-12,0.0,0.2878853114293241,0.27737264516474874,0.28465065360069275,10458900,0.0,0.0
1986-03-13,0.0,0.2870766469721663,0.2830332963648537,0.28465065360069275,5543300,0.0,0.0
1986-03-14,0.0,0.28869396448135376,0.2838419496085668,0.28869396448135376,1630100,0.0,0.0
1986-03-17,0.0,0.2943546123967508,0.28788529706234073,0.29192861914634705,11595400,0.0,0.0
1986-03-18,0.0,0.2959720431599255,0.2911200271309028,0.29354602098464966,9004200,0.0,0.0
1986-03-19,0.0,0.2967806309500141,0.2911199517684601,0.29516327381134033,4706500,0.0,0.0
1986-03-20,0.0,0.29597203848775355,0.2878853641147235,0.2911200225353241,9597600,0.0,0.0
1986-03-21,0.0,0.29273742030794614,0.2862681019515595,0.29031142592430115,6219100,0.0,0.0
1986-03-24,0.0,0.2919287555133978,0.2895027611297528,0.29031142592430115,5243700,0.0,0.0
1986-03-25,0.0,0.2919286169061993,0.28465063721083644,0.2862679660320282,3501900,0.0,0.0
1986-03-26,0.0,0.2870767414569855,0.2814160600722719,0.2870767414569855,3026000,0.0,0.0
1986-03-27,0.0,0.2878853114293241,0.28465065360069275,0.28465065360069275,5155500,0.0,0.0
1986-03-31,0.0,0.2886940709036086,0.2846507472870508,0.2870767414569855,3010900,0.0,0.0
1986-04-01,0.0,0.2943547498970428,0.2870767667461078,0.29031142592430115,5038000,0.0,0.0
1986-04-02,0.0,0.28707670481106423,0.2781813656686124,0.2789900302886963,3266900,0.0,0.0
1986-04-03,0.0,0.2862679825150084,0.2806073029933801,0.28465065360069275,7188600,0.0,0.0
1986-04-04,0.0,0.287885406180297,0.28384205424220654,0.2870767414569855,11942100,0.0,0.0
1986-04-07,0.0,0.2878853570019074,0.2830333411693573,0.2830333411693573,12206500,0.0,0.0
1986-04-08,0.0,0.2870767414569855,0.283033389518895,0.2870767414569855,4215400,0.0,0.0
1986-04-09,0.0,0.287885406180297,0.28384205424220654,0.2870767414569855,3480900,0.0,0.0
1986-04-10,0.0,0.2911200225353241,0.2822246835571439,0.2911200225353241,7550400,0.0,0.0
1986-04-11,0.0,0.2959720646775846,0.2911200482958123,0.29435470700263977,3663100,0.0,0.0
1986-04-14,0.0,0.3048672080039978,0.2927372162208816,0.3048672080039978,3178800,0.0,0.0
1986-04-15,0.0,0.3072932509203281,0.30486722973357655,0.3056758940219879,2135400,0.0,0.0
1986-04-16,0.0,0.3267011681534014,0.3105278567374323,0.3202318549156189,7438700,0.0,0.0
1986-04-17,0.0,0.3218493113390902,0.3169973244793912,0.3194233179092407,7946500,0.0,0.0
1986-04-18,0.0,0.3202320833441231,0.3137627371701026,0.3153800666332245,1204500,0.0,0.0
1986-04-21,0.0,0.32023185491561884,0.31537984166576916,0.3202318549156189,1087000,0.0,0.0
1986-04-22,0.0,0.3234664735079341,0.3202318172693076,0.32104048132896423,1430300,0.0,0.0
1986-04-23,0.0,0.31780595546883644,0.3121452764074618,0.3137626051902771,7667900,0.0,0.0
1986-04-24,0.0,0.3137626683466541,0.3048673299291321,0.3105280101299286,4421100,0.0,0.0
1986-04-25,0.0,0.3153799339730924,0.30729329005901596,0.3137626051902771,19542900,0.0,0.0
1986-04-28,0.0,0.3153800666332245,0.31214540770698074,0.3153800666332245,7241500,0.0,0.0
1986-04-29,0.0,0.3161886620091983,0.3105280101299286,0.3105280101299286,1615800,0.0,0.0
1986-04-30,0.0,0.31052789901707223,0.295971913928692,0.2975892424583435,7652800,0.0,0.0
1986-05-01,0.0,0.29758919915955806,0.2927371859550476,0.2927371859550476,11375500,0.0,0.0
1986-05-02,0.0,0.29758936769805383,0.28950269332502376,0.2911200225353241,5117800,0.0,0.0
1986-05-05,0.0,0.2975892424583435,0.28950257148856934,0.2975892424583435,1512500,0.0,0.0
1986-05-06,0.0,0.2992066391948247,0.29678064584732056,0.29678064584732056,5038000,0.0,0.0
1986-05-07,0.0,0.2975892586446283,0.29516323739667977,0.29597193002700806,1224600,0.0,0.0
1986-05-08,0.0,0.29758929535859013,0.29516327381134033,0.29516327381134033,3862900,0.0,0.0
1986-05-09,0.0,0.29678059433581816,0.29435457308786966,0.29597193002700806,4303600,0.0,0.0
1986-05-12,0.0,0.2959720431599255,0.29354602098464966,0.29354602098464966,2364500,0.0,0.0
1986-05-13,0.0,0.2935458501022139,0.29192852180788126,0.2927371859550476,3378500,0.0,0.0
1986-05-14,0.0,0.29516327381134033,0.29354594499418823,0.29516327381134033,2033000,0.0,0.0
1986-05-15,0.0,0.2975892424583435,0.295971913928692,0.2975892424583435,3707600,0.0,0.0
1986-05-16,0.0,0.3008241355419159,0.29678081104542625,0.3008241355419159,734400,0.0,0.0
1986-05-19,0.0,0.30244146534051175,0.29920680574332004,0.3008241355419159,454900,0.0,0.0
1986-05-20,0.0,0.3008241355419159,0.2975894759447242,0.3008241355419159,8549200,0.0,0.0
1986-05-21,0.0,0.30648456478706,0.2992065583885841,0.3048672080039978,2070700,0.0,0.0
1986-05-22,0.0,0.308910608291626,0.3040585937873696,0.308910608291626,4941500,0.0,0.0
1986-05-23,0.0,0.3530184328556061,0.33786361013002303,0.3530184328556061,4015600,0.06038,0.0
1986-05-27,0.0,0.3619332263653858,0.35480152502580004,0.3601502776145935,5352800,0.0,0.0
1986-05-28,0.0,0.3619330129526364,0.35480131581823515,0.3556927740573883,5352800,0.0,0.0
1986-05-29,0.0,0.3601499391780182,0.34945244405297665,0.35123535990715027,4426900,0.0,0.0
1986-05-30,0.0,0.3494523823950694,0.34232068901553675,0.34410360455513,2209300,0.0,0.0
1986-06-02,0.0,0.3458866846589575,0.3405379354953766,0.3405379354953766,7050900,0.0,0.0
1986-06-03,0.0,0.34588679671287537,0.34053804581650643,0.34588679671287537,6659700,0.0,0.0
1986-06-04,0.0,0.34945266186497254,0.3423209627819627,0.34588679671287537,7329600,0.0,0.0
1986-06-05,0.0,0.34766971367833166,0.3432124212646909,0.34588679671287537,2179900,0.0,0.0
1986-06-06,0.0,0.3458866922865761,0.34232085943222046,0.34232085943222046,2599600,0.0,0.0
1986-06-09,0.0,0.3441038923634205,0.33340635895729065,0.33340635895729065,9209800,0.0,0.0
1986-06-10,0.0,0.3307318089749255,0.32092573925617124,0.3236001133918762,3275300,0.0,0.0
1986-06-11,0.0,0.33340635895729065,0.3253832010973969,0.33340635895729065,2311700,0.0,0.0
1986-06-12,0.0,0.33697214421691746,0.3298404771264657,0.33251485228538513,2958000,0.0,0.0
1986-06-13,0.0,0.33786366672295,0.3325148846631071,0.336972177028656,9254300,0.0,0.0
1986-06-16,0.0,0.34321242570877075,0.3369721850276875,0.34321242570877075,8622300,0.0,0.0
1986-06-17,0.0,0.352127037313157,0.34588679671287537,0.34588679671287537,8284800,0.0,0.0
1986-06-18,0.0,0.3530183880218852,0.3449952329055594,0.34945255517959595,4979300,0.0,0.0
1986-06-19,0.0,0.35836713754709604,0.3512354718573081,0.35658422112464905,3737000,0.0,0.0
1986-06-20,0.0,0.3654988931855913,0.3565842784198012,0.3637159764766693,4309400,0.0,0.0
1986-06-23,0.0,0.3744134581504309,0.3654988445703788,0.3699561357498169,13631800,0.0,0.0
1986-06-24,0.0,0.38332795309637824,0.3690645933535731,0.3815450370311737,9092300,0.0,0.0
1986-06-25,0.0,0.38511091470718384,0.3815450512229715,0.38511091470718384,9209800,0.0,0.0
1986-06-26,0.0,0.39045968651771545,0.38511093780238603,0.39045968651771545,1547800,0.0,0.0
1986-06-27,0.0,0.39402560524314073,0.38867685535701973,0.39313414692878723,7879400,0.0,0.0
1986-06-30,0.0,0.3931342593397388,0.39045988363198,0.3913513422012329,3878000,0.0,0.0
1986-07-01,0.0,0.39224269658289596,0.3868939465881144,0.387785404920578,2540800,0.0,0.0
1986-07-02,0.0,0.3877853842384127,0.3815451450228055,0.382436603307724,2041400,0.0,0.0
1986-07-03,0.0,0.3824364791348459,0.37352189918012596,0.37797918915748596,1445400,0.0,0.0
1986-07-07,0.0,0.3797621998657101,0.36639029537734813,0.368173211812973,9230800,0.0,0.0
1986-07-08,0.0,0.36639047663481633,0.3565844001665284,0.36104172468185425,14630700,0.0,0.0
1986-07-09,0.0,0.37976205348968506,0.3628243226585764,0.37976205348968506,5690200,0.0,0.0
1986-07-10,0.0,0.37976225894750193,0.37441350880849156,0.3753049671649933,8114400,0.0,0.0
1986-07-11,0.0,0.3761963556284386,0.36906465888023376,0.36906465888023376,2370400,0.0,0.0
1986-07-14,0.0,0.36906471517825007,0.36015010068843095,0.36460742354393005,8510600,0.0,0.0
1986-07-15,0.0,0.37976210514842995,0.3637158300087665,0.37797918915748596,26940500,0.0,0.0
1986-07-16,0.0,0.3940256058247585,0.37797932492153113,0.38600248098373413,25119000,0.0,0.0
1986-07-17,0.0,0.38778534274145393,0.38332802057266235,0.38332802057266235,6463300,0.0,0.0
1986-07-18,0.0,0.3886768745701577,0.3806537181231956,0.38689395785331726,13755200,0.0,0.0
1986-07-21,0.0,0.38511096817288354,0.37976218781456855,0.38332802057266235,8672600,0.0,0.0
1986-07-22,0.0,0.38778541621173745,0.3797622597647754,0.38689395785331726,5243700,0.0,0.0
1986-07-23,0.0,0.3895682096481323,0.385110919266559,0.3895682096481323,4803000,0.0,0.0
1986-07-24,0.0,0.38956819054576297,0.3815450370311737,0.3815450370311737,1160000,0.0,0.0
1986-07-25,0.0,0.38243665579003405,0.37887082216101575,0.3806537389755249,4471400,0.0,0.0
1986-07-28,0.0,0.3833278849865157,0.3788705956154774,0.37976205348968506,3480900,0.0,0.0
1986-07-29,0.0,0.37976205348968506,0.37441330624443914,0.37976205348968506,5895900,0.0,0.0
1986-07-30,0.0,0.38689395785331726,0.37797934304793496,0.38689395785331726,2908500,0.0,0.0
1986-07-31,0.0,0.3877852889044656,0.3833279673544927,0.38511091470718384,4479800,0.0,0.0
1986-08-01,0.0,0.3895682096481323,0.385110919266559,0.3895682096481323,1283400,0.0,0.0
1986-08-04,0.0,0.38867688179016113,0.38511104829024195,0.38867688179016113,3128400,0.0,0.0
1986-08-05,0.0,0.3993743674578423,0.3886768369704736,0.3922426700592041,12447400,0.0,0.0
1986-08-06,0.0,0.3984828702524974,0.38867679899539853,0.39759141206741333,2576100,0.0,0.0
1986-08-07,0.0,0.3993743360042572,0.39491701377321287,0.3993743360042572,4133200,0.0,0.0
1986-08-08,0.0,0.41363768249327565,0.3993743205909917,0.41007184982299805,3407900,0.0,0.0
1986-08-11,0.0,0.4189864695072174,0.41185480351971027,0.4189864695072174,6057900,0.0,0.0
1986-08-12,0.0,0.42076948285102844,0.4136377845300421,0.42076948285102844,10347200,0.0,0.0
1986-08-13,0.0,0.42968399823611797,0.42076941578230526,0.4261181652545929,5558500,0.0,0.0
1986-08-14,0.0,0.42790095108573856,0.4234436612198663,0.4270094931125641,4735800,0.0,0.0
1986-08-15,0.0,0.43057546397411844,0.42700963093054284,0.42790108919143677,5758200,0.0,0.0
1986-08-18,0.0,0.42790083381461086,0.4172033098471298,0.4243350028991699,6081400,0.0,0.0
1986-08-19,0.0,0.43503282601574295,0.430575503085218,0.4341413676738739,22465700,0.0,0.0
1986-08-20,0.0,0.43503282601574295,0.43235845099013576,0.4341413676738739,5294000,0.0,0.0
1986-08-21,0.0,0.4350326129672836,0.4279009185037553,0.4296838343143463,2379600,0.0,0.0
1986-08-22,0.0,0.4314672108535564,0.4270099165674981,0.4287928342819214,2458600,0.0,0.0
1986-08-25,0.0,0.46582604011282336,0.4581264562013247,0.46293869614601135,3584200,0.06038,0.0
1986-08-26,0.0,0.46582583730035787,0.46005115188093143,0.4648633897304535,2996600,0.0,0.0
1986-08-27,0.0,0.47448785240522895,0.4600511065711124,0.47352540493011475,5963900,0.0,0.0
1986-08-28,0.0,0.47833762697345483,0.4716004948636015,0.47737517952919006,3766300,0.0,0.0
1986-08-29,0.0,0.4812250184384316,0.4735254049301147,0.47352540493011475,4926400,0.0,0.0
1986-09-02,0.0,0.47160014750145485,0.45812585949897766,0.45812585949897766,8931200,0.0,0.0
1986-09-03,0.0,0.4494642663002997,0.4436895799635858,0.44657692313194275,8731400,0.0,0.0
1986-09-04,0.0,0.45427658230441226,0.4456145182589946,0.45042675733566284,17979900,0.0,0.0
1986-09-05,0.0,0.4513890460156073,0.4388771951198578,0.4388771951198578,18734500,0.0,0.0
1986-09-08,0.0,0.4350272496578916,0.41962806184053253,0.42155295610427856,6492700,0.0,0.0
1986-09-09,0.0,0.43502725592673785,0.4119284570141446,0.4157782793045044,15864600,0.0,0.0
1986-09-10,0.0,0.4292527437210083,0.41577844461591423,0.4292527437210083,18602700,0.0,0.0
1986-09-11,0.0,0.4273276388955166,0.4177031675767865,0.42155295610427856,14968100,0.0,0.0
1986-09-12,0.0,0.4215530410805569,0.40422895550727844,0.40422895550727844,10958300,0.0,0.0
1986-09-15,0.0,0.4071162974849252,0.4023040271481162,0.40422895550727844,9289600,0.0,0.0
1986-09-16,0.0,0.4023040684058431,0.39267959415999604,0.3984542787075043,6528000,0.0,0.0
1986-09-17,0.0,0.41866567698875007,0.4032664868806301,0.41385340690612793,12315600,0.0,0.0
1986-09-18,0.0,0.41577832744150456,0.41096605744825904,0.4119285047054291,3355000,0.0,0.0
1986-09-19,0.0,0.4119285493546376,0.40807875990867615,0.40807875990867615,3604300,0.0,0.0
1986-09-22,0.0,0.40904120727016646,0.40230404203233505,0.40807875990867615,6542200,0.0,0.0
1986-09-23,0.0,0.4388770238157954,0.4090410962898298,0.4254027307033539,38500700,0.0,0.0
1986-09-24,0.0,0.4379145830496949,0.42732763108519983,0.43502724170684814,6154400,0.0,0.0
1986-09-25,0.0,0.43695257301788865,0.42732805854030004,0.4359901249408722,3780600,0.0,0.0
1986-09-26,0.0,0.45427633832279235,0.4331024303426531,0.4533138573169708,25015700,0.0,0.0
1986-09-29,0.0,0.46005105972290045,0.44946410486733834,0.4600510597229004,13328800,0.0,0.0
1986-09-30,0.0,0.47160046195556815,0.458126164968689,0.4600510597229004,12550700,0.0,0.0
1986-10-01,0.0,0.46486310503001044,0.45812597616676215,0.4610133171081543,9979600,0.0,0.0
1986-10-02,0.0,0.4648635191673023,0.45812638430207997,0.45908883213996887,16913000,0.0,0.0
1986-10-03,0.0,0.4629384989094496,0.4590887085939168,0.4619760513305664,9612800,0.0,0.0
1986-10-06,0.0,0.4619759544771118,0.46005105972290045,0.4600510597229004,558200,0.0,0.0
1986-10-07,0.0,0.46293821106908234,0.46005087012769025,0.4610133171081543,3760500,0.0,0.0
1986-10-08,0.0,0.4639009464883328,0.4590887085939168,0.4619760513305664,20614800,0.0,0.0
1986-10-09,0.0,0.47737517952919006,0.46390088160208154,0.47737517952919006,20491400,0.0,0.0
1986-10-10,0.0,0.49469955246099595,0.477375422241314,0.4889248311519623,9988800,0.0,0.0
1986-10-13,0.0,0.48892480660560167,0.4860374629497528,0.4860374629497528,1768600,0.0,0.0
1986-10-14,0.0,0.4898871228194428,0.4841124370598601,0.4869997799396515,3069600,0.0,0.0
1986-10-15,0.0,0.4869997430439922,0.4821875052755873,0.48507484793663025,4935600,0.0,0.0
1986-10-16,0.0,0.48699959684892463,0.48122491326037253,0.4821873605251312,4142400,0.0,0.0
1986-10-17,0.0,0.4821874838673842,0.47737521260522925,0.4793001413345337,25227300,0.0,0.0
1986-10-20,0.0,0.47929982809681937,0.4754500068615955,0.4783373475074768,8128700,0.0,0.0
1986-10-21,0.0,0.4812251743322349,0.4744880061165139,0.48026272654533386,10576400,0.0,0.0
1986-10-22,0.0,0.48314993137833434,0.47737521260522925,0.4793001413345337,11242900,0.0,0.0
1986-10-23,0.0,0.48507470231940725,0.47930001873085515,0.4821873605251312,5111900,0.0,0.0
1986-10-24,0.0,0.4869997430439922,0.4821875052755873,0.48507484793663025,5361200,0.0,0.0
1986-10-27,0.0,0.49084925651550293,0.4841121274381624,0.49084925651550293,6219100,0.0,0.0
1986-10-28,0.0,0.4966239722891815,0.49084925651550293,0.49084925651550293,7423600,0.0,0.0
1986-10-29,0.0,0.49566182494163513,0.4908495532696382,0.49566182494163513,33776600,0.0,0.0
1986-10-30,0.0,0.508173691629992,0.49854918172308266,0.49951162934303284,19498400,0.0,0.0
1986-10-31,0.0,0.5004739388408955,0.49758659677790124,0.49854904413223267,3766300,0.0,0.0
1986-11-03,0.0,0.5023989677429199,0.49758672968588913,0.5023989677429199,6845300,0.0,0.0
1986-11-04,0.0,0.5043235421180725,0.5004737541216602,0.5043235421180725,9612800,0.0,0.0
1986-11-05,0.0,0.5052861533309407,0.5023987778804879,0.5033612251281738,5008600,0.0,0.0
1986-11-06,0.0,0.5052863359451294,0.5023989594511574,0.5052863359451294,5881600,0.0,0.0
1986-11-07,0.0,0.5129858220274623,0.5052862426844015,0.5081735849380493,32918700,0.0,0.0
1986-11-10,0.0,0.5091360807418823,0.5062487382138348,0.5091360807418823,5999100,0.0,0.0
1986-11-11,0.0,0.5120234119170891,0.5072111744770426,0.5100985169410706,16017400,0.0,0.0
1986-11-12,0.0,0.5120232105255127,0.5081734220876938,0.5120232105255127,5954700,0.0,0.0
1986-11-13,0.0,0.5129857882446146,0.5091359988266133,0.511060893535614,11507300,0.0,0.0
1986-11-14,0.0,0.5120232105255127,0.5062485278687844,0.5120232105255127,7321200,0.0,0.0
1986-11-17,0.0,0.5100984797738145,0.5062486901022841,0.5081735849380493,3986300,0.0,0.0
1986-11-18,0.0,0.5072114093052467,0.4879623832183599,0.4889248311519623,3972000,0.0,0.0
1986-11-19,0.0,0.4889246381513542,0.47545033869241476,0.48507484793663025,9407100,0.0,0.0
1986-11-20,0.0,0.48892483115196234,0.4793003518159379,0.4889248311519623,8907700,0.0,0.0
1986-11-21,0.0,0.501436510499143,0.48699976289796626,0.49566182494163513,10273400,0.0,0.0
1986-11-24,0.0,0.5023988709873562,0.4966241864310493,0.5004739761352539,6522100,0.0,0.0
1986-11-25,0.0,0.5081736787316942,0.4975867214735494,0.5052863359451294,6418800,0.0,0.0
1986-11-26,0.0,0.5081735849380493,0.504323761559118,0.5081735849380493,7139000,0.0,0.0
1986-11-28,0.0,0.5177980065345764,0.5081735002522486,0.5177980065345764,2693600,0.0,0.0
1986-12-01,0.0,0.5737215501210406,0.5619911778150979,0.5673231482505798,11698700,0.08925,0.0
1986-12-02,0.0,0.5694559216499329,0.5651903454122199,0.5694559216499329,8055700,0.0,0.0
1986-12-03,0.0,0.5854519681023054,0.5683896229412618,0.5843855738639832,9450800,0.0,0.0
1986-12-04,0.0,0.5843855738639832,0.5801199969106942,0.5843855738639832,2497200,0.0,0.0
1986-12-05,0.0,0.5843855441973773,0.5769207849080736,0.5801199674606323,4259900,0.0,0.0
1986-12-08,0.0,0.5801200653878901,0.570522478762206,0.5747880935668945,5102700,0.0,0.0
1986-12-09,0.0,0.575854498293431,0.5598585451947097,0.5619913339614868,2796800,0.0,0.0
1986-12-10,0.0,0.566256582736969,0.5619910076799285,0.566256582736969,3090600,0.0,0.0
1986-12-11,0.0,0.5662567989093373,0.5587920023619087,0.5609248280525208,2438400,0.0,0.0
1986-12-12,0.0,0.561991535780745,0.5427963552906993,0.5481283664703369,10406000,0.0,0.0
1986-12-15,0.0,0.5427959929084069,0.528932832853343,0.5374640226364136,8916100,0.0,0.0
1986-12-16,0.0,0.5481283664703369,0.5363979866926215,0.5481283664703369,15267800,0.0,0.0
1986-12-17,0.0,0.54599529504776,0.5417296808367468,0.54599529504776,13396800,0.0,0.0
1986-12-18,0.0,0.5523936376627853,0.5427960527669128,0.5491944551467896,13690600,0.0,0.0
1986-12-19,0.0,0.5609249403755144,0.5491945647936715,0.5587921142578125,3413800,0.0,0.0
1986-12-22,0.0,0.5609249403755144,0.5523937479483851,0.5587921142578125,7139000,0.0,0.0
1986-12-23,0.0,0.5630574822425842,0.5566590813909859,0.5630574822425842,5743100,0.0,0.0
1986-12-24,0.0,0.5673229765012291,0.5587917890392771,0.566256582736969,8363700,0.0,0.0
1986-12-26,0.0,0.5694561081729119,0.5651905305380268,0.5683897137641907,5331800,0.0,0.0
1986-12-29,0.0,0.5694559814234273,0.5609248280525208,0.5609248280525208,1621700,0.0,0.0
1986-12-30,0.0,0.5587921219577351,0.5502609667609428,0.557725727558136,10582300,0.0,0.0
1986-12-31,0.0,0.5641239285469055,0.5523935570195383,0.5641239285469055,3339900,0.0,0.0
1987-01-02,0.0,0.5641240105666107,0.5587920023619087,0.5609248280525208,2914300,0.0,0.0
1987-01-05,0.0,0.579053521156311,0.5619911783972129,0.579053521156311,21834400,0.0,0.0
1987-01-06,0.0,0.5865183623406276,0.5758544199574053,0.5843855738639832,12873800,0.0,0.0
1987-01-07,0.0,0.5897172689437866,0.5822524758954968,0.5897172689437866,5435100,0.0,0.0
1987-01-08,0.0,0.597182520139949,0.5897177582458466,0.5961161255836487,7174300,0.0,0.0
1987-01-09,0.0,0.6131783723831177,0.5971824193893884,0.6131783723831177,15899900,0.0,0.0
1987-01-12,0.0,0.6334397043565753,0.6099789980809234,0.6302405595779419,14195900,0.0,0.0
1987-01-13,0.0,0.6270412326579814,0.6057133181212803,0.6163772940635681,10537800,0.0,0.0
1987-01-14,0.0,0.6174439872365667,0.6089127948775612,0.6131783723831177,11052300,0.0,0.0
1987-01-15,0.0,0.6249085068702698,0.6121117419408838,0.6249085068702698,7952400,0.0,0.0
1987-01-16,0.0,0.6238422860630428,0.6057135462760925,0.6057135462760925,6434000,0.0,0.0
1987-01-19,0.0,0.6067796945571899,0.6014476880652161,0.6067796945571899,14636600,0.0,0.0
1987-01-20,0.0,0.6174439656804148,0.6035808019234534,0.6078463792800903,10223800,0.0,0.0
1987-01-21,0.0,0.6099789500726134,0.5982485791840843,0.6014477610588074,2796800,0.0,0.0
1987-01-22,0.0,0.6131783723831177,0.6014479968949449,0.6131783723831177,6528000,0.0,0.0
1987-01-23,0.0,0.6302406569843138,0.6185102833595684,0.6217094659805298,13103000,0.0,0.0
1987-01-26,0.0,0.6195767759893449,0.6131783723831177,0.6131783723831177,7359000,0.0,0.0
1987-01-27,0.0,0.6227757481016835,0.6153109526483844,0.6206429600715637,4436200,0.0,0.0
1987-01-28,0.0,0.6206430943731361,0.6153110857961583,0.6185103058815002,2135400,0.0,0.0
1987-01-29,0.0,0.6174441512636718,0.6142449299367229,0.615311324596405,1944800,0.0,0.0
1987-01-30,0.0,0.6163775851568094,0.6110455759936096,0.6142447590827942,3795700,0.0,0.0
1987-02-02,0.0,0.6174441512636718,0.60784656197863,0.615311324596405,9260200,0.0,0.0
1987-02-03,0.0,0.6217094659805298,0.616377494945594,0.6217094659805298,11007800,0.0,0.0
1987-02-04,0.0,0.6227756142616272,0.6195764329039803,0.6227756142616272,1909600,0.0,0.0
1987-02-05,0.0,0.6238421421167434,0.6163773840113242,0.6206429600715637,12682400,0.0,0.0
1987-02-06,0.0,0.6387718323632596,0.6206430928800777,0.635572612285614,14366300,0.0,0.0
1987-02-09,0.0,0.6505020406247563,0.6355724503278308,0.6483692526817322,3956900,0.0,0.0
1987-02-10,0.0,0.6494356088611887,0.6430372450364924,0.6451700329780579,2276400,0.0,0.0
1987-02-11,0.0,0.6451700920787863,0.6387717276679686,0.6398381590843201,4765200,0.0,0.0
1987-02-12,0.0,0.6451702867778547,0.6430374979972839,0.6430374979972839,2738100,0.0,0.0
1987-02-13,0.0,0.6526351129767719,0.6441039574869207,0.6505023241043091,13138200,0.0,0.0
1987-02-17,0.0,0.6654316323702132,0.6505020420407885,0.6569004058837891,9392000,0.0,0.0
1987-02-18,0.0,0.6579667292077286,0.6419707848779017,0.6462363600730896,4935600,0.0,0.0
1987-02-19,0.0,0.6600997896845989,0.6462366272214601,0.6590333580970764,16554600,0.0,0.0
1987-02-20,0.0,0.6611661166234851,0.6558341830147524,0.6579669713973999,3921600,0.0,0.0
1987-02-23,0.0,0.6622324585914612,0.6473028672364805,0.6622324585914612,4568000,0.0,0.0
1987-02-24,0.0,0.6832894086837769,0.6640718697601299,0.6832894086837769,5243700,0.00123,0.0
1987-02-25,0.0,0.6875599562706278,0.6768835873035004,0.6832894086837769,8886700,0.0,0.0
1987-02-26,0.0,0.6918304467248375,0.683289352256475,0.6854246258735657,6087300,0.0,0.0
1987-02-27,0.0,0.685424535407759,0.6779510413429257,0.6800863146781921,3907400,0.0,0.0
1987-03-02,0.0,0.6854246162516122,0.6790187954902649,0.6790187954902649,4588900,0.0,0.0
1987-03-03,0.0,0.6800862081984458,0.6747480630874634,0.6747480630874634,1768600,0.0,0.0
1987-03-04,0.0,0.6779509782791138,0.6726128328289093,0.6779509782791138,3310500,0.0,0.0
1987-03-05,0.0,0.6811539887372262,0.6790187154019598,0.6800863146781921,2012000,0.0,0.0
1987-03-06,0.0,0.6811539887372262,0.6779510413429257,0.6800863146781921,5866500,0.0,0.0
1987-03-09,0.0,0.6779508591007153,0.6619362759997494,0.6662068963050842,3892200,0.0,0.0
1987-03-10,0.0,0.6662070799636481,0.6544630391476632,0.659801185131073,8378800,0.0,0.0
1987-03-11,0.0,0.6630039568950724,0.6512599191904823,0.6619362831115723,5690200,0.0,0.0
1987-03-12,0.0,0.6576656058757094,0.6501921152357796,0.6555303335189819,5728900,0.0,0.0
1987-03-13,0.0,0.6598012678311996,0.6501924991607666,0.6501924991607666,2820300,0.0,0.0
1987-03-16,0.0,0.6512601208121702,0.636313131912468,0.6405837535858154,7541100,0.0,0.0
1987-03-17,0.0,0.641651328949466,0.6363131081442842,0.6395160555839539,5382200,0.0,0.0
1987-03-18,0.0,0.6437866263623191,0.6395160794717771,0.6405837535858154,11448500,0.0,0.0
1987-03-19,0.0,0.6427190064582504,0.6373807856245418,0.6416513323783875,7938200,0.0,0.0
1987-03-20,0.0,0.6662069034627907,0.6448541008378283,0.6619362831115723,41277400,0.0,0.0
1987-03-23,0.0,0.6704777241368943,0.6662071768161977,0.6694100499153137,11090100,0.0,0.0
1987-03-24,0.0,0.6694098317950642,0.6608687399366969,0.6683422327041626,9127600,0.0,0.0
1987-03-25,0.0,0.6694096591226109,0.6640714406967163,0.6640714406967163,9127600,0.0,0.0
1987-03-26,0.0,0.6715451047596559,0.6619363390275985,0.6683422327041626,4818100,0.0,0.0
1987-03-27,0.0,0.6683423533135725,0.6576659117811486,0.659801185131073,2511400,0.0,0.0
1987-03-30,0.0,0.6469896165477975,0.6437866687774658,0.6437866687774658,4303600,0.0,0.0
1987-03-31,0.0,0.6459218756804903,0.6309749621219052,0.6395160555839539,7814800,0.0,0.0
1987-04-01,0.0,0.6309749449190822,0.6213661776448484,0.6288396716117859,7570500,0.0,0.0
1987-04-02,0.0,0.6469895772930445,0.6373808093478518,0.642719030380249,21907500,0.0,0.0
1987-04-03,0.0,0.6437866297170449,0.6384484834674536,0.642719030380249,10567200,0.0,0.0
1987-04-06,0.0,0.6469895839691162,0.6459219098384974,0.6469895839691162,16781200,0.0,0.0
1987-04-07,0.0,0.6512598352493277,0.6448540177223223,0.6491245627403259,5126200,0.0,0.0
1987-04-08,0.0,0.6491248574475471,0.6437866363600665,0.6469895839691162,8314200,0.0,0.0
1987-04-09,0.0,0.6576656058757094,0.6491245164487995,0.6555303335189819,23047400,0.0,0.0
1987-04-10,0.0,0.6619362831115723,0.6469893736220463,0.6619362831115723,9004200,0.0,0.0
1987-04-13,0.0,0.6619362750390605,0.6555304567645274,0.6576657295227051,11669300,0.0,0.0
1987-04-14,0.0,0.6608686348767385,0.6469893254219264,0.6480569243431091,14689500,0.0,0.0
1987-04-15,0.0,0.652327508895215,0.6469892902313241,0.6491245627403259,8549200,0.0,0.0
1987-04-16,0.0,0.6491246741114548,0.6448541283607483,0.6448541283607483,10620000,0.0,0.0
1987-04-20,0.0,0.646989331688399,0.6256365304473867,0.6320423483848572,11007800,0.0,0.0
1987-04-21,0.0,0.6341776210306806,0.6192307125099162,0.6320423483848572,17823800,0.0,0.0
1987-04-22,0.0,0.6352452947449811,0.6309747494533342,0.6320423483848572,6698400,0.0,0.0
1987-04-23,0.0,0.6341778635978699,0.6277720432102322,0.6341778635978699,9577500,0.0,0.0
1987-04-24,0.0,0.6299072323151326,0.6128250095110263,0.6192308664321899,8798500,0.0,0.0
1987-04-27,0.0,0.6170957088470459,0.6085545771494094,0.6170957088470459,16266700,0.0,0.0
1987-04-28,0.0,0.6213661396087784,0.6149602826876148,0.6192308664321899,11986600,0.0,0.0
1987-04-29,0.0,0.6235011793939137,0.619230634639304,0.6224335432052612,8784300,0.0,0.0
1987-04-30,0.0,0.6405837621225633,0.6256367730236698,0.6363131403923035,12324000,0.0,0.0
1987-05-01,0.0,0.6405837621225633,0.63204259344485,0.6363131403923035,5670100,0.0,0.0
1987-05-04,0.0,0.6341778174886264,0.6277719975667374,0.6288396716117859,872100,0.0,0.0
1987-05-05,0.0,0.6363131403923035,0.6288397206256632,0.6363131403923035,7717400,0.0,0.0
1987-05-06,0.0,0.6501924991607666,0.6384485316555836,0.6501924991607666,19337200,0.0,0.0
1987-05-07,0.0,0.6576659513612707,0.6448543104906853,0.6469895839691162,10964200,0.0,0.0
1987-05-08,0.0,0.6480571766298404,0.6384484834674536,0.642719030380249,6336600,0.0,0.0
1987-05-11,0.0,0.6448544174989573,0.6384485960006714,0.6384485960006714,8725500,0.0,0.0
1987-05-12,0.0,0.6395161656085591,0.6331103444099426,0.6331103444099426,2673400,0.0,0.0
1987-05-13,0.0,0.6427190322308596,0.633110264258,0.6341778635978699,10390900,0.0,0.0
1987-05-14,0.0,0.6363132176178431,0.6320426701520988,0.6331103444099426,7035800,0.0,0.0
1987-05-15,0.0,0.6352455276058866,0.6277720332145691,0.6277720332145691,5478700,0.0,0.0
1987-05-18,0.0,0.6256367722088683,0.6064192735789526,0.6117574572563171,7159200,0.0,0.0
1987-05-19,0.0,0.6085542716358626,0.5850661993026733,0.5850661993026733,10846700,0.0,0.0
1987-05-20,0.0,0.5914720892906189,0.578660416111816,0.5914720892906189,15438200,0.0,0.0
1987-05-21,0.0,0.6085544455279576,0.5957427694481839,0.6000133156776428,6057900,0.0,0.0
1987-05-22,0.0,0.6064192619056423,0.5978781307948688,0.6042839884757996,2062400,0.0,0.0
1987-05-26,0.0,0.6128250923242359,0.6064192719288293,0.6106898188591003,6463300,0.0,0.0
1987-05-27,0.0,0.6117574555916682,0.6032163617311259,0.6106898188591003,2393900,0.0,0.0
1987-05-28,0.0,0.6074866322837474,0.6021484136581421,0.6021484136581421,4089500,0.0,0.0
1987-05-29,0.0,0.6085542685305912,0.5978778686707668,0.6021484136581421,17230300,0.0,0.0
1987-06-01,0.0,0.6093353033065796,0.6007832140298227,0.6093353033065796,10678800,0.00123,0.0
1987-06-02,0.0,0.6082661717490496,0.6050591529694912,0.6071971654891968,5455200,0.0,0.0
1987-06-03,0.0,0.6221634745597839,0.6061283384805309,0.6221634745597839,3437300,0.0,0.0
1987-06-04,0.0,0.631784593044519,0.6221634960883001,0.630715548992157,2811100,0.0,0.0
1987-06-05,0.0,0.6317844986915588,0.628577441892186,0.6317844986915588,2012000,0.0,0.0
1987-06-08,0.0,0.6456817085758726,0.6275085214981152,0.6424746513366699,9724400,0.0,0.0
1987-06-09,0.0,0.6456815421617712,0.6392675042152405,0.6392675042152405,7065200,0.0,0.0
1987-06-10,0.0,0.6467506777364344,0.6414056821761083,0.6424746513366699,37537100,0.0,0.0
1987-06-11,0.0,0.6563717126846313,0.6424745907564062,0.6563717126846313,4201100,0.0,0.0
1987-06-12,0.0,0.6756138205528259,0.6649236820116942,0.6756138205528259,6580800,0.0,0.0
1987-06-15,0.0,0.6927176647233976,0.6809585616297553,0.6905796527862549,7080300,0.0,0.0
1987-06-16,0.0,0.6969941854476929,0.6852350752348993,0.6969941854476929,4897000,0.0,0.0
1987-06-17,0.0,0.7076842318599158,0.6841660120905215,0.6980631351470947,21476000,0.0,0.0
1987-06-18,0.0,0.6980632087424736,0.6873731417560615,0.6884421110153198,4465600,0.0,0.0
1987-06-19,0.0,0.6873730604227386,0.6691999112567905,0.679889976978302,4759300,0.0,0.0
1987-06-22,0.0,0.694855941803602,0.679889852532844,0.6916489601135254,4442100,0.0,0.0
1987-06-23,0.0,0.6969941854476929,0.6873730884664291,0.6969941854476929,4641800,0.0,0.0
1987-06-24,0.0,0.6959247200684691,0.6905796527862549,0.6905796527862549,2546700,0.0,0.0
1987-06-25,0.0,0.6959250261732775,0.692717969417572,0.692717969417572,4832400,0.0,0.0
1987-06-26,0.0,0.6927176647233976,0.6884416408491122,0.6905796527862549,2732200,0.0,0.0
1987-06-29,0.0,0.6884418799409371,0.6777518165426271,0.6830968856811523,3384400,0.0,0.0
1987-06-30,0.0,0.6852349018103367,0.6627856562427638,0.678820788860321,4244800,0.0,0.0
1987-07-01,0.0,0.6788209095142168,0.6649237871170044,0.6649237871170044,2291500,0.0,0.0
1987-07-02,0.0,0.6627859073296043,0.6585098803288436,0.6617169380187988,7094600,0.0,0.0
1987-07-06,0.0,0.6691996798570795,0.6617165990001856,0.66813063621521,6815900,0.0,0.0
1987-07-07,0.0,0.6756141734217501,0.6649240292972249,0.6734761595726013,5323400,0.0,0.0
1987-07-08,0.0,0.6777518815959148,0.6713378429412842,0.6713378429412842,3613600,0.0,0.0
1987-07-09,0.0,0.6745447456700179,0.6713377641584224,0.6724067330360413,8314200,0.0,0.0
1987-07-10,0.0,0.6916486961941836,0.6809585616297553,0.6905796527862549,29467100,0.0,0.0
1987-07-13,0.0,0.6991321444511414,0.6905800173096069,0.6991321444511414,6381100,0.0,0.0
1987-07-14,0.0,0.7130292598404285,0.6980630936482554,0.7108912467956543,14086800,0.0,0.0
1987-07-15,0.0,0.7483065154989473,0.7087531616949596,0.7205122709274292,10905400,0.0,0.0
1987-07-16,0.0,0.7237193435508855,0.7034081816673279,0.7034081816673279,2869900,0.0,0.0
1987-07-17,0.0,0.7205122709274292,0.7044771355883805,0.7205122709274292,39720400,0.0,0.0
1987-07-20,0.0,0.7183743662965066,0.7140983395445579,0.7162363529205322,10943200,0.0,0.0
1987-07-21,0.0,0.7151674175720336,0.7055463194847107,0.7055463194847107,8011200,0.0,0.0
1987-07-22,0.0,0.7076841967139217,0.6969941313854463,0.6991321444511414,3525400,0.0,0.0
1987-07-23,0.0,0.6969940160115506,0.6841658648620788,0.6948559284210205,19492500,0.0,0.0
1987-07-24,0.0,0.7034081705825315,0.6969941313854463,0.6991321444511414,7388300,0.0,0.0
1987-07-27,0.0,0.7055459365459658,0.6991318995952588,0.7044768929481506,10919700,0.0,0.0
1987-07-28,0.0,0.7087533022613061,0.7023392618293469,0.7055463194847107,10772800,0.0,0.0
1987-07-29,0.0,0.7098221778869629,0.7076841649173298,0.7098221778869629,3569100,0.0,0.0
1987-07-30,0.0,0.7119601368904114,0.7034080856601197,0.7119601368904114,11824600,0.0,0.0
1987-07-31,0.0,0.7205124644357266,0.7140984235532365,0.7173054814338684,5088400,0.0,0.0
1987-08-03,0.0,0.7194435562977545,0.7012704014778137,0.7012704014778137,7168400,0.0,0.0
1987-08-04,0.0,0.7012701575168364,0.692718030375302,0.6991321444511414,5743100,0.0,0.0
1987-08-05,0.0,0.7055461836482265,0.6969941313854463,0.6991321444511414,3907400,0.0,0.0
1987-08-06,0.0,0.7205122709274292,0.6991321403945334,0.7205122709274292,4906200,0.0,0.0
1987-08-07,0.0,0.7226502839807187,0.7183742578741396,0.7205122709274292,5317500,0.0,0.0
1987-08-10,0.0,0.7312021726500736,0.7194430672518869,0.7269261479377747,5890000,0.0,0.0
1987-08-11,0.0,0.7654106616973877,0.7397544312888789,0.7654106616973877,17104400,0.0,0.0
1987-08-12,0.0,0.7611344042629938,0.7418922185897827,0.7418922185897827,8827900,0.0,0.0
1987-08-13,0.0,0.7515136546328788,0.7397545441155425,0.7493756413459778,6806600,0.0,0.0
1987-08-14,0.0,0.7493752991158901,0.7397542062792845,0.7418922185897827,8437600,0.0,0.0
1987-08-17,0.0,0.7504442678317753,0.7397542062792845,0.7418922185897827,4274200,0.0,0.0
1987-08-18,0.0,0.7429613983589526,0.7205121526659939,0.7344092726707458,10317900,0.0,0.0
1987-08-19,0.0,0.7344096452321808,0.7226505319644704,0.7312026619911194,2664200,0.0,0.0
1987-08-20,0.0,0.7344097004173347,0.7279956585744672,0.7290647029876709,4030700,0.0,0.0
1987-08-21,0.0,0.7397545469837528,0.7354785203933716,0.7354785203933716,7035800,0.0,0.0
1987-08-24,0.0,0.7365473046695409,0.7290642974545858,0.733340322971344,8672600,0.0,0.0
1987-08-25,0.0,0.7480253246787956,0.7309031132221049,0.7437447905540466,10067700,0.00123,0.0
1987-08-26,0.0,0.7458854306155656,0.7394646262175542,0.7405347228050232,5331800,0.0,0.0
1987-08-27,0.0,0.7437450728674608,0.7416048049926758,0.7416048049926758,2188300,0.0,0.0
1987-08-28,0.0,0.7362539550301157,0.723412275314331,0.723412275314331,3986300,0.0,0.0
1987-08-31,0.0,0.7266227139827044,0.7169914729352931,0.723412275314331,7094600,0.0,0.0
1987-09-01,0.0,0.7319734371069164,0.7255526345787897,0.7276929020881653,5640700,0.0,0.0
1987-09-02,0.0,0.7255526917271128,0.7180617173754148,0.7223422527313232,2282300,0.0,0.0
1987-09-03,0.0,0.7202020267735887,0.7062902485821396,0.7148513197898865,4847500,0.0,0.0
1987-09-04,0.0,0.7191319907886674,0.7041501133543905,0.7169917225837708,6022600,0.0,0.0
1987-09-08,0.0,0.7191318837709111,0.7041500085661648,0.7105708122253418,8275600,0.0,0.0
1987-09-09,0.0,0.7105709160491505,0.7084306478500366,0.7084306478500366,3554800,0.0,0.0
1987-09-10,0.0,0.7191318273544312,0.7084304887619983,0.7191318273544312,9348300,0.0,0.0
1987-09-11,0.0,0.7255526781082153,0.7148512649615973,0.7255526781082153,5102700,0.0,0.0
1987-09-14,0.0,0.7255528558447187,0.7202021479606628,0.7202021479606628,3657200,0.0,0.0
1987-09-15,0.0,0.7191319888456057,0.7062903796509229,0.7084306478500366,4201100,0.0,0.0
1987-09-16,0.0,0.708430326649273,0.6955886483192444,0.6955886483192444,4920500,0.0,0.0
1987-09-17,0.0,0.6998697523005066,0.6913086023781454,0.69451904296875,2708700,0.0,0.0
1987-09-18,0.0,0.7030796843065105,0.697729053232528,0.700939416885376,4244800,0.0,0.0
1987-09-21,0.0,0.702009524963109,0.6955886483192444,0.6955886483192444,3789800,0.0,0.0
1987-09-22,0.0,0.7020098567008972,0.6913084405425896,0.7020098567008972,7834900,0.0,0.0
1987-09-23,0.0,0.7148512441761959,0.7062901738739998,0.712710976600647,6639600,0.0,0.0
1987-09-24,0.0,0.7159216847969591,0.7105709763661113,0.7137814164161682,3839400,0.0,0.0
1987-09-25,0.0,0.7137812515337921,0.7084305443389495,0.7105708122253418,3480900,0.0,0.0
1987-09-28,0.0,0.7105709296613544,0.7020098567008972,0.7020098567008972,1233900,0.0,0.0
1987-09-29,0.0,0.712710976600647,0.7041499062984509,0.712710976600647,3428100,0.0,0.0
1987-09-30,0.0,0.7244829535484314,0.7127114368031096,0.7244829535484314,14944600,0.0,0.0
1987-10-01,0.0,0.7533763647079468,0.7266229020991497,0.7533763647079468,19337200,0.0,0.0
1987-10-02,0.0,0.7608669400215149,0.7544461387249531,0.7608669400215149,13587300,0.0,0.0
1987-10-05,0.0,0.7597972743619484,0.7533764694281202,0.7544465661048889,2532400,0.0,0.0
1987-10-06,0.0,0.7619373779760223,0.7512359637750763,0.7565866708755493,22518500,0.0,0.0
1987-10-07,0.0,0.7576564162919717,0.7480251789093018,0.7480251789093018,5743100,0.0,0.0
1987-10-08,0.0,0.7469552593160769,0.7426747245859007,0.7448149919509888,1445400,0.0,0.0
1987-10-09,0.0,0.7448149919509888,0.7437448957472975,0.7448149919509888,5361200,0.0,0.0
1987-10-12,0.0,0.7426749909376936,0.7373242831271513,0.7405347228050232,2335200,0.0,0.0
1987-10-13,0.0,0.7512360059027788,0.7362541301221145,0.7490957379341125,21711000,0.0,0.0
1987-10-14,0.0,0.7501659668809064,0.7405347228050232,0.7405347228050232,8892600,0.0,0.0
1987-10-15,0.0,0.7276930015592277,0.7148513197898865,0.7148513197898865,11310900,0.0,0.0
1987-10-16,0.0,0.7148512128077986,0.6763263231807146,0.6827471256256104,14351200,0.0,0.0
1987-10-19,0.0,0.6463626472530689,0.599276602268219,0.599276602268219,12256900,0.0,0.0
1987-10-20,0.0,0.6228196083092021,0.547910044374086,0.5757336020469666,23576200,0.0,0.0
1987-10-21,0.0,0.6163986274574799,0.5778737390080992,0.6078375577926636,35063400,0.0,0.0
1987-10-22,0.0,0.5992764956789471,0.5800140500068665,0.5800140500068665,17457000,0.0,0.0
1987-10-23,0.0,0.5864346550302002,0.5607513778069241,0.5778735876083374,15555700,0.0,0.0
1987-10-26,0.0,0.569312661033267,0.5222266630277569,0.539348840713501,10097100,0.0,0.0
1987-10-27,0.0,0.5650322375664254,0.5436294831234,0.5457697510719299,14263000,0.0,0.0
1987-10-28,0.0,0.573593020439148,0.5307875705932587,0.573593020439148,16055200,0.0,0.0
1987-10-29,0.0,0.6206793568029441,0.5693127759026944,0.599276602268219,5954700,0.0,0.0
1987-10-30,0.0,0.6335209293159492,0.6185390544452652,0.6292403936386108,9283700,0.0,0.0
1987-11-02,0.0,0.6420821390347657,0.6249599196768499,0.6378015279769897,5249600,0.0,0.0
1987-11-03,0.0,0.6292405032739677,0.607837783679325,0.6196092963218689,8622300,0.0,0.0
1987-11-04,0.0,0.624959921037935,0.616398811340332,0.616398811340332,10376600,0.0,0.0
1987-11-05,0.0,0.6185389161109924,0.6110479428721219,0.6185389161109924,9738700,0.0,0.0
1987-11-06,0.0,0.6249597181910078,0.6121180765521245,0.6185389161109924,12970400,0.0,0.0
1987-11-09,0.0,0.6163986959790452,0.6078376253625429,0.6089077591896057,13843300,0.0,0.0
1987-11-10,0.0,0.6035573717517386,0.5842949151992798,0.5842949151992798,9959400,0.0,0.0
1987-11-11,0.0,0.5949960617876133,0.5821544166610806,0.585364818572998,14777600,0.0,0.0
1987-11-12,0.0,0.5992766985529762,0.5907156253466836,0.5960662961006165,9906500,0.0,0.0
1987-11-13,0.0,0.6099779349318127,0.5971362906457772,0.601416826248169,7564600,0.0,0.0
1987-11-16,0.0,0.6142584283249196,0.603557052575434,0.6089077591896057,7374100,0.0,0.0
1987-11-17,0.0,0.6099778057917679,0.599276431572545,0.600346565246582,6228300,0.0,0.0
1987-11-18,0.0,0.6024869601487669,0.5917856211427877,0.601416826248169,3721800,0.0,0.0
1987-11-19,0.0,0.601416657891283,0.5917854554820013,0.5949958562850952,6595100,0.0,0.0
1987-11-20,0.0,0.5864350199699402,0.57038297108588,0.5864350199699402,12433100,0.0,0.0
1987-11-23,0.0,0.5778739972348519,0.5693128862655938,0.5768038630485535,14983200,0.0,0.0
1987-11-24,0.0,0.5982062570881891,0.5768035475887133,0.5949958562850952,8540000,0.0,0.0
1987-11-25,0.0,0.6078375577926636,0.5907153809841773,0.6078375577926636,4618300,0.0,0.0
1987-11-27,0.0,0.6056973957240309,0.5928557515144348,0.5928557515144348,4353900,0.0,0.0
1987-11-30,0.0,0.5800141378492983,0.5650322250622751,0.5757336020469666,10905400,0.0,0.0
1987-12-01,0.0,0.5736759315936439,0.5683144883280306,0.5726036429405212,7938200,0.00184,0.0
1987-12-02,0.0,0.5736757570577486,0.5554468179463352,0.5661697387695312,10876100,0.0,0.0
1987-12-03,0.0,0.5704590057889855,0.5447240057051789,0.5490131974220276,12580000,0.0,0.0
1987-12-04,0.0,0.5447243620327435,0.5340014696121216,0.5340014696121216,4471400,0.0,0.0
1987-12-07,0.0,0.5457963379444224,0.5318565482458126,0.5425794720649719,4186000,0.0,0.0
1987-12-08,0.0,0.5511577745032913,0.5425794286239153,0.5490131974220276,5352800,0.0,0.0
1987-12-09,0.0,0.5565193355940272,0.5447241215835764,0.5511578917503357,6116700,0.0,0.0
1987-12-10,0.0,0.5683144167994402,0.5447239942912036,0.5618806481361389,28621000,0.0,0.0
1987-12-11,0.0,0.5736759348991984,0.5640253369654871,0.5693867802619934,5582000,0.0,0.0
1987-12-14,0.0,0.5822542905807495,0.5715313662703758,0.5822542905807495,6036900,0.0,0.0
1987-12-15,0.0,0.5919051638690094,0.5790376570410447,0.5854713916778564,10876100,0.0,0.0
1987-12-16,0.0,0.5897604851756769,0.5790375952584433,0.5876159071922302,10596500,0.0,0.0
1987-12-17,0.0,0.602627701025102,0.5886879132774232,0.5951216816902161,11654200,0.0,0.0
1987-12-18,0.0,0.6133508682250977,0.5876158594078114,0.6133508682250977,7541100,0.0,0.0
1987-12-21,0.0,0.6262181401252747,0.6154952175069958,0.6262181401252747,5214300,0.0,0.0
1987-12-22,0.0,0.6262182018350267,0.6208567587747119,0.6240736246109009,7761900,0.0,0.0
1987-12-23,0.0,0.630507294150858,0.6240735631124829,0.6262181401252747,5294000,0.0,0.0
1987-12-24,0.0,0.6283630728721619,0.6240739164183657,0.6283630728721619,1518400,0.0,0.0
1987-12-28,0.0,0.624073675852395,0.6112061738967896,0.6112061738967896,4083600,0.0,0.0
1987-12-29,0.0,0.6090615811819925,0.5983386568962232,0.6047723889350891,7139000,0.0,0.0
1987-12-30,0.0,0.6026277542114258,0.5940494456430289,0.6026277542114258,6542200,0.0,0.0
1987-12-31,0.0,0.6090615811819925,0.5961940795499346,0.6047723889350891,2855600,0.0,0.0
1988-01-04,0.0,0.6262182050199561,0.6090615495853663,0.620856761932373,8343600,0.0,0.0
1988-01-05,0.6240735213263137,0.6347964056722988,0.6240735213263137,0.631579577922821,9201500,0.0,0.0
1988-01-06,0.6315799120580025,0.6326521635055542,0.6294352964998862,0.6326521635055542,8467000,0.0,0.0
1988-01-07,0.631579577922821,0.6326518288031018,0.6283626750647078,0.631579577922821,4759300,0.0,0.0
1988-01-08,0.6315798505774094,0.6315798505774094,0.6154954420061172,0.6165677309036255,4730000,0.0,0.0
1988-01-11,0.6176399613314688,0.6197845764777967,0.6047724582251538,0.6154953837394714,6669000,0.0,0.0
1988-01-12,0.6165675614798386,0.6176398500826976,0.6004831948826301,0.6069169640541077,15371000,0.0,0.0
1988-01-13,0.6047722263933945,0.6122782826423645,0.6026276496234934,0.6122782826423645,4553700,0.0,0.0
1988-01-14,0.6133506956712617,0.6154952728769797,0.6069169640541077,0.6069169640541077,1474800,0.0,0.0
1988-01-15,0.6133505871306383,0.6219289319897806,0.6133505871306383,0.6197843551635742,8167300,0.0,0.0
1988-01-18,0.6208566286502409,0.6390855312347412,0.6208566286502409,0.6390855312347412,7535200,0.0,0.0
1988-01-19,0.6390859123802346,0.6412305655425671,0.6326521782192681,0.6380136609077454,1797900,0.0,0.0
1988-01-20,0.6347965643833646,0.6347965643833646,0.6272905434645288,0.6305074095726013,4553700,0.0,0.0
1988-01-21,0.632652229325958,0.6337245559937486,0.6240739164183657,0.6283630728721619,18763900,0.0,0.0
1988-01-22,0.632652124574823,0.6369412803184438,0.6315798731932531,0.6337244510650635,25741800,0.0,0.0
1988-01-25,0.6390855594106929,0.6412302113885253,0.6305072519339048,0.631579577922821,14974000,0.0,0.0
1988-01-26,0.6315796202115742,0.6315796202115742,0.6262181401252747,0.6262181401252747,9636300,0.0,0.0
1988-01-27,0.628362654799142,0.6326518083992049,0.628362654799142,0.6294349431991577,6821800,0.0,0.0
1988-01-28,0.6294352964998862,0.6326521635055542,0.6197846954828823,0.6326521635055542,8275600,0.0,0.0
1988-01-29,0.6369412844067788,0.6519534047144805,0.6347967065212029,0.6476642489433289,6424700,0.0,0.0
1988-02-01,0.6626761836398469,0.6626761836398469,0.6498087184720663,0.6573147773742676,8657500,0.0,0.0
1988-02-02,0.6594596202862595,0.6669656071004102,0.6562427151454172,0.6648210287094116,11610500,0.0,0.0
1988-02-03,0.6637484595617131,0.6723267690222413,0.6626761333248207,0.6691099405288696,18567500,0.0,0.0
1988-02-04,0.6669653704318308,0.6669653704318308,0.6605316375418057,0.662676215171814,7638500,0.0,0.0
1988-02-05,0.6605314651413602,0.6626760422116283,0.6540977339305558,0.656242311000824,8584500,0.0,0.0
1988-02-08,0.6519534978768575,0.6540980760688877,0.6476643414927971,0.6508811712265015,5294000,0.0,0.0
1988-02-09,0.6508809974132009,0.6508809974132009,0.6444472645551945,0.64659184217453,2423300,0.0,0.0
1988-02-10,0.650880937584332,0.6669653058052063,0.6498086864275563,0.6669653058052063,4142400,0.0,0.0
1988-02-11,0.6669652606973676,0.6776882221918441,0.6637484323359445,0.6744713187217712,13358200,0.0,0.0
1988-02-12,0.6723270478973062,0.6733993745789899,0.6648209864515724,0.6680378913879395,5096800,0.0,0.0
1988-02-16,0.6669653058052063,0.6691099583360673,0.664820728383,0.6669653058052063,3868700,0.0,0.0
1988-02-17,0.6691099583360673,0.6733991131804798,0.6669653058052063,0.6669653058052063,3510300,0.0,0.0
1988-02-18,0.6680375868902751,0.6744713187217712,0.6669652606973676,0.6744713187217712,3384400,0.0,0.0
1988-02-19,0.6723267690222413,0.6733990952591338,0.6680376142919772,0.6691099405288696,3428100,0.0,0.0
1988-02-22,0.6691096793554467,0.670181930065155,0.6669650277187833,0.670181930065155,7726600,0.0,0.0
1988-02-23,0.6681211330348189,0.6681211330348189,0.6595279574394226,0.6595279574394226,7050900,0.00184,0.0
1988-02-24,0.6606021880548922,0.6702695488929749,0.6595280034111849,0.6702695488929749,3619400,0.0,0.0
1988-02-25,0.6702694066978385,0.6745659938835213,0.6691952222820154,0.6724177002906799,8657500,0.0,0.0
1988-02-26,0.6724178429415687,0.6734919523464552,0.6670470702006738,0.6702695488929749,3486800,0.0,0.0
1988-02-29,0.6691952586092612,0.6745660305023193,0.6670469648997998,0.6745660305023193,7873500,0.0,0.0
1988-03-01,0.6767144922560147,0.6820851902439354,0.6745661980130808,0.6810110807418823,13998600,0.0,0.0
1988-03-02,0.6820851071342371,0.6853075857254038,0.6820851071342371,0.6831592917442322,5948800,0.0,0.0
1988-03-03,0.6831593749848162,0.6831593749848162,0.6788627864989485,0.6810110807418823,4671200,0.0,0.0
1988-03-04,0.6810108914621283,0.6820850006656443,0.6745660105246132,0.6799367070198059,10582300,0.0,0.0
1988-03-07,0.679936565219697,0.682084858417511,0.679936565219697,0.682084858417511,2188300,0.0,0.0
1988-03-08,0.6820848938850669,0.689603958087793,0.6820848938850669,0.6885298490524292,10479000,0.0,0.0
1988-03-09,0.6906781423619517,0.6960488380163604,0.6874556647782705,0.6885298490524292,6968600,0.0,0.0
1988-03-10,0.6960489352735563,0.6981972288832545,0.6896040544444616,0.6906782388687134,1747600,0.0,0.0
1988-03-11,0.6896040490334113,0.6906782334492344,0.6659727442733508,0.6724177002906799,18690900,0.0,0.0
1988-03-14,0.6734917851093343,0.6767142630014505,0.6638244266717875,0.6670469045639038,3721800,0.0,0.0
1988-03-15,0.667046880046988,0.667046880046988,0.6616761088371277,0.6616761088371277,3966100,0.0,0.0
1988-03-16,0.6595277297310259,0.6627502070861155,0.6573794365738961,0.6606019139289856,8637400,0.0,0.0
1988-03-17,0.6616761454935688,0.6659727326039654,0.6616761454935688,0.6638244390487671,7423600,0.0,0.0
1988-03-18,0.6627503175336168,0.6670469045639038,0.6606020240184733,0.6670469045639038,4156700,0.0,0.0
1988-03-21,0.6670468940157482,0.6670468940157482,0.6638244161745896,0.6659727096557617,11927800,0.0,0.0
1988-03-22,0.6648987761520799,0.6724178429415687,0.6648987761520799,0.6702695488929749,3325700,0.0,0.0
1988-03-23,0.6724179049042468,0.6734920144081116,0.6702696106576896,0.6734920144081116,14268900,0.0,0.0
1988-03-24,0.6724178429415687,0.6724178429415687,0.6659728855569664,0.6702695488929749,5925300,0.0,0.0
1988-03-25,0.6681210261591638,0.6691952105561647,0.6638244390487671,0.6638244390487671,2503000,0.0,0.0
1988-03-28,0.6487865340706869,0.6563056008706348,0.6466382400191047,0.6552314162254333,23582100,0.0,0.0
1988-03-29,0.6530831221738512,0.6573797102770155,0.6530831221738512,0.6552314162254333,2503000,0.0,0.0
1988-03-30,0.6573796974356504,0.6573796974356504,0.6487865213971823,0.6509348154067993,5147200,0.0,0.0
1988-03-31,0.6487864487525932,0.6487864487525932,0.6401931984374916,0.6466381549835205,13916400,0.0,0.0
1988-04-04,0.6434157851535162,0.645564079284668,0.642341675707352,0.645564079284668,6528000,0.0,0.0
1988-04-05,0.6455639474325452,0.6498605348172997,0.6444898382057607,0.6487864255905151,3927500,0.0,0.0
1988-04-06,0.6466380271665615,0.654157016252678,0.6455638428749471,0.6530829071998596,5132000,0.0,0.0
1988-04-07,0.6552311800508832,0.6638243531598488,0.6552311800508832,0.662750244140625,7799700,0.0,0.0
1988-04-08,0.6659729336655107,0.6799368836095087,0.6659729336655107,0.6767144799232483,11125400,0.0,0.0
1988-04-11,0.6788627037818888,0.6896041736877472,0.6767144098007172,0.6831592917442322,13975100,0.0,0.0
1988-04-12,0.6853074703018324,0.6939006447792053,0.683159176682489,0.6939006447792053,14239500,0.0,0.0
1988-04-13,0.6896041528467497,0.6992715130892675,0.6896041528467497,0.6960490345954895,7505900,0.0,0.0
1988-04-14,0.6939007616500905,0.6939007616500905,0.6831592917442322,0.6831592917442322,16540300,0.0,0.0
1988-04-15,0.6788629293441772,0.6810112240391517,0.6745663399542282,0.6788629293441772,9862100,0.0,0.0
1988-04-18,0.6767142874763628,0.6767142874763628,0.6681210378661924,0.6724177002906799,11272300,0.0,0.0
1988-04-19,0.6724176653380789,0.6734917744592644,0.6659727096557617,0.6659727096557617,12991300,0.0,0.0
1988-04-20,0.6616762513382717,0.6681211330348189,0.6595279574394226,0.6595279574394226,7814800,0.0,0.0
1988-04-21,0.657379663471619,0.6638245451674902,0.6509347817757478,0.6520088911056519,11810300,0.0,0.0
1988-04-22,0.6541572188018152,0.6541572188018152,0.6509348154067993,0.6509348154067993,4127300,0.0,0.0
1988-04-25,0.6487864263724987,0.6606020793142191,0.6487864263724987,0.6563054919242859,5449300,0.0,0.0
1988-04-26,0.6573794365738961,0.6616760228881559,0.6552311434167662,0.6606019139289856,4794600,0.0,0.0
1988-04-27,0.6616762983801797,0.6659728864833441,0.6552314162254333,0.6552314162254333,4471400,0.0,0.0
1988-04-28,0.6530832045922944,0.6530832045922944,0.6423417329788208,0.6423417329788208,9392000,0.0,0.0
1988-04-29,0.6444898049549164,0.6498605012893677,0.6444898049549164,0.6498605012893677,3972000,0.0,0.0
1988-05-02,0.648786615946905,0.6498607254888372,0.6401933634172957,0.6423417329788208,2017900,0.0,0.0
1988-05-03,0.642341511373375,0.6498605012893677,0.642341511373375,0.6498605012893677,6022600,0.0,0.0
1988-05-04,0.6552313695729952,0.6552313695729952,0.648786487877124,0.6520088911056519,8026300,0.0,0.0
1988-05-05,0.6498602808660908,0.6498602808660908,0.6401929254087806,0.644489586353302,5470300,0.0,0.0
1988-05-06,0.6423413272994287,0.6434154361629929,0.6391188502311707,0.6391188502311707,2585300,0.0,0.0
1988-05-09,0.6380449403057451,0.6380449403057451,0.6316000586385551,0.6337483525276184,4377400,0.0,0.0
1988-05-10,0.6315999857454679,0.6315999857454679,0.6251551048220829,0.6294516921043396,4994400,0.0,0.0
1988-05-11,0.6273031079479181,0.6273031079479181,0.6219323763323793,0.6230065226554871,2826200,0.0,0.0
1988-05-12,0.6230068830823018,0.6348225370915577,0.6230068830823018,0.6337483525276184,2129500,0.0,0.0
1988-05-13,0.6358966821006609,0.6520089247921982,0.6358966821006609,0.6509348154067993,5596200,0.0,0.0
1988-05-16,0.6509346868669558,0.6573795676231384,0.6509346868669558,0.6573795676231384,4538600,0.0,0.0
1988-05-17,0.6595278154009435,0.663824402273312,0.6573795219647592,0.6616761088371277,9107400,0.0,0.0
1988-05-18,0.6616760805775905,0.6681209606108888,0.6530829071998596,0.6530829071998596,8848900,0.0,0.0
1988-05-19,0.6541572188018152,0.6552314034260334,0.6466382273875654,0.6509348154067993,13035000,0.0,0.0
1988-05-20,0.648786236020163,0.6530828221494881,0.6477120518684387,0.6477120518684387,3261000,0.0,0.0
1988-05-23,0.6466382639696557,0.6466382639696557,0.6444899698385039,0.645564079284668,2869900,0.0,0.0
1988-05-24,0.6455639474325452,0.6552313066676468,0.643415653740168,0.6487864255905151,4295200,0.0,0.0
1988-05-25,0.6498605356005779,0.657379601152365,0.6498605356005779,0.6563054919242859,7447100,0.0,0.0
1988-05-26,0.6584537520352378,0.6584537520352378,0.6552312740377442,0.6573795676231384,2649900,0.0,0.0
1988-05-27,0.6584537520352378,0.6584537520352378,0.6573795676231384,0.6573795676231384,3848600,0.0,0.0
1988-05-31,0.6585429730244715,0.6714556217193604,0.6574669629335403,0.6714556217193604,9401200,0.00184,0.0
1988-06-01,0.6886724378833673,0.6886724378833673,0.6789879694776881,0.6811400651931763,8510600,0.0,0.0
1988-06-02,0.6822160891079225,0.6822160891079225,0.6736077070236206,0.6736077070236206,3114100,0.0,0.0
1988-06-03,0.6725319449329329,0.6822164171200814,0.6725319449329329,0.68006432056427,3795700,0.0,0.0
1988-06-06,0.675759939185884,0.6843683230108333,0.675759939185884,0.682216227054596,10185200,0.0,0.0
1988-06-07,0.6822159266889124,0.6886722117150544,0.6822159266889124,0.6875962018966675,9186300,0.0,0.0
1988-06-08,0.6886725165341305,0.6983569860458374,0.6865204205728593,0.6983569860458374,6219100,0.0,0.0
1988-06-09,0.7005090760280445,0.7048132679138491,0.6951287984848022,0.6951287984848022,8872400,0.0,0.0
1988-06-10,0.6929765939712524,0.6994328807884344,0.6919005838543694,0.6929765939712524,4824000,0.0,0.0
1988-06-13,0.6951286001648229,0.6951286001648229,0.6822160281913617,0.6865202188491821,4559600,0.0,0.0
1988-06-14,0.6886724412800073,0.6994329199105204,0.6886724412800073,0.6972808241844177,5969800,0.0,0.0
1988-06-15,0.6972809159038413,0.6994330119130279,0.6886725318670952,0.6908246278762817,6542200,0.0,0.0
1988-06-16,0.6908244095070025,0.6908244095070025,0.6854441334987513,0.6865202188491821,5670100,0.0,0.0
1988-06-17,0.6886722373067659,0.6908243323954538,0.6854440569877625,0.6854440569877625,4509200,0.0,0.0
1988-06-20,0.6832923188974523,0.6832923188974523,0.674683934045095,0.6779121160507202,12388700,0.0,0.0
1988-06-21,0.6779121160507202,0.6789881264712737,0.6736079236245415,0.6779121160507202,6424700,0.0,0.0
1988-06-22,0.6886725971161669,0.6886725971161669,0.6768360302581843,0.6779121160507202,7482400,0.0,0.0
1988-06-23,0.6779120351421213,0.6843683230108333,0.6779120351421213,0.682216227054596,12521300,0.0,0.0
1988-06-24,0.682216221085659,0.682216221085659,0.6779120292108431,0.6789880394935608,15967000,0.0,0.0
1988-06-27,0.6789881264712737,0.6800642122638095,0.6757600198376309,0.6779121160507202,15018500,0.0,0.0
1988-06-28,0.6746837842593554,0.6865203484895166,0.6736077740776857,0.6843682527542114,11310900,0.0,0.0
1988-06-29,0.6843680712085787,0.690824356701804,0.6843680712085787,0.6897483468055725,5088400,0.0,0.0
1988-06-30,0.6897482679725677,0.6972805625011401,0.6897482679725677,0.6940524578094482,3833500,0.0,0.0
1988-07-01,0.696204922254485,0.696204922254485,0.6919007301330566,0.6919007301330566,4295200,0.0,0.0
1988-07-05,0.6897486175576761,0.6908246278762817,0.6843683398487221,0.6908246278762817,5425800,0.0,0.0
1988-07-06,0.6951288958141507,0.7058894524072882,0.6929767995699199,0.6994330883026123,15306400,0.0,0.0
1988-07-07,0.6994330883026123,0.7037373561630573,0.6951288958141507,0.6994330883026123,4318700,0.0,0.0
1988-07-08,0.6994329199105204,0.6994329199105204,0.6940527182812465,0.6972808241844177,9415500,0.0,0.0
1988-07-11,0.6951286895769797,0.6962047750658239,0.6908244983655252,0.6929765939712524,4788700,0.0,0.0
1988-07-12,0.6929767190642689,0.6994330070469107,0.6929767190642689,0.6962049007415771,15429800,0.0,0.0
1988-07-13,0.6972805225442673,0.7080410718917847,0.6951284277491504,0.7080410718917847,12999700,0.0,0.0
1988-07-14,0.7080414495141891,0.7080414495141891,0.6951287984848022,0.6951287984848022,14357000,0.0,0.0
1988-07-15,0.6972808241844177,0.7015850910085883,0.6972808241844177,0.6972808241844177,17377200,0.0,0.0
1988-07-18,0.6951287984848022,0.6994329903706069,0.6929767025418999,0.6951287984848022,4450400,0.0,0.0
1988-07-19,0.6972809159038413,0.6972809159038413,0.6886725318670952,0.6908246278762817,6683300,0.0,0.0
1988-07-20,0.6929766147029546,0.6929766147029546,0.6822161363523981,0.6886724233627319,8040600,0.0,0.0
1988-07-21,0.686520412960475,0.686520412960475,0.6789880394935608,0.6789880394935608,4259900,0.0,0.0
1988-07-22,0.6736079236245415,0.6779121160507202,0.6693036558263804,0.6779121160507202,6727700,0.0,0.0
1988-07-25,0.6757594678105796,0.6789875718071884,0.6736073733555336,0.6768354773521423,2908500,0.0,0.0
1988-07-26,0.6779118878164188,0.6779118878164188,0.6746837068976334,0.6757597923278809,1768600,0.0,0.0
1988-07-27,0.6779115622656258,0.6779115622656258,0.6757594678105796,0.6768354773521423,1224600,0.0,0.0
1988-07-28,0.6768358162893049,0.6768358162893049,0.6682274341583252,0.6682274341583252,9377700,0.0,0.0
1988-07-29,0.6703795687134734,0.6779119412025149,0.666075377397439,0.6725316643714905,19625100,0.0,0.0
1988-08-01,0.6757596667746384,0.6886722373067659,0.6746835815443228,0.6854440569877625,13123100,0.0,0.0
1988-08-02,0.6865201167063404,0.6897482969053815,0.6843680216976263,0.6875962018966675,6865400,0.0,0.0
1988-08-03,0.6886724233627319,0.6886724233627319,0.6843682320225094,0.6886724233627319,4897000,0.0,0.0
1988-08-04,0.690824356701804,0.6929764518662124,0.6897483468055725,0.6897483468055725,7423600,0.0,0.0
1988-08-05,0.6875962018966675,0.6897482969053815,0.6875962018966675,0.6875962018966675,666400,0.0,0.0
1988-08-08,0.6854445242678013,0.6865206102317043,0.68006432056427,0.68006432056427,6742000,0.0,0.0
1988-08-09,0.6800640865041718,0.6800640865041718,0.6736077990588213,0.6746838092803955,12515400,0.0,0.0
1988-08-10,0.6757597491668337,0.6757597491668337,0.6585429109862195,0.662847101688385,13719900,0.0,0.0
1988-08-11,0.66177113904247,0.66177113904247,0.6542387670888322,0.6574669480323792,14351200,0.0,0.0
1988-08-12,0.6585428914411193,0.6585428914411193,0.6520866055794892,0.6542387008666992,4113000,0.0,0.0
1988-08-15,0.6520866256115009,0.6520866256115009,0.6477824349048567,0.6499345302581787,11522400,0.0,0.0
1988-08-16,0.6499346567328577,0.6606951355934143,0.6499346567328577,0.6606951355934143,6345800,0.0,0.0
1988-08-17,0.6628471409444757,0.6682274173267972,0.6628471409444757,0.6671513319015503,5881600,0.0,0.0
1988-08-18,0.667151345088436,0.6757598025446961,0.667151345088436,0.6736077070236206,6028500,0.0,0.0
1988-08-19,0.6757598455444978,0.6757598455444978,0.6714556542284634,0.6725316643714905,1615800,0.0,0.0
1988-08-22,0.6703794901627051,0.6714555755516065,0.6639232039451599,0.6639232039451599,3099000,0.0,0.0
1988-08-23,0.6671512923905505,0.6671512923905505,0.662847101688385,0.662847101688385,3480900,0.0,0.0
1988-08-24,0.6606950063373023,0.6649991970394677,0.6606950063373023,0.662847101688385,5969800,0.0,0.0
1988-08-25,0.6606949867283294,0.6606949867283294,0.6499345102922791,0.6542387008666992,4442100,0.0,0.0
1988-08-26,0.6532483709643182,0.6618720889091492,0.6521703684680976,0.6618720889091492,4142400,0.00184,0.0
1988-08-29,0.6618719422832811,0.6694177315664905,0.6618719422832811,0.668339729309082,3604300,0.0,0.0
1988-08-30,0.6704957858503521,0.675885647150148,0.6683398564316799,0.6737297177314758,5793500,0.0,0.0
1988-08-31,0.6758856095196081,0.6791195412206797,0.6704957485198975,0.6704957485198975,11918600,0.0,0.0
1988-09-01,0.6704956641218424,0.6704956641218424,0.6607940212522669,0.6651058793067932,5000300,0.0,0.0
1988-09-02,0.672651730108589,0.672651730108589,0.6640279377054518,0.6694177985191345,22142500,0.0,0.0
1988-09-06,0.6715737057960713,0.6791194955873829,0.6704957034660746,0.6726517081260681,11413300,0.0,0.0
1988-09-07,0.681275333332476,0.6877431199259892,0.681275333332476,0.6866651177406311,11522400,0.0,0.0
1988-09-08,0.6866653635286765,0.6920552253723145,0.6866653635286765,0.6920552253723145,8549200,0.0,0.0
1988-09-09,0.689899295736107,0.6920552253723145,0.6877433660998996,0.6920552253723145,4832400,0.0,0.0
1988-09-12,0.6898990347894915,0.692054963610243,0.688821108132221,0.6909770369529724,983700,0.0,0.0
1988-09-13,0.689899295736107,0.6920552253723145,0.689899295736107,0.6920552253723145,3525400,0.0,0.0
1988-09-14,0.6942110657691956,0.6963669951282629,0.690977209483709,0.6942110657691956,8261300,0.0,0.0
1988-09-15,0.6931329873185569,0.694210914009333,0.6877431273460388,0.6877431273460388,3026000,0.0,0.0
1988-09-16,0.6888212783371259,0.6888212783371259,0.6834314172003298,0.6855873465538025,1974200,0.0,0.0
1988-09-19,0.6855873465538025,0.6855873465538025,0.6801974854170064,0.6855873465538025,2311700,0.0,0.0
1988-09-20,0.6845094408391361,0.6942111620536457,0.6845094408391361,0.6931332349777222,4691400,0.0,0.0
1988-09-21,0.6952890984021266,0.6985229548280776,0.6942110959226547,0.6963670253753662,14989100,0.0,0.0
1988-09-22,0.6974449966616197,0.6974449966616197,0.6877432768052114,0.689899206161499,3737000,0.0,0.0
1988-09-23,0.6888213756615489,0.6963670917117324,0.6855874434212992,0.6931332349777222,25521100,0.0,0.0
1988-09-26,0.6942111620536457,0.6942111620536457,0.6920552323955591,0.6931332349777222,8416600,0.0,0.0
1988-09-27,0.693133227263455,0.6942111543273818,0.6834315061569214,0.6834315061569214,6601000,0.0,0.0
1988-09-28,0.6834312483272373,0.6942108924309943,0.6834312483272373,0.6909770369529724,4803000,0.0,0.0
1988-09-29,0.6909771084481452,0.7093025430737638,0.6909771084481452,0.7049906849861145,18288000,0.0,0.0
1988-09-30,0.7071468169506319,0.7243942542505012,0.7071468169506319,0.7146925330162048,19028300,0.0,0.0
1988-10-03,0.7157705126086731,0.7157705126086731,0.7103806508724766,0.7136145830154419,3090600,0.0,0.0
1988-10-04,0.7125363730016684,0.7179262331685384,0.7114584462720236,0.7157703042030334,4089500,0.0,0.0
1988-10-05,0.7179261445999146,0.7265498593980498,0.7157702159003807,0.7179261445999146,17339400,0.0,0.0
1988-10-06,0.7200822609816576,0.7233161926269531,0.7179263317202025,0.7233161926269531,8064100,0.0,0.0
1988-10-07,0.7308617444065397,0.7319396709325621,0.7265498117838471,0.7276278138160706,23993400,0.0,0.0
1988-10-10,0.7287059281093512,0.735173790956878,0.727628001305577,0.7330178618431091,13573000,0.0,0.0
1988-10-11,0.7308624658335784,0.7373302578926086,0.7308624658335784,0.7373302578926086,9078100,0.0,0.0
1988-10-12,0.7308619037878433,0.7373296908730308,0.7308619037878433,0.735173761844635,14401500,0.0,0.0
1988-10-13,0.7319396734237671,0.7340956019893506,0.7297837448581834,0.7319396734237671,8387200,0.0,0.0
1988-10-14,0.7340957595773283,0.7394856199014266,0.7340957595773283,0.735173761844635,9642100,0.0,0.0
1988-10-17,0.7340957595773283,0.7362516886057241,0.7340957595773283,0.735173761844635,2003600,0.0,0.0
1988-10-18,0.7351739411577869,0.7416417298205052,0.7351739411577869,0.7394858002662659,6836000,0.0,0.0
1988-10-19,0.7416414522576442,0.743797381005017,0.7362515926361084,0.7362515926361084,4618300,0.0,0.0
1988-10-20,0.7394852596128502,0.7427191138267517,0.7394852596128502,0.7427191138267517,6434000,0.0,0.0
1988-10-21,0.742719359751709,0.7459532905425919,0.7416414331588852,0.7437973618507385,3854500,0.0,0.0
1988-10-24,0.7437976593747447,0.7437976593747447,0.7373298707120264,0.7394858002662659,1571300,0.0,0.0
1988-10-25,0.7373297200706467,0.7394856491844154,0.7330178618431091,0.7330178618431091,2899200,0.0,0.0
1988-10-26,0.7351738141879309,0.7362517410257668,0.733017885006036,0.7340958118438721,5940400,0.0,0.0
1988-10-27,0.7340955185460477,0.7351735204594056,0.7308616638183594,0.7308616638183594,2467800,0.0,0.0
1988-10-28,0.7308618567051837,0.731939783396832,0.7243939945304431,0.7265499234199524,2085900,0.0,0.0
1988-10-31,0.726550048766023,0.726550048766023,0.7233161926269531,0.7233161926269531,5582000,0.0,0.0
1988-11-01,0.7243940927722339,0.7373297433698257,0.723316165934398,0.7340958118438721,3780600,0.0,0.0
1988-11-02,0.7330177855946929,0.7351737144842022,0.7265499234199524,0.7265499234199524,6933400,0.0,0.0
1988-11-03,0.7287061212071305,0.7287061212071305,0.7243942618370056,0.7243942618370056,4383300,0.0,0.0
1988-11-04,0.7243939329137378,0.7243939329137378,0.7200820755014843,0.7222380042076111,1841600,0.0,0.0
1988-11-07,0.7222380019989822,0.7222380019989822,0.7168482180032506,0.7179261445999146,2620600,0.0,0.0
1988-11-08,0.7168486714363098,0.7179265987148022,0.713614738588325,0.7168486714363098,4009800,0.0,0.0
1988-11-09,0.7179261445999146,0.7200820732994484,0.7179261445999146,0.7179261445999146,2576100,0.0,0.0
1988-11-10,0.7179261467953576,0.7222380042076111,0.7168482201953973,0.7222380042076111,3231600,0.0,0.0
1988-11-11,0.7243943889045181,0.7243943889045181,0.7168486714363098,0.7168486714363098,3839400,0.0,0.0
1988-11-14,0.7168483064388936,0.7179262331685384,0.7028347304100037,0.7157703042030334,17280700,0.0,0.0
1988-11-15,0.7157701512946935,0.7211600103101402,0.7093023657798767,0.7093023657798767,5822900,0.0,0.0
1988-11-16,0.7093022716175608,0.7103801979738321,0.6996005568801721,0.7028344869613647,3789800,0.0,0.0
1988-11-17,0.7006788997940079,0.7071467638015747,0.7006788997940079,0.7071467638015747,6110800,0.0,0.0
1988-11-18,0.7082243637743076,0.7114582942848157,0.7039125067644298,0.7093023657798767,5484600,0.0,0.0
1988-11-21,0.7071463671519483,0.7071463671519483,0.6985225784811572,0.7039124369621277,10420300,0.0,0.0
1988-11-22,0.7039128317977913,0.7114586228024633,0.7039128317977913,0.7071467638015747,6551500,0.0,0.0
1988-11-23,0.7049908343011304,0.7071467638015747,0.7028349048006861,0.7071467638015747,5807800,0.0,0.0
1988-11-25,0.7028349195793273,0.7028349195793273,0.6952891284159886,0.6985229849815369,2341000,0.0,0.0
1988-11-28,0.7006790041923523,0.7028350095202667,0.6898993550840067,0.7006790041923523,16260800,0.0,0.0
1988-11-29,0.7006790177947021,0.7114587426185608,0.7006790177947021,0.7114587426185608,5317500,0.0,0.0
1988-11-30,0.7071467638015747,0.7103806202991241,0.6985229702935636,0.7071467638015747,23523300,0.0,0.0
1988-12-01,0.708873308601945,0.7110345019444366,0.7034702874004222,0.7045509219169617,19836700,0.00272,0.0
1988-12-02,0.7034708425234274,0.7088738679885864,0.7034708425234274,0.7088738679885864,7285900,0.0,0.0
1988-12-05,0.7077930285306689,0.7175184412874215,0.7077930285306689,0.7142766118049622,7814800,0.0,0.0
1988-12-06,0.7121155239846859,0.7261633276939392,0.7121155239846859,0.7261633276939392,10723300,0.0,0.0
1988-12-07,0.7304856439680057,0.7304856439680057,0.7218408658413515,0.7250826954841614,9444900,0.0,0.0
1988-12-08,0.7250826874159939,0.7369692950531929,0.7229214929083785,0.735888659954071,18528900,0.0,0.0
1988-12-09,0.7348078403645396,0.7348078403645396,0.7294048181632911,0.7315660119056702,2532400,0.0,0.0
1988-12-12,0.7315662427815227,0.7348080722634849,0.7283244132995605,0.7283244132995605,5214300,0.0,0.0
1988-12-13,0.724001922676533,0.724001922676533,0.7175183403146419,0.7196795344352722,4588900,0.0,0.0
1988-12-14,0.7196796639499106,0.7240020529690349,0.7175184694403484,0.7218408584594727,2291500,0.0,0.0
1988-12-15,0.7196796928118536,0.7207603279552866,0.7153573036193848,0.7153573036193848,2629000,0.0,0.0
1988-12-16,0.7164380923093464,0.7164380923093464,0.708873946647558,0.713196337223053,4348000,0.0,0.0
1988-12-19,0.714276348563448,0.714276348563448,0.7088734023380673,0.7110345959663391,8284800,0.0,0.0
1988-12-20,0.7142766369749366,0.7283244390762402,0.7142766369749366,0.7229214906692505,13322900,0.0,0.0
1988-12-21,0.720760296168329,0.7240020500743972,0.7175184665716328,0.7229214906692505,9906500,0.0,0.0
1988-12-22,0.7218408584594727,0.7218408584594727,0.7196796639499106,0.7218408584594727,13176000,0.0,0.0
1988-12-23,0.7207601312959253,0.7250825193090309,0.7207601312959253,0.7240018844604492,2937900,0.0,0.0
1988-12-27,0.7250826880691301,0.7261632474785971,0.7218408584594727,0.7218408584594727,2914300,0.0,0.0
1988-12-28,0.7218408584594727,0.7229214935595679,0.7175184694403484,0.7218408584594727,1909600,0.0,0.0
1988-12-29,0.720760257539151,0.7272438406944275,0.720760257539151,0.7272438406944275,2981500,0.0,0.0
1988-12-30,0.7261629897044216,0.7315660119056702,0.7261629897044216,0.7315660119056702,1019000,0.0,0.0
1989-01-03,0.7315662294646118,0.7315662294646118,0.7261632056565694,0.7272438406944275,5023800,0.0,0.0
1989-01-04,0.7283244282519055,0.734808087348938,0.727243868862818,0.734808087348938,8349500,0.0,0.0
1989-01-05,0.7326468645024699,0.733727423849704,0.7272438406944275,0.7272438406944275,3349200,0.0,0.0
1989-01-06,0.7294048181632911,0.7337272056480493,0.7294048181632911,0.7315660119056702,2687700,0.0,0.0
1989-01-09,0.7315659498859256,0.7337271434450859,0.730485315261048,0.7326465845108032,5302400,0.0,0.0
1989-01-10,0.7326465845108032,0.7391301651882841,0.7315659498859256,0.7326465845108032,6336600,0.0,0.0
1989-01-11,0.730485315261048,0.7326465845108032,0.7294047563267654,0.7326465845108032,8886700,0.0,0.0
1989-01-12,0.7315663524100018,0.7315663524100018,0.7261633276939392,0.7261633276939392,6718500,0.0,0.0
1989-01-13,0.7250826595082236,0.7283244132995605,0.7250826595082236,0.7283244132995605,8651600,0.0,0.0
1989-01-16,0.7261632188751275,0.7283244132995605,0.7240020244506945,0.7283244132995605,7197800,0.0,0.0
1989-01-17,0.7261632942354658,0.7261632942354658,0.7196797102893082,0.7207603454589844,5435100,0.0,0.0
1989-01-18,0.7229214906692505,0.7240020500743972,0.720760296168329,0.7229214906692505,10605800,0.0,0.0
1989-01-19,0.7250826954841614,0.7304856439680057,0.7240020603730151,0.7250826954841614,5294000,0.0,0.0
1989-01-20,0.7240021329456415,0.7283245224422369,0.7240021329456415,0.7261633276939392,7182700,0.0,0.0
1989-01-23,0.7261632474785971,0.7272438825786922,0.7218408584594727,0.7218408584594727,14137100,0.0,0.0
1989-01-24,0.720760296168329,0.725082685170172,0.7196796610725543,0.7229214906692505,12388700,0.0,0.0
1989-01-25,0.7261629281427274,0.7326465845108032,0.7261629281427274,0.7326465845108032,12653100,0.0,0.0
1989-01-26,0.7326469624206227,0.7391305464424291,0.7326469624206227,0.7369693517684937,11472000,0.0,0.0
1989-01-27,0.7456142824498471,0.7693875043996924,0.7456142824498471,0.760742723941803,21805000,0.0,0.0
1989-01-30,0.7607425084202905,0.7780320644378662,0.7607425084202905,0.7780320644378662,10523500,0.0,0.0
1989-01-31,0.7758708987627685,0.7758708987627685,0.7650649258502931,0.7715485095977783,5117800,0.0,0.0
1989-02-01,0.7693873470746023,0.7693873470746023,0.7639843225479126,0.7639843225479126,7012300,0.0,0.0
1989-02-02,0.7618232836537144,0.7672263092852201,0.7564202580222088,0.760742723941803,6698400,0.0,0.0
1989-02-03,0.7618226500994988,0.7715480578720127,0.760742091286212,0.7650644779205322,9407100,0.0,0.0
1989-02-06,0.7650648848046822,0.7650648848046822,0.7585812257144133,0.7629036903381348,2981500,0.0,0.0
1989-02-07,0.7607425366853029,0.7801932879277587,0.7607425366853029,0.7715485095977783,6307200,0.0,0.0
1989-02-08,0.7737096754334722,0.7812738940364756,0.7737096754334722,0.7780320644378662,5895900,0.0,0.0
1989-02-09,0.7758707316052258,0.795321554347728,0.7758707316052258,0.7877573370933533,10018200,0.0,0.0
1989-02-10,0.7801932589400632,0.7801932589400632,0.7758708699356692,0.7780320644378662,8152200,0.0,0.0
1989-02-13,0.7758707972329365,0.7791126265277714,0.7726289679381017,0.7769514322280884,4530200,0.0,0.0
1989-02-14,0.7769514322280884,0.7801931858323023,0.7758707972329365,0.7769514322280884,3774700,0.0,0.0
1989-02-15,0.7758711638442172,0.7791129946708679,0.7758711638442172,0.7791129946708679,4720700,0.0,0.0
1989-02-16,0.7823545316530002,0.8018053598078694,0.780193336934752,0.7964023351669312,7732500,0.0,0.0
1989-02-17,0.795321684727479,0.8061276570833203,0.7920798551754131,0.8039664626121521,6263600,0.0,0.0
1989-02-21,0.8039666944931207,0.8039666944931207,0.7974831092096131,0.8007248640060425,7094600,0.0,0.0
1989-02-22,0.7981235971172665,0.7992065678952965,0.7851284029062586,0.7872942686080933,6874600,0.00272,0.0
1989-02-23,0.7883772735060464,0.7883772735060464,0.7775479434862432,0.7797138094902039,9994700,0.0,0.0
1989-02-24,0.7797134585695722,0.780796429011265,0.7667182683944702,0.7667182683944702,8504800,0.0,0.0
1989-02-27,0.765635346300288,0.7688841819763184,0.7645524516444157,0.7688841819763184,2738100,0.0,0.0
1989-02-28,0.7699670280111447,0.7699670280111447,0.7667182683944702,0.7667182683944702,5764100,0.0,0.0
1989-03-01,0.7667182683944702,0.7688841334236538,0.7645524033652865,0.7667182683944702,5102700,0.0,0.0
1989-03-02,0.7645526283353322,0.7797136880007683,0.7558890898151445,0.778630793094635,18934300,0.0,0.0
1989-03-03,0.7775480015906447,0.7948750067713738,0.7775480015906447,0.7905431985855103,3774700,0.0,0.0
1989-03-06,0.792708947611001,0.8143676039960487,0.792708947611001,0.812201738357544,15282900,0.0,0.0
1989-03-07,0.8122020220470628,0.8230314298763536,0.8122020220470628,0.8132849931716919,40895500,0.0,0.0
1989-03-08,0.8122020488701005,0.8143679153366365,0.8078703159370283,0.8100361824035645,11795200,0.0,0.0
1989-03-09,0.812201738357544,0.8143676039960487,0.8100358727190392,0.812201738357544,13740100,0.0,0.0
1989-03-10,0.8122020941656669,0.8122020941656669,0.810036227578343,0.8111191987991333,8173200,0.0,0.0
1989-03-13,0.8132848760342718,0.8176166082003888,0.8122019050656232,0.8143677711486816,8951300,0.0,0.0
1989-03-14,0.8186995033147986,0.8208654452520959,0.8143677711486816,0.8143677711486816,18749600,0.0,0.0
1989-03-15,0.8165334208891583,0.8197822570800781,0.8143675553799513,0.8197822570800781,11912700,0.0,0.0
1989-03-16,0.8251972426222957,0.8316948413848877,0.8251972426222957,0.8316948413848877,19595700,0.0,0.0
1989-03-17,0.8165336372317401,0.8208654452520959,0.8122019050656232,0.8143677711486816,12559100,0.0,0.0
1989-03-20,0.8143675421056562,0.8143675421056562,0.7970406183144314,0.8013723492622375,12324000,0.0,0.0
1989-03-21,0.8035382636931956,0.8078699949049205,0.7894600993279784,0.7937918305397034,7917200,0.0,0.0
1989-03-22,0.8013724205562681,0.8046211811290397,0.7981235841292722,0.799206554889679,16810600,0.0,0.0
1989-03-23,0.8013725422100568,0.8013725422100568,0.7970408102192922,0.8002895712852478,4612500,0.0,0.0
1989-03-27,0.8002895712852478,0.8002895712852478,0.7992066762146746,0.8002895712852478,4985100,0.0,0.0
1989-03-28,0.8024557426594818,0.8122021812748798,0.8024557426594818,0.8078704476356506,29422600,0.0,0.0
1989-03-29,0.8100361824035645,0.8122020488701005,0.8100361824035645,0.8100361824035645,2511400,0.0,0.0
1989-03-30,0.8111190099512133,0.8143677711486816,0.8089531438681549,0.8143677711486816,9871300,0.0,0.0
1989-03-31,0.8143676953774129,0.8251971006393433,0.8143676953774129,0.8251971006393433,6888900,0.0,0.0
1989-04-03,0.8251973458950891,0.8251973458950891,0.8143679374145656,0.8165338039398193,8328500,0.0,0.0
1989-04-04,0.8132846017089564,0.8295286297798157,0.8111187363564561,0.8295286297798157,5734700,0.0,0.0
1989-04-05,0.8251970528135081,0.8273629185695209,0.8230311870574951,0.8230311870574951,6213200,0.0,0.0
1989-04-06,0.8230311877588639,0.8338605165481567,0.8186993803889191,0.8338605165481567,9518700,0.0,0.0
1989-04-07,0.8338604112171883,0.8360262767014607,0.8316945457329159,0.8327774405479431,5948800,0.0,0.0
1989-04-10,0.8316945457329159,0.8338604112171883,0.8295286802486436,0.8327774405479431,13191100,0.0,0.0
1989-04-11,0.8306116799842551,0.8338605165481567,0.8284458142263965,0.8338605165481567,22004800,0.0,0.0
1989-04-12,0.8316946982839623,0.8327775932976162,0.8251971006393433,0.8251971006393433,9930100,0.0,0.0
1989-04-13,0.8251974250067783,0.8251974250067783,0.8024557105299829,0.8046215772628784,15091500,0.0,0.0
1989-04-14,0.8122019120288337,0.8230313183912084,0.81111901690514,0.8208654522895813,21951900,0.0,0.0
1989-04-17,0.8154506662452987,0.8284458615345368,0.8154506662452987,0.8251971006393433,8093400,0.0,0.0
1989-04-18,0.8295291620017302,0.8425243624543903,0.8284461907035443,0.8403584957122803,12588400,0.0,0.0
1989-04-19,0.8403584957122803,0.8511879052770923,0.8381926289701703,0.8403584957122803,12382800,0.0,0.0
1989-04-20,0.8403581138217325,0.8403581138217325,0.8295287850324397,0.8338605165481567,5484600,0.0,0.0
1989-04-21,0.8360263823060153,0.8360263823060153,0.8316946507902983,0.8338605165481567,4515100,0.0,0.0
1989-04-24,0.8360263823060153,0.8381922480638739,0.8338605165481567,0.8338605165481567,8373000,0.0,0.0
1989-04-25,0.833860707639085,0.8381924401474797,0.8316948413848877,0.8316948413848877,6528000,0.0,0.0
1989-04-26,0.8338607817959522,0.8360266482427644,0.8306119441986084,0.8306119441986084,7168400,0.0,0.0
1989-04-27,0.8327779479135148,0.8360267860463698,0.8306120811096995,0.8349438905715942,7388300,0.0,0.0
1989-04-28,0.8360262399043306,0.8381921052932738,0.8338603745153873,0.8381921052932739,8451900,0.0,0.0
1989-05-01,0.8381921421857331,0.8381921421857331,0.8316945457329159,0.8327774405479431,2796800,0.0,0.0
1989-05-02,0.8338603745153873,0.8381921052932738,0.831694509126444,0.8381921052932739,9650500,0.0,0.0
1989-05-03,0.8360261917114258,0.8381920569755174,0.8349432970064852,0.8360261917114258,8637400,0.0,0.0
1989-05-04,0.8338605062065821,0.8338605062065821,0.8262799382209778,0.8262799382209778,7359000,0.0,0.0
1989-05-05,0.8306115245289591,0.8338603604848164,0.8273627644273154,0.8295286297798157,7579700,0.0,0.0
1989-05-08,0.8273630404929583,0.8273630404929583,0.824114203453064,0.824114203453064,3319800,0.0,0.0
1989-05-09,0.8230311870574951,0.8273629185695209,0.8230311870574951,0.8230311870574951,3208100,0.0,0.0
1989-05-10,0.8230311877588639,0.8338605165481567,0.8230311877588639,0.8338605165481567,12764700,0.0,0.0
1989-05-11,0.8338603264473343,0.8381920569755174,0.8316944611832428,0.8360261917114258,5214300,0.0,0.0
1989-05-12,0.8533536917413014,0.8533536917413014,0.8490219586645824,0.8511878252029419,14724700,0.0,0.0
1989-05-15,0.8511874352090332,0.8630997336392052,0.8511874352090332,0.8587679266929626,13969200,0.0,0.0
1989-05-16,0.8576853398765653,0.8598512062004268,0.8544365024636494,0.8555194735527039,6616100,0.0,0.0
1989-05-17,0.8555193776365598,0.8685145741227784,0.8533535115555234,0.8620169758796692,23679400,0.0,0.0
1989-05-18,0.8598510362949985,0.8630998730659485,0.8576851703991092,0.8630998730659485,5132000,0.0,0.0
1989-05-19,0.8641828419607056,0.8750121723658878,0.8620169758796692,0.8620169758796692,14856500,0.0,0.0
1989-05-22,0.8685142968499628,0.8685142968499628,0.8576849699020386,0.8576849699020386,7182700,0.0,0.0
1989-05-23,0.8576855055034224,0.8576855055034224,0.8403584957122803,0.8403584957122803,9935900,0.0,0.0
1989-05-24,0.8414415218593652,0.8490415805423381,0.8381842995309343,0.8468701243400574,8461100,0.0034,0.0
1989-05-25,0.8468699421574373,0.8588129867257476,0.8468699421574373,0.8566415309906006,13763600,0.0,0.0
1989-05-26,0.859898933361385,0.8609846234321594,0.8588131672405916,0.8609846234321594,2511400,0.0,0.0
1989-05-30,0.868584812174597,0.8729277248279665,0.8674991220362666,0.8707562685012817,14807000,0.0,0.0
1989-05-31,0.876184755706673,0.8837848892128043,0.8729275339040432,0.8816134333610535,12858700,0.0,0.0
1989-06-01,0.8772705746499639,0.8989852124116013,0.8772705746499639,0.8892136216163635,13446300,0.0,0.0
1989-06-02,0.9033281772138398,0.9098426221556639,0.8881279831329697,0.8902994394302368,17911900,0.0,0.0
1989-06-05,0.8729276061058044,0.8881278743753149,0.8729276061058044,0.8729276061058044,6477600,0.0,0.0
1989-06-06,0.88161386735966,0.88161386735966,0.8685850497853552,0.8750994205474854,11751600,0.0,0.0
1989-06-07,0.8772704456075449,0.8826991232619253,0.8772704456075449,0.8816134333610535,4700600,0.0,0.0
1989-06-08,0.8805277339585222,0.881613499991461,0.8750990558938541,0.8783562779426575,4348000,0.0,0.0
1989-06-09,0.8772709870246154,0.8848711252212526,0.8729280726408382,0.8848711252212524,7417700,0.0,0.0
1989-06-12,0.8848706459902516,0.8848706459902516,0.8729275998779894,0.8783562779426575,4926400,0.0,0.0
1989-06-13,0.8859564183439581,0.8859564183439581,0.8718419161151327,0.8729276061058044,5758200,0.0,0.0
1989-06-14,0.8729280228299798,0.8772709369659424,0.8620707374900732,0.8772709369659424,9039400,0.0,0.0
1989-06-15,0.8750987587553447,0.8772702140338949,0.8642414823625936,0.8664129376411438,5493800,0.0,0.0
1989-06-16,0.866413169269155,0.8707560809872951,0.8653274793646236,0.8696703910827637,4626700,0.0,0.0
1989-06-19,0.8696705096333165,0.8729276558409211,0.8642418312206187,0.867499053478241,5464400,0.0,0.0
1989-06-20,0.8653278355102124,0.8816137991811044,0.8642420691088016,0.8805280327796936,7100400,0.0,0.0
1989-06-21,0.8783565760269105,0.8859567126866704,0.8783565760269105,0.8805280327796936,8916100,0.0,0.0
1989-06-22,0.880527738654131,0.8881278727751932,0.8685846924781799,0.8685846924781799,11765800,0.0,0.0
1989-06-23,0.8729278961199337,0.8837852559338875,0.8729278961199337,0.8805280327796936,4377400,0.0,0.0
1989-06-26,0.8826991298903656,0.9054994545299669,0.8826991298903656,0.8968136310577393,8569400,0.0,0.0
1989-06-27,0.8946418853160031,0.9206994233397685,0.8946418853160031,0.9174422025680542,6830100,0.0,0.0
1989-06-28,0.9174425624368152,0.9174425624368152,0.8989851482737685,0.9011566042900085,6081400,0.0,0.0
1989-06-29,0.8989850801750601,0.8989850801750601,0.8816134333610535,0.8816134333610535,4838300,0.0,0.0
1989-06-30,0.8794421698580444,0.8794421698580444,0.8598989868678583,0.8707562685012817,5699500,0.0,0.0
1989-07-03,0.8685851601357011,0.8767281436354091,0.8685851601357011,0.8740138411521912,1304400,0.0,2.5
1989-07-05,0.882156626408233,0.882156626408233,0.8685849649419423,0.8712992668151855,7485700,0.0,0.0
1989-07-06,0.8712989934999822,0.8740133705717976,0.8522987342473398,0.8685846924781799,7194400,0.0,0.0
1989-07-07,0.8685849492675142,0.8821566104888916,0.8685849492675142,0.8821566104888916,10229700,0.0,0.0
1989-07-10,0.8821562579222737,0.8957279137195409,0.8821562579222737,0.8930135369300842,5147200,0.0,0.0
1989-07-11,0.9011565960196488,0.9228712320327759,0.9011565960196488,0.9228712320327759,7864300,0.0,0.0
1989-07-12,0.922871002365193,0.9500142335891724,0.922871002365193,0.9500142335891724,9230800,0.0,0.0
1989-07-13,0.9527289023089162,0.9690148612509478,0.9527289023089162,0.9554432034492493,19798000,0.0,0.0
1989-07-14,0.9608715555146863,0.9608715555146863,0.9282996486904583,0.9418712258338928,4824000,0.0,0.0
1989-07-17,0.936442855003124,0.9663004689294574,0.9310141771846971,0.9635860919952393,6557300,0.0,0.0
1989-07-18,0.9608720871609342,0.9608720871609342,0.9473004264583695,0.9527291059494019,2946200,0.0,0.0
1989-07-19,0.9663005601106147,0.9663005601106147,0.9527289023089162,0.9554432034492493,6007500,0.0,0.0
1989-07-20,0.9554428790273181,0.9608715555146863,0.939156925615204,0.9418712258338928,4491600,0.0,0.0
1989-07-21,0.9418712258338928,0.947299902321261,0.9364426253965153,0.9418712258338928,2638200,0.0,0.0
1989-07-24,0.9364432435790531,0.9364432435790531,0.9255858834369517,0.9283002614974976,2464400,0.0,0.0
1989-07-25,0.9283002614974974,0.9310145635080024,0.9228715814264468,0.9283002614974976,3443200,0.0,0.0
1989-07-26,0.925584940854681,0.9445852637290955,0.925584940854681,0.9445852637290955,9374400,0.0,0.0
1989-07-27,0.9500142335891724,0.9527286099465655,0.9472999332817723,0.9500142335891724,10276700,0.0,0.0
1989-07-28,0.9500145565286899,0.9500145565286899,0.9418715767884446,0.9473002552986145,2717100,0.0,0.0
1989-07-31,0.9527282375181406,0.9554425367645012,0.9418708884327713,0.9445852637290955,5866500,0.0,0.0
1989-08-01,0.9554432034492493,0.9717291623912809,0.9554432034492493,0.9554432034492493,13261600,0.0,0.0
1989-08-02,0.9554432034492493,0.9635861829202651,0.9527289023089162,0.9554432034492493,7720800,0.0,0.0
1989-08-03,0.9608724353211433,0.9690154194831848,0.9608724353211433,0.9690154194831848,6551500,0.0,0.0
1989-08-04,0.9663008957402974,0.9663008957402974,0.9527292332246916,0.9581578373908997,5946300,0.0,0.0
1989-08-07,0.9554429102539654,0.9581572105613654,0.9445856329743724,0.9500142335891724,7532700,0.0,0.0
1989-08-08,0.9500142025399498,0.9500142025399498,0.9418712258338928,0.9418712258338928,5963900,0.0,0.0
1989-08-09,0.944585751585486,0.944585751585486,0.9337283968925476,0.9337283968925476,8722200,0.0,0.0
1989-08-10,0.9228711182496121,0.9337283968925476,0.9228711182496121,0.9337283968925476,9148600,0.0,0.0
1989-08-11,0.9391574859619141,0.9554434490910201,0.9283002025591888,0.9391574859619141,6821800,0.0,0.0
1989-08-14,0.94187137488725,0.94187137488725,0.9310140962443144,0.9337283968925476,7852500,0.0,0.0
1989-08-15,0.9283002614974974,0.9337288655185073,0.9228715814264468,0.9283002614974976,5899300,0.0,0.0
1989-08-16,0.9337285939584407,0.9364429712295532,0.9282999915162533,0.9364429712295532,4818100,0.0,0.0
1989-08-17,0.9364429433668846,0.9554432034492493,0.9364429433668846,0.9554432034492493,5220200,0.0,0.0
1989-08-18,0.9527289023089162,0.9635861829202651,0.9500145251185665,0.9554432034492493,2681800,0.0,0.0
1989-08-21,0.9500145565286899,0.9527289338087844,0.9445859540685391,0.9473002552986145,5137900,0.0,0.0
1989-08-22,0.9445856329743724,0.9527286099465655,0.9445856329743724,0.9500142335891724,6592600,0.0,0.0
1989-08-23,0.9445856329743724,0.9500142335891724,0.9337282796447861,0.9500142335891724,4001400,0.0,0.0
1989-08-24,0.9472999237622749,0.9635858775430022,0.9445856234821511,0.9608715772628784,3813300,0.0,0.0
1989-08-25,0.9608715869187586,0.9608715869187586,0.9500142335891724,0.9500142335891724,2129500,0.0,0.0
1989-08-28,0.9440272620862781,0.9440272620862781,0.9385862350463867,0.9385862350463867,15303100,0.0034,0.0
1989-08-29,0.9385853247483524,0.954908542484915,0.9385853247483524,0.9521879553794861,6198900,0.0,0.0
1989-08-30,0.9521885198166755,0.9630707222411248,0.9521885198166755,0.9576296210289001,4042500,0.0,0.0
1989-08-31,0.957629427004619,0.9603499389475073,0.9467473030090332,0.9467473030090332,2091700,0.0,0.0
1989-09-01,0.9467474948284987,0.9576296210289001,0.9413063936162741,0.9576296210289001,5911000,0.0,0.0
1989-09-05,0.9603499312556799,0.9603499312556799,0.9549089074134827,0.9549089074134827,1759300,0.0,0.0
1989-09-06,0.9549094686142142,0.9549094686142142,0.9277040285184506,0.9385862350463867,4268300,0.0,0.0
1989-09-07,0.9440266414220712,0.9766731633178666,0.9440266414220712,0.9630704522132874,11475400,0.0,0.0
1989-09-08,0.9685119109159448,1.0120404958724976,0.9685119109159448,1.0120404958724976,11901000,0.0,0.0
1989-09-11,1.0174815095257015,1.0174815095257015,0.9929966683144892,1.0065993070602417,3721800,0.0,0.0
1989-09-12,1.0011588062910997,1.0310846881811655,0.9957177022092293,1.017482042312622,6381100,0.0,0.0
1989-09-13,1.022922623055622,1.0310842374989793,1.006599394168908,1.0120404958724976,8843000,0.0,0.0
1989-09-14,1.0174811917404045,1.0174811917404045,0.9929963581764294,0.9957168698310852,2646600,0.0,0.0
1989-09-15,0.9902764345572552,1.001158640923514,0.9793943044150718,0.9875559210777283,2796800,0.0,0.0
1989-09-18,0.9902760354765381,1.0011582374572754,0.9793939097198456,1.0011582374572754,4256500,0.0,0.0
1989-09-19,1.0120400922070685,1.0147606038617243,0.9957168698310851,0.9957168698310852,6868800,0.0,0.0
1989-09-20,0.9957175377403846,0.9957175377403846,0.9793943044150718,0.9875559210777283,4900400,0.0,0.0
1989-09-21,0.9957177022092293,1.0202025562415131,0.9929971882803382,1.017482042312622,5881600,0.0,0.0
1989-09-22,1.020202102408452,1.0419664328300644,1.020202102408452,1.039245843887329,14113600,0.0,0.0
1989-09-25,1.0419662480244523,1.0419662480244523,1.0202019214630127,1.0202019214630127,8043900,0.0,0.0
1989-09-26,1.0256429850215458,1.0310840092968594,1.022922396659851,1.022922396659851,5076600,0.0,0.0
1989-09-27,1.028363865626416,1.0691719434331681,1.0256433525139874,1.0664514303207397,10817300,0.0,0.0
1989-09-28,1.0555691026823573,1.077333355927563,1.0474074886593925,1.0637307167053223,12829300,0.0,0.0
1989-09-29,1.0691719434331681,1.0800541483310122,1.0610103278718177,1.0664514303207397,4150800,0.0,0.0
1989-10-02,1.0691714207462202,1.090935743677896,1.0637303971813223,1.0882152318954468,10355600,0.0,0.0
1989-10-03,1.088215283942811,1.1045385078662708,1.088215283942811,1.096376895904541,12327400,0.0,0.0
1989-10-04,1.0990979066739925,1.120862240524979,1.0936568041552295,1.1181416511535645,10129800,0.0,0.0
1989-10-05,1.123582704107995,1.148067550026236,1.1099799865231736,1.1426265239715576,9956100,0.0,0.0
1989-10-06,1.1507880845136358,1.1643907252270684,1.1317442655563354,1.1317442655563354,9556500,0.0,0.0
1989-10-09,1.1480676006706627,1.1480676006706627,1.1099800354874527,1.1181416511535645,7497500,0.0,0.0
1989-10-10,1.1208622634375967,1.1235827766405577,1.0854952106787634,1.1018184423446655,10185200,0.0,0.0
1989-10-11,1.0936567675791589,1.0963773568595867,1.0691719213996909,1.0827746391296387,10599900,0.0,0.0
1989-10-12,1.0882152093620188,1.1045384321667673,1.066450886881012,1.0746124982833862,12541400,0.0,0.0
1989-10-13,1.0691717004231938,1.0691717004231938,0.9521885198166755,0.9576296210289001,10014800,0.0,0.0
1989-10-16,0.9630708256119579,1.0338048440668948,0.9603502366018082,1.025643229484558,31259200,0.0,0.0
1989-10-17,1.020201593177685,1.0229221045384307,0.9848346405919276,1.0147604942321777,15805900,0.0,0.0
1989-10-18,1.0174813115674421,1.0392455598158754,1.0174813115674421,1.0338045358657837,7667900,0.0,0.0
1989-10-19,1.0392455594165122,1.0773331081726842,1.0392455594165122,1.0610098838806152,7356500,0.0,0.0
1989-10-20,1.0773330323175951,1.090935743677896,1.071892008752697,1.0882152318954468,5969800,0.0,0.0
1989-10-23,1.090935976859831,1.090935976859831,1.0746127502280758,1.085494875907898,2773300,0.0,0.0
1989-10-24,1.0827747965940895,1.0854953100460891,1.061010460305868,1.0800542831420898,8043900,0.0,0.0
1989-10-25,1.0800540189693086,1.0936566591262817,1.071892404385502,1.0936566591262817,3345800,0.0,0.0
1989-10-26,1.0854947203187186,1.0854947203187186,1.0582893719066149,1.0610098838806152,6510300,0.0,0.0
1989-10-27,1.0555689616533572,1.0555689616533572,1.0202019214630127,1.0202019214630127,10787900,0.0,0.0
1989-10-30,1.017481423078894,1.0365251614393909,1.017481423078894,1.0310840606689453,7050900,0.0,0.0
1989-10-31,1.0419666435531991,1.0501282595838692,1.0338050275225288,1.0474077463150024,7159200,0.0,0.0
1989-11-01,1.0419666435531991,1.0474077463150024,1.0310844380295923,1.0474077463150024,2723000,0.0,0.0
1989-11-02,1.0446874291085548,1.050128533288523,1.036525810950647,1.0419669151306152,3669000,0.0,0.0
1989-11-03,1.0365254708456262,1.0664514196800075,1.0365254708456262,1.0555692911148071,2123600,0.0,0.0
1989-11-06,1.0446867744830384,1.0501278752534837,1.0310840606689453,1.0310840606689453,4379900,0.0,0.0
1989-11-07,1.012040271885186,1.0338045976585541,1.012040271885186,1.022922396659851,22234000,0.0,0.0
1989-11-08,1.0283634971592026,1.0446867224332195,1.022922396659851,1.022922396659851,4103800,0.0,0.0
1989-11-09,1.0174813723845375,1.0338045976585541,1.0174813723845375,1.022922396659851,5358700,0.0,0.0
1989-11-10,1.0392456737125928,1.0446867744830384,1.0310840606689453,1.0310840606689453,2503000,0.0,0.0
1989-11-13,1.0365249148869022,1.050127625465393,1.0338044032608134,1.050127625465393,1892000,0.0,0.0
1989-11-14,1.0610100206776438,1.0610100206776438,1.0419662819562472,1.0446867942810059,3022600,0.0,0.0
1989-11-15,1.0446868135700276,1.0610100402680565,1.0446868135700276,1.0582895278930664,2047200,0.0,0.0
1989-11-16,1.0637308952869626,1.0882157414664306,1.0637308952869626,1.0827746391296387,9947700,0.0,0.0
1989-11-17,1.0773330323175951,1.0990973552492707,1.074612520535146,1.0882152318954468,3102400,0.0,0.0
1989-11-20,1.0936565587779705,1.0936565587779705,1.0691717172731547,1.0773333311080933,7288500,0.0,0.0
1989-11-21,1.0827741096857606,1.0854946214118764,1.0610097872047537,1.0746124982833862,2440900,0.0,0.0
1989-11-22,1.0718921422958374,1.0800537548840379,1.0664510418290247,1.0718921422958374,2696900,0.0,0.0
1989-11-24,1.0664515634339422,1.0854953100460891,1.061010460305868,1.0800542831420898,4444600,0.0,0.0
1989-11-27,1.0854949633300126,1.096377166110295,1.0800539381639218,1.0909360647201538,5831300,0.0,0.0
1989-11-28,1.090935976859831,1.0990975901757087,1.085494875907898,1.085494875907898,5543300,0.0,0.0
1989-11-29,1.0827746614434406,1.0827746614434406,1.0664514303207397,1.0664514303207397,1944800,0.0,0.0
1989-11-30,1.0664510418290247,1.0746126544172252,1.0501278166526236,1.0718921422958374,4244800,0.0,0.0
1989-12-01,1.0719982887437998,1.0829092606411628,1.0638150980335588,1.0801814794540405,3680700,0.00442,0.0
1989-12-04,1.0801815144361224,1.0910924866868412,1.0692706186109688,1.0747261047363281,1750900,0.0,0.0
1989-12-05,1.0801811354629525,1.0829089157813943,1.058359351468649,1.0638147592544556,3545600,0.0,0.0
1989-12-06,1.0638152717880602,1.0719984638348736,1.0583598613739014,1.0583598613739014,2793500,0.0,0.0
1989-12-07,1.0501762008403195,1.0638147972170728,1.036537528038025,1.036537528038025,3137600,0.0,0.0
1989-12-08,1.0365378702259356,1.047448766214415,0.9983496196279079,1.0256268978118896,14098500,0.0,0.0
1989-12-11,1.0147154438406272,1.0201709270477295,1.0065322572427358,1.0201709270477295,8002800,0.0,0.0
1989-12-12,1.0201715155212083,1.0228992204854406,1.0092605428131423,1.0147160291671753,5388100,0.0,0.0
1989-12-13,1.0147160094208498,1.0474487740569332,1.0147160094208498,1.0310823917388916,5913500,0.0,0.0
1989-12-14,1.0283547566760975,1.033810166868945,1.0228992700576782,1.0228992700576782,8557600,0.0,0.0
1989-12-15,1.0310824617725214,1.033810166868945,1.0201715649612546,1.0228992700576782,3290400,0.0,0.0
1989-12-18,1.0228989711696772,1.031082160493417,1.0010771074978544,1.0092602968215942,11081700,0.0,0.0
1989-12-19,1.0038051813779258,1.0256269749971194,0.9710724145235635,0.9874387979507446,14245400,0.0,0.0
1989-12-20,0.9983496947603414,1.0147160781875226,0.9874387979507446,0.9874387979507446,17180800,0.0,0.0
1989-12-21,0.9983494031984578,1.017443486145334,0.9983494031984578,1.0092602968215942,14348700,0.0,0.0
1989-12-22,1.0201709489832214,1.0365373225309102,1.017443169108256,1.0338095426559448,7782000,0.0,0.0
1989-12-26,1.0283547068394736,1.0310824118037059,1.0147160291671753,1.0147160291671753,1433600,0.0,0.0
1989-12-27,1.0174438992242254,1.0174438992242254,0.9819834232330322,0.9819834232330322,6128400,0.0,0.0
1989-12-28,0.990165884046953,1.0228986304385186,0.9874381806561641,1.0201709270477295,5135400,0.0,0.0
1989-12-29,1.02289918129635,1.047448754310608,1.0201714764366208,1.047448754310608,5429200,0.0,0.0
1990-01-02,1.047448887694433,1.0583598613739014,1.041993400854699,1.0583598613739014,5772500,0.0,0.0
1990-01-03,1.0638149140412176,1.0883644819259644,1.0583595054616404,1.0883644819259644,9644700,0.0,0.0
1990-01-04,1.0883643867020414,1.0938198712298532,1.0692703054930142,1.0774534940719604,4694700,0.0,0.0
1990-01-05,1.071997947358704,1.071997947358704,1.0556315711502071,1.0638147592544556,4871000,0.0,0.0
1990-01-08,1.0529042325921663,1.0529042325921663,1.0365378507048908,1.041993260383606,5593700,0.0,0.0
1990-01-09,1.0501766267242034,1.0556320369170507,1.0228992700576782,1.0228992700576782,6692500,0.0,0.0
1990-01-10,1.0228988165496664,1.0228988165496664,1.0038047364890257,1.0119879245758057,4021500,0.0,0.0
1990-01-11,1.014716078342835,1.0256269751541018,1.0038051815315683,1.0228992700576782,8431700,0.0,0.0
1990-01-12,1.017443332349967,1.0419928966103074,1.0092601442631868,1.0119879245758057,10447100,0.0,0.0
1990-01-15,0.9928942322731018,1.0010774241855689,0.9901665271108041,0.9928942322731018,7121400,0.0,0.0
1990-01-16,0.9710723121792055,1.0038050755837593,0.9656168261365918,1.0010772943496704,14650800,0.0,0.0
1990-01-17,1.0092601442631868,1.0310820046364466,1.0065324403761062,1.0119879245758057,7535200,0.0,0.0
1990-01-18,1.0092605028411836,1.0147159889791513,0.9901664159966458,0.9983496069908142,5608000,0.0,0.0
1990-01-19,1.0038050755837593,1.0119882664348978,0.9983495895411456,1.0010772943496704,4638500,0.0,0.0
1990-01-22,1.0065330011712998,1.0065330011712998,0.9819834232330322,0.9819834232330322,4415200,0.0,0.0
1990-01-23,0.9819828770692237,0.9928937690536784,0.9737996889744982,0.9765273928642273,7097900,0.0,0.0
1990-01-24,0.9656171264536352,0.9710726141929628,0.943795251921913,0.9710726141929626,6712600,0.0,0.0
1990-01-25,0.9765277082994194,0.9792554894958069,0.9710722987577705,0.973800003528595,3956900,0.0,0.0
1990-01-26,0.960161525104932,0.9710724992925658,0.9492506273428771,0.957433819770813,10300200,0.0,0.0
1990-01-29,0.960161182386533,0.960161182386533,0.9001511514767474,0.9274284243583679,24763100,0.0,0.0
1990-01-30,0.943794943897817,0.943794943897817,0.8919680947783679,0.9110621809959412,30521400,0.0,0.0
1990-01-31,0.9165176135373341,0.9737999452770278,0.9137898325041193,0.94652259349823,10629300,0.0,0.0
1990-02-01,0.9601613802642325,0.9628890851868762,0.9437949978772355,0.9547058939933777,8390600,0.0,0.0
1990-02-02,0.9574332605841501,0.9737996358812786,0.954705480417606,0.9683441519737244,5282300,0.0,0.0
1990-02-05,0.9601613268233464,0.9792554894958069,0.9601613268233464,0.973800003528595,4518400,0.0,0.0
1990-02-06,0.9710724281461425,0.9738001332804139,0.9601614547579103,0.9656169414520264,9477600,0.0,0.0
1990-02-07,0.9601613268233464,0.9738000035285949,0.9465226501180979,0.973800003528595,7641000,0.0,0.0
1990-02-08,0.9765275973598126,0.9874385680546826,0.9765275973598126,0.9792553782463074,7447100,0.0,0.0
1990-02-09,0.9847111286398683,0.9983498085252107,0.9819834232330322,0.9819834232330322,4362300,0.0,0.0
1990-02-12,0.9819833251088015,0.9819833251088015,0.954705968063794,0.9656169414520264,3748700,0.0,0.0
1990-02-13,0.9656165820576009,0.9656165820576009,0.9519779086112976,0.9519779086112976,7368200,0.0,0.0
1990-02-14,0.9437949061393738,0.9437949061393738,0.938339420398798,0.9437949061393738,7797100,0.0,0.0
1990-02-15,0.9410673975944519,0.9410673975944519,0.9274287186135767,0.9410673975944519,6930000,0.0,0.0
1990-02-16,0.9383394032497023,0.9547057837467576,0.9383394032497023,0.94652259349823,4624200,0.0,0.0
1990-02-20,0.9356115615671087,0.9356115615671087,0.9110619944182431,0.919245183467865,6428100,0.0,0.0
1990-02-21,0.8810457633319143,0.919352114200592,0.8810457633319143,0.919352114200592,9595100,0.00442,0.0
1990-02-22,0.9138794888986929,0.9467134724126476,0.9111433491598288,0.9302964806556702,15371000,0.0,0.0
1990-02-23,0.9248243952804612,0.9302967530222491,0.9084073987170163,0.919352114200592,8778400,0.0,0.0
1990-02-26,0.9084073987170163,0.9248243952804612,0.9084073987170163,0.919352114200592,9262700,0.0,0.0
1990-02-27,0.9412413772162801,0.9439775943756104,0.9302967385647112,0.9439775943756104,17929500,0.0,0.0
1990-02-28,0.943977325298842,0.9631304566450473,0.943977325298842,0.9549219608306885,7012300,0.0,0.0
1990-03-01,0.9549214968239761,0.9576576352119446,0.9412406515604174,0.9576576352119446,6245900,0.0,0.0
1990-03-02,0.9631306624549558,0.9740753769874572,0.9631306624549558,0.9740753769874573,6642100,0.0,0.0
1990-03-05,0.974075209560065,0.9877559853813249,0.9686028532344217,0.9768113493919373,4127300,0.0,0.0
1990-03-06,0.9713384977314676,0.9740747128299037,0.9631300057598791,0.9686023592948914,8190800,0.0,0.0
1990-03-07,0.9713388379039566,0.9822835488069275,0.9549218482113869,0.9603942036628723,10960800,0.0,0.0
1990-03-08,0.9740750842830371,0.9740750842830371,0.9631303730393637,0.9713388681411743,8461100,0.0,0.0
1990-03-09,0.9686025429028787,0.9686025429028787,0.9576578337581786,0.9658663272857666,11536700,0.0,0.0
1990-03-12,0.9740751085876661,0.9877558829907801,0.9658665366191505,0.9850197434425354,4606600,0.0,0.0
1990-03-13,0.9768113493919371,0.9822837057175805,0.974075209560065,0.9768113493919373,7597400,0.0,0.0
1990-03-14,0.9713386062787968,0.9904918074607849,0.9713386062787968,0.9904918074607849,6198900,0.0,0.0
1990-03-15,0.995963948374316,1.0123809319009232,0.995963948374316,1.006908655166626,3622000,0.0,0.0
1990-03-16,1.0123817019580783,1.0178540595167227,0.993228565495697,0.9959647059440613,3439800,0.0,0.0
1990-03-19,0.9877557890586504,0.9987004995346068,0.9850196497706031,0.9987004995346069,4444600,0.0,0.0
1990-03-20,0.995963948374316,1.0151171469299296,0.995963948374316,1.006908655166626,3669000,0.0,0.0
1990-03-21,1.0041727493271453,1.015117459489383,1.0014366101175265,1.0096451044082642,5214300,0.0,0.0
1990-03-22,1.0096450585146248,1.0096450585146248,0.9795472219293966,0.9877557158470154,8337700,0.0,0.0
1990-03-23,0.9904920992009156,0.9959643782974048,0.9850197434425355,0.9850197434425354,3948500,0.0,0.0
1990-03-26,0.9795477099300441,0.9987009230543414,0.9795477099300441,0.9959647059440613,2097600,0.0,0.0
1990-03-27,1.001436301770471,1.0123809319009232,0.9932278100071674,1.006908655166626,5801900,0.0,0.0
1990-03-28,1.012381262485048,1.0178536176681519,1.0014366287807226,1.0178536176681519,3075500,0.0,0.0
1990-03-29,1.0205895900726318,1.026061944361061,1.0096449581576437,1.0205895900726318,5523200,0.0,0.0
1990-03-30,1.0233259007101356,1.0315343945751783,0.9959642033854079,1.0151174068450928,4771100,0.0,0.0
1990-04-02,1.00690891298005,1.0151174068450928,1.001436558182729,1.0151174068450928,3531300,0.0,0.0
1990-04-03,1.015117515342993,1.0370067835480934,1.0123812993209413,1.0342706441879272,4820600,0.0,0.0
1990-04-04,1.0233259441739408,1.0397429326013066,1.0233259441739408,1.028798222541809,5108500,0.0,0.0
1990-04-05,1.023325972851256,1.0260621121118665,1.0178536176681519,1.0178536176681519,4356400,0.0,0.0
1990-04-06,1.0205901999650868,1.0205901999650868,0.9904924250473329,0.9959647059440613,6383600,0.0,0.0
1990-04-09,0.9877554566110124,1.0096447935337747,0.9877554566110124,1.006908655166626,5278900,0.0,0.0
1990-04-10,1.001436465055935,1.0233258055477816,1.001436465055935,1.0205895900726318,4897000,0.0,0.0
1990-04-11,1.023325800895691,1.037006571561765,1.023325800895691,1.023325800895691,3428100,0.0,0.0
1990-04-12,1.0260618619153172,1.0452149853930293,1.015117230879748,1.0397427082061768,5317500,0.0,0.0
1990-04-16,1.0397427333239553,1.0561597186048375,1.0397427333239553,1.0452150106430054,12850300,0.0,0.0
1990-04-17,1.03427035435746,1.042478846799603,1.0287980005087434,1.0397427082061768,6260200,0.0,0.0
1990-04-18,1.0424789258253166,1.0424789258253166,1.023325800895691,1.023325800895691,1692200,0.0,0.0
1990-04-19,1.012380838394165,1.0178531912848758,1.009644700279735,1.012380838394165,4982600,0.0,0.0
1990-04-20,1.006908655166626,1.0151171469299296,1.0041724401376195,1.006908655166626,5255400,0.0,0.0
1990-04-23,1.0014362713794618,1.0041724096635758,0.990491641581151,0.9932277798652649,3874600,0.0,0.0
1990-04-24,0.9959646527286358,0.9987008696927172,0.9740753769874572,0.9740753769874573,3539700,0.0,0.0
1990-04-25,0.9822833145718952,0.9959640849454658,0.9795470991676865,0.9904918074607849,4430300,0.0,0.0
1990-04-26,1.006909185847257,1.006909185847257,0.9959644732866542,1.0014368295669556,4212900,0.0,0.0
1990-04-27,1.006908655166626,1.0123809319009232,1.006908655166626,1.006908655166626,2564300,0.0,0.0
1990-04-30,1.0123809319009232,1.0123809319009232,1.0041724401376195,1.006908655166626,4168400,0.0,0.0
1990-05-01,1.0151170531704459,1.0178531912848758,1.009644700279735,1.012380838394165,4855900,0.0,0.0
1990-05-02,1.0123810156244577,1.0452149853930293,1.0123810156244577,1.0397427082061768,4744200,0.0,0.0
1990-05-03,1.0424788512552234,1.05068734373245,1.034270358777997,1.0370064973831177,5296600,0.0,0.0
1990-05-04,1.0452154452311686,1.061632513999939,1.0424793054339891,1.061632513999939,6771400,0.0,0.0
1990-05-07,1.05615954031757,1.083521152279583,1.05615954031757,1.0725765228271484,6169500,0.0,0.0
1990-05-08,1.0616324127797312,1.0725770475868424,1.0506877013107294,1.069840908050537,4630100,0.0,0.0
1990-05-09,1.064368636411899,1.064368636411899,1.0534240007400513,1.0534240007400513,6554000,0.0,0.0
1990-05-10,1.0588956785152155,1.0753126610247938,1.0588956785152155,1.0725765228271484,6078000,0.0,0.0
1990-05-11,1.0944660431565534,1.0999383204756485,1.0862575505160446,1.097202181816101,8696100,0.0,0.0
1990-05-14,1.1026745251392578,1.1300361414558706,1.061632062333406,1.0671043395996094,20038900,0.0,0.0
1990-05-15,1.0506876887945669,1.0616324001331912,1.0479515492908555,1.0588961839675903,34038500,0.0,0.0
1990-05-16,1.0588958874950232,1.0862575815188926,1.0588958874950232,1.0835213661193848,22066100,0.0,0.0
1990-05-17,1.0889937202565323,1.0999383518689592,1.0780490886441054,1.0835213661193848,10194500,0.0,0.0
1990-05-18,1.0835217857011703,1.0862580021602475,1.061632513999939,1.061632513999939,5182400,0.0,0.0
1990-05-21,1.0616319362791284,1.0917296876551466,1.0616319362791284,1.0889935493469238,6334100,0.0,0.0
1990-05-22,1.0889940323733909,1.11909187376125,1.0889940323733909,1.1163556575775146,14662600,0.0,0.0
1990-05-23,1.1163550798667083,1.1272997856140137,1.1136189417608073,1.1272997856140137,8854800,0.0,0.0
1990-05-24,1.1300366234725656,1.1300366234725656,1.1163557711477643,1.1190919876098633,4130600,0.0,0.0
1990-05-25,1.1190915625194862,1.1190915625194862,1.1108830695750063,1.1136192083358765,2770000,0.0,0.0
1990-05-29,1.121827432740361,1.1272997856140137,1.121827432740361,1.1272997856140137,3880500,0.0,0.0
1990-05-30,1.1328932639072946,1.1356363204457907,1.1274070739746094,1.1274070739746094,5916900,0.00442,0.0
1990-05-31,1.130149899030066,1.130149899030066,1.1164344663681802,1.1246637105941772,5561000,0.0,0.0
1990-06-01,1.1301500797271729,1.1411223814976144,1.1274069466427992,1.1301500797271729,6042800,0.0,0.0
1990-06-04,1.1383790027081362,1.1575805445795546,1.1383790027081362,1.1548374891281128,7744300,0.0,0.0
1990-06-05,1.1603237390518188,1.1712960383010977,1.1603237390518188,1.1603237390518188,9180500,0.0,0.0
1990-06-06,1.1548374891281128,1.1575805445795546,1.1438651904666826,1.1548374891281128,5000300,0.0,0.0
1990-06-07,1.1575806523440244,1.1603237849064996,1.1438652969543273,1.1466083526611328,4459700,0.0,0.0
1990-06-08,1.149351350950112,1.1548375389453207,1.1411221073851319,1.1520944833755493,4356400,0.0,0.0
1990-06-11,1.1411224603652954,1.1466086500575317,1.1356362706730594,1.1411224603652954,6154400,0.0,0.0
1990-06-12,1.1356357661755512,1.1630666255950928,1.1356357661755512,1.1630666255950928,8933700,0.0,0.0
1990-06-13,1.1959836799488162,1.1959836799488162,1.1740390062332153,1.1740390062332153,11645800,0.0,0.0
1990-06-14,1.1850113111359522,1.1850113111359522,1.1630666387237396,1.1712958812713623,7059300,0.0,0.0
1990-06-15,1.1767820553048636,1.1767820553048636,1.1548373831403613,1.1630666255950928,3193000,0.0,0.0
1990-06-18,1.165809787789543,1.165809787789543,1.1520944336766707,1.1548374891281128,3836800,0.0,0.0
1990-06-19,1.157580361906482,1.157580361906482,1.1411218780837522,1.1493511199951172,3909900,0.0,0.0
1990-06-20,1.1466081007342837,1.1466081007342837,1.135635726606516,1.1383788585662842,5041400,0.0,0.0
1990-06-21,1.1466086500575317,1.1466086500575317,1.132893214254786,1.1411224603652954,5737200,0.0,0.0
1990-06-22,1.1383793435700629,1.1466085892441125,1.1328931541688014,1.1356362104415894,5699500,0.0,0.0
1990-06-25,1.1356356852831888,1.1383788171431406,1.1082049046732223,1.1136910915374756,1786200,0.0,0.0
1990-06-26,1.119177032671146,1.127406273297974,1.110947792044318,1.1164339780807495,4556200,0.0,0.0
1990-06-27,1.1109485810322468,1.1274070739746094,1.1054624679552545,1.1274070739746094,4101300,0.0,0.0
1990-06-28,1.1383790027081362,1.1548374891281128,1.1356358704010316,1.1548374891281128,5846400,0.0,0.0
1990-06-29,1.157580034138526,1.1712954590591715,1.1520939256547706,1.1658092737197876,5361200,0.0,0.0
1990-07-02,1.1658098247535158,1.1822683116953365,1.1658098247535158,1.1795252561569214,7511700,0.0,0.0
1990-07-03,1.1740391178942249,1.1795253060588229,1.168553006585295,1.176782250404358,6977000,0.0,0.0
1990-07-05,1.1822681790496405,1.1822681790496405,1.1685528260407068,1.1712958812713623,3654700,0.0,0.0
1990-07-06,1.171296012686011,1.1795252561569214,1.171296012686011,1.1795252561569214,5217700,0.0,0.0
1990-07-09,1.1767824989421176,1.1850117444992065,1.1767824989421176,1.1850117444992065,5182400,0.0,0.0
1990-07-10,1.1850108839798172,1.1850108839798172,1.1658092737197876,1.1658092737197876,5049800,0.0,0.0
1990-07-11,1.174038900405585,1.1822681427001953,1.174038900405585,1.1822681427001953,6465800,0.0,0.0
1990-07-12,1.185011782284653,1.209699519743116,1.1822686491076992,1.206956386566162,8149700,0.0,0.0
1990-07-13,1.2179288864135742,1.2206719430070254,1.2151857529644285,1.2179288864135742,9603500,0.0,0.0
1990-07-16,1.2234144139074874,1.2289006013236468,1.2179283033469859,1.226157546043396,6428100,0.0,0.0
1990-07-17,1.2316435006595612,1.2398727418005153,1.2234141826629639,1.2234141826629639,7985200,0.0,0.0
1990-07-18,1.2234145783131467,1.2234145783131467,1.2069560907085919,1.2124422788619995,3339900,0.0,0.0
1990-07-19,1.2069564966693733,1.2096996300965661,1.1822687569587997,1.1987272500991821,3921600,0.0,0.0
1990-07-20,1.1932409900562952,1.2042132918471855,1.1850117444992065,1.1850117444992065,5975600,0.0,0.0
1990-07-23,1.0533435908423712,1.1136914343587392,1.0506005349936902,1.0944898128509521,57062400,0.0,0.0
1990-07-24,1.0944897464042236,1.0944897464042236,0.9875095756767039,1.0560866594314575,78042300,0.0,0.0
1990-07-25,1.0533434010767726,1.075288074479787,0.9984817559970667,1.0094541311264038,43283600,0.0,0.0
1990-07-26,1.0176830660876683,1.0451138418989496,1.0121968801831573,1.0313984155654907,30806800,0.0,0.0
1990-07-27,1.025912819622219,1.047857420504481,1.0094543305326849,1.020426630973816,31091300,0.0,0.0
1990-07-30,0.9875096101761669,1.012197342745004,0.9820234217645348,0.9929957985877991,17189200,0.0,0.0
1990-07-31,0.9929953924459513,0.9929953924459513,0.905216798040236,0.9299045205116272,68343900,0.0,0.0
1990-08-01,0.9491063647477354,1.0094542016055388,0.9491063647477354,0.9765372276306152,31523600,0.0,0.0
1990-08-02,0.9491064523591117,0.990252673625946,0.9491064523591117,0.990252673625946,10870200,0.0,0.0
1990-08-03,0.9847664026900159,0.9847664026900159,0.9271616253813608,0.9600785970687866,18737900,0.0,0.0
1990-08-06,0.9216753017444101,0.9216753017444101,0.8997306334039141,0.9024736881256104,11078400,0.0,0.0
1990-08-07,0.9107035452305458,0.9161897352409472,0.8558418756936136,0.8668142557144165,17101000,0.0,0.0
1990-08-08,0.8613278722642018,0.9052172287792108,0.8448693827849927,0.8997310400009155,27260300,0.0,0.0
1990-08-09,0.8915015113302184,0.951849261248823,0.8915015113302184,0.9463631510734558,16225600,0.0,0.0
1990-08-10,0.9545923540139803,0.9545923540139803,0.93813387045206,0.9518492221832275,11164000,0.0,0.0
1990-08-13,0.9381338873660146,0.9710508550833273,0.9326477004612456,0.9655646681785583,6342500,0.0,0.0
1990-08-14,0.9710512848487671,0.9792805304201742,0.9628220392773601,0.9737943410873413,13657800,0.0,0.0
1990-08-15,0.9792805304201742,0.984766719753007,0.9655650955159343,0.9737943410873413,14054900,0.0,0.0
1990-08-16,0.9710509571840149,0.9710509571840149,0.9161893129348755,0.9161893129348755,19360700,0.0,0.0
1990-08-17,0.8997309688084555,0.8997309688084555,0.8503555042777301,0.8915017247200012,20726400,0.0,0.0
1990-08-20,0.8805296154568789,0.8860158054672804,0.85309881911626,0.8668142557144165,10288500,0.0,0.0
1990-08-21,0.8668138118775955,0.8668138118775955,0.8448691399280686,0.850355327129364,9938400,0.0,0.0
1990-08-22,0.8613276044293253,0.8668137915016586,0.8284106357066318,0.8311536908149719,10547000,0.0,0.0
1990-08-23,0.768063032619128,0.8174385769679172,0.7625769208014544,0.7900077104568481,22553800,0.0,0.0
1990-08-24,0.8009795919567656,0.8558412194252014,0.7954934830088666,0.8558412194252014,21182200,0.0,0.0
1990-08-27,0.8997308512155225,0.8997308512155225,0.8832723651897036,0.896987795829773,14760000,0.0,0.0
1990-08-28,0.8860872938136322,0.9025982319088767,0.8805836220816858,0.8998464345932007,9512900,0.00442,0.0
1990-08-29,0.8998470447881124,0.9328689433710674,0.8970951685057683,0.9163579940795898,16760200,0.0,0.0
1990-08-30,0.9356198468001097,0.9438753135421509,0.9163571167688711,0.9301161766052246,7374100,0.0,0.0
1990-08-31,0.9301167935256425,0.9411241412162782,0.910854050717966,0.9411241412162781,5978200,0.0,0.0
1990-09-04,0.935619935319215,0.9466271996498108,0.927364467796123,0.9466271996498108,3739500,0.0,0.0
1990-09-05,0.9411237113551737,0.9548827740330387,0.9301163686921751,0.9383718371391296,5781700,0.0,0.0
1990-09-06,0.9383719862658465,0.9411238609192204,0.9218610467480076,0.9356201887130737,5378800,0.0,0.0
1990-09-07,0.9301161303343843,0.9411234701765683,0.9246125375138614,0.9328680038452148,5035500,0.0,0.0
1990-09-10,0.930116264603627,0.9631381346959947,0.930116264603627,0.9466271996498108,11712900,0.0,0.0
1990-09-11,0.9521307805877559,0.9631380438804626,0.9411235172950492,0.9631380438804626,9961900,0.0,0.0
1990-09-12,0.9686418771743776,0.9741455482977105,0.9576346120282975,0.9686418771743774,4277500,0.0,0.0
1990-09-13,0.9658902163268506,0.9713938111254525,0.9576347470283508,0.9576347470283508,3672300,0.0,0.0
1990-09-14,0.9576350856516076,0.9576350856516076,0.9356204673709603,0.9411241412162781,5508100,0.0,0.0
1990-09-17,0.9466275113639091,0.9466275113639091,0.9136056303977966,0.9136056303977966,4583100,0.0,0.0
1990-09-18,0.9081021720238156,0.9081021720238156,0.8695766127154315,0.8805838823318481,11128700,0.0,0.0
1990-09-19,0.8805836792450293,0.8915910234234669,0.8475618009109156,0.8640727400779724,9468400,0.0,0.0
1990-09-20,0.8585687258904904,0.8695760656830335,0.8365542005065417,0.8530651330947876,7761900,0.0,0.0
1990-09-21,0.8805836792450293,0.8805836792450293,0.8613209425836628,0.8640727400779724,8966400,0.0,0.0
1990-09-24,0.8530653582666002,0.8530653582666002,0.8200434843737832,0.844809889793396,7462200,0.0,0.0
1990-09-25,0.8585691722426767,0.8970947273440716,0.8448101059997997,0.8915911316871643,8498900,0.0,0.0
1990-09-26,0.9025984986652986,0.9081021720238156,0.8640729393569145,0.8805838823318481,7517600,0.0,0.0
1990-09-27,0.8860873031173345,0.8970945695962064,0.8585690212692622,0.8723281621932983,6160300,0.0,0.0
1990-09-28,0.8585686888751595,0.9301160860398032,0.8585686888751595,0.9273642897605896,12791600,0.0,0.0
1990-10-01,0.9521313324412553,0.9741459488868713,0.938372187525168,0.9741459488868713,13693100,0.0,0.0
1990-10-02,0.9851532789634128,1.0126715704828537,0.9796496823400225,0.996160626411438,14953900,0.0,0.0
1990-10-03,0.9879049358099955,1.0044158762285031,0.9879049358099955,0.9906567335128784,11357900,0.0,0.0
1990-10-04,0.9851530610065073,1.0044158762285031,0.9851530610065073,0.9906567335128784,6522100,0.0,0.0
1990-10-05,0.9796496223357304,1.0099196332121827,0.9713940737050589,1.001664161682129,7914700,0.0,0.0
1990-10-08,1.0016636526251719,1.0181745872942332,1.0016636526251719,1.0126709938049316,3704200,0.0,0.0
1990-10-09,1.0016645798899761,1.0016645798899761,0.9631390042979289,0.9713944792747498,14442700,0.0,0.0
1990-10-10,0.9713940002960686,0.9713940002960686,0.943875789642334,0.943875789642334,9227500,0.0,0.0
1990-10-11,0.9438754531193266,0.9438754531193266,0.8915908483882488,0.9053499102592468,11228600,0.0,0.0
1990-10-12,0.9163577041264229,0.9521313905715942,0.8888394126141782,0.9521313905715942,12030200,0.0,0.0
1990-10-15,0.9576348547447588,0.9576348547447588,0.9246129738364024,0.9493793845176697,4536100,0.0,0.0
1990-10-16,0.9438755242365655,0.9741456014145419,0.8035324811935425,0.8035324811935425,43089700,0.0,0.0
1990-10-17,0.7374890430177055,0.7897737508020939,0.7374890430177055,0.7870218753814697,117612500,0.0,0.0
1990-10-18,0.7925253273512384,0.858569085355358,0.7925253273512384,0.8172917366027832,59547800,0.0,0.0
1990-10-19,0.8365544326335286,0.8365544326335286,0.7595033411078779,0.8035324811935425,22089600,0.0,0.0
1990-10-22,0.8090361952781677,0.8282990077256206,0.7787661165040233,0.8090361952781677,10376600,0.0,0.0
1990-10-23,0.814539862503442,0.833802597744157,0.814539862503442,0.8227953314781189,13652000,0.0,0.0
1990-10-24,0.8200437319018336,0.8227955298566616,0.8117882609367371,0.8117882609367371,4988500,0.0,0.0
1990-10-25,0.8117882307196841,0.8145400285720824,0.8090363557666762,0.8145400285720825,4761900,0.0,0.0
1990-10-26,0.8062842975250157,0.809036094488722,0.7842696905136108,0.7842696905136108,4955800,0.0,0.0
1990-10-29,0.7815179467399023,0.7815179467399023,0.7264814640159073,0.7429924011230469,17339400,0.0,0.0
1990-10-30,0.742992598320304,0.7539998669463002,0.7209779839677013,0.7374889254570007,16354800,0.0,0.0
1990-10-31,0.7429924917704616,0.7815180420875549,0.7429924917704616,0.7815180420875549,14697800,0.0,0.0
1990-11-01,0.7870214874773173,0.8035324234607247,0.7760142225219071,0.7842696905136108,8916100,0.0,0.0
1990-11-02,0.7870217709408351,0.8117882609367371,0.7870217709408351,0.8117882609367371,9589300,0.0,0.0
1990-11-05,0.8365543484687805,0.8448098162230566,0.8310506775990689,0.8365543484687805,14383900,0.0,0.0
1990-11-06,0.8255470522166805,0.8338025204258297,0.8227952551804929,0.8282989263534546,5026300,0.0,0.0
1990-11-07,0.8282990810038705,0.8282990810038705,0.814539939052812,0.8172917366027832,8786800,0.0,0.0
1990-11-08,0.8145398165750711,0.842058019238831,0.8062843480658842,0.8310507535934448,7123900,0.0,0.0
1990-11-09,0.8365547267655643,0.8805838823318481,0.8338028515359973,0.8805838823318481,7200300,0.0,0.0
1990-11-12,0.8943425992369691,0.9246126725737264,0.8915908024247476,0.9081017374992371,24807600,0.0,0.0
1990-11-13,0.9108538326841558,0.9411239159366274,0.9081020349705149,0.9136056303977966,10852600,0.0,0.0
1990-11-14,0.924613356590271,0.9411243038793375,0.9136060069971351,0.924613356590271,10408500,0.0,0.0
1990-11-15,0.9191094535663281,0.9191094535663281,0.9025985103771533,0.9108539819717407,6457500,0.0,0.0
1990-11-16,0.9191094332233071,0.9356203760470385,0.9081021637076917,0.9218612313270569,6177900,0.0,0.0
1990-11-19,0.9218608461849118,0.9246127202395789,0.902598113305164,0.9053499102592468,4882700,0.0,0.0
1990-11-20,0.8998464644262832,0.9053500592400986,0.8943427925118708,0.9025982618331909,5446800,0.0,0.0
1990-11-21,0.9025983274742444,0.9025983274742444,0.8805837153161891,0.8888391852378845,8381400,0.0,0.0
1990-11-23,0.8833355840005858,0.9025984001015877,0.8805837861721322,0.8915911316871643,2297400,0.0,0.0
1990-11-26,0.883335680460798,0.8860875556903651,0.8695766127154315,0.8805838823318481,8164000,0.0,0.0
1990-11-27,0.8860871637911597,0.902598099463626,0.8860871637911597,0.8970944285392761,5247000,0.0,0.0
1990-11-28,0.9025983951794855,0.9025983951794855,0.8750801086425782,0.8750801086425781,5478700,0.0,0.0
1990-11-29,0.8778318166732788,0.883335411253893,0.8640726760205558,0.8778318166732788,3431400,0.0,0.0
1990-11-30,0.8750799503497396,0.9025982319088767,0.8750799503497396,0.8998464345932007,9303900,0.0,0.0
1990-12-03,0.934691325500347,0.934691325500347,0.9015070272553433,0.9042724370956421,13546200,0.00681,0.0
1990-12-04,0.907037580821771,0.9374565403801434,0.9015068397712105,0.9346911311149597,6334100,0.0,0.0
1990-12-05,0.937456852344215,0.9899986386299134,0.937456852344215,0.9899986386299133,15867100,0.0,0.0
1990-12-06,1.0176526187000863,1.0287140307316627,0.9844683051254983,0.9872336387634277,20142200,0.0,0.0
1990-12-07,0.9955293815209779,0.9955293815209779,0.978937230327617,0.9899986386299133,7458900,0.0,0.0
1990-12-10,0.9872334331425939,0.9955295098083353,0.9734066128730774,0.9734066128730774,5153000,0.0,0.0
1990-12-11,0.9899985173235397,1.0010600017502842,0.9844678525899906,0.9982945919036865,7218000,0.0,0.0
1990-12-12,1.0010603312432962,1.0121217418310147,0.9982949204864802,1.0038256645202637,7556200,0.0,0.0
1990-12-13,1.0093564926063634,1.0093564926063634,1.0010604146047717,1.0065910816192627,5349400,0.0,0.0
1990-12-14,1.0065909177026926,1.0065909177026926,0.992764174938202,0.9927641749382019,5646600,0.0,0.0
1990-12-17,0.992764048815362,0.992764048815362,0.9844679732186815,0.9899986386299133,3522100,0.0,0.0
1990-12-18,0.9899991001481772,1.0176527500152588,0.9872337661534164,1.0176527500152588,9879700,0.0,0.0
1990-12-19,1.0259487032851595,1.0287140369397774,1.0148872137069702,1.0148872137069702,10576400,0.0,0.0
1990-12-20,1.0038254204800297,1.0397750542602773,1.0010600878753428,1.02041757106781,16840000,0.0,0.0
1990-12-21,1.0204180840100194,1.02318341800478,1.0148873385406294,1.0176527500152588,5619700,0.0,0.0
1990-12-24,1.0176526248414473,1.0176526248414473,1.0148872137069702,1.0148872137069702,437300,0.0,0.0
1990-12-26,1.0176524210803743,1.0176524210803743,1.006590933716989,1.0121216773986816,3316400,0.0,0.0
1990-12-27,1.0148870104996062,1.0148870104996062,1.0093563442977571,1.0121216773986816,846100,0.0,0.0
1990-12-28,1.0065911352632577,1.0148872137069702,1.0010604679540223,1.0148872137069702,1735800,0.0,0.0
1990-12-31,1.0176522039357927,1.0231828689575195,1.014886793945102,1.0231828689575195,5361200,0.0,0.0
1991-01-02,1.023182628228933,1.0784898077926333,1.023182628228933,1.0563669204711914,37493400,0.0,0.0
1991-01-03,1.0563670740530662,1.0563670740530662,1.039774925519657,1.0536017417907715,9841900,0.0,0.0
1991-01-04,1.059132785814516,1.070194195497756,1.0508367091821254,1.0646635293960571,11119500,0.0,0.0
1991-01-07,1.028713830963916,1.0314791640648406,0.9651105498039025,1.0121216773986816,57953000,0.0,0.0
1991-01-08,1.0065909177026926,1.0093563282394646,0.9872334313445003,0.9927641749382019,24784100,0.0,0.0
1991-01-09,0.995529753306959,1.0065911657401998,0.9789375959171672,0.9844683408737183,17674400,0.0,0.0
1991-01-10,0.9872335921088338,1.0065910816192627,0.9872335921088338,1.0065910816192627,10784600,0.0,0.0
1991-01-11,0.9982950568195453,1.0148872137069702,0.9955297231649276,1.0148872137069702,10482400,0.0,0.0
1991-01-14,1.0010605758409377,1.0010605758409377,0.9872337511179775,0.99552983045578,6240000,0.0,0.0
1991-01-15,0.9899988431757292,1.0065909977972312,0.9899988431757292,1.0038256645202637,5799400,0.0,0.0
1991-01-16,1.0038256645202637,1.0065909977972312,0.9927642539325453,1.0038256645202637,6580800,0.0,0.0
1991-01-17,1.028713724395289,1.0397751331329346,1.0176523156576434,1.0397751331329346,12570800,0.0,0.0
1991-01-18,1.0370094424898102,1.0563669204711914,1.0287133694292456,1.0563669204711914,6183800,0.0,0.0
1991-01-21,1.053602164132451,1.053602164132451,1.034244675577201,1.0453060865402222,8273100,0.0,0.0
1991-01-22,1.0453058762416751,1.050836619350416,1.0342444675040297,1.0397751331329346,5758200,0.0,0.0
1991-01-23,1.042540335261772,1.0536017417907715,1.039774925519657,1.0536017417907715,3851100,0.0,0.0
1991-01-24,1.0563672214355107,1.0591326315634506,1.0453058133632436,1.0480711460113525,11237000,0.0,0.0
1991-01-25,1.053602070676497,1.0618981475328524,1.0508367375509933,1.0591328144073486,20230300,0.0,0.0
1991-01-28,1.0618982121842397,1.0674289562518189,1.0508368015289307,1.0508368015289307,7844100,0.0,0.0
1991-01-29,1.0536018887874017,1.0536018887874017,1.0453058133632436,1.0480711460113525,6401200,0.0,0.0
1991-01-30,1.0453058694825585,1.078490172960756,1.0453058694825585,1.0757248401641846,9468400,0.0,0.0
1991-01-31,1.075724932425465,1.075724932425465,1.056367368749727,1.061898112297058,7470600,0.0,0.0
1991-02-01,1.0674289562518189,1.070194289545684,1.0425407241674867,1.0508368015289307,20588800,0.0,0.0
1991-02-04,1.050836171919612,1.0701936483383179,1.0370093587749347,1.0701936483383179,28538700,0.0,0.0
1991-02-05,1.0812555246827793,1.1503894606918617,1.078490114556131,1.144858717918396,49785600,0.0,0.0
1991-02-06,1.1448585789040593,1.1669814698318215,1.1255010977671558,1.153154730796814,22568900,0.0,0.0
1991-02-07,1.1448591901256369,1.1531553464475734,1.114440286024608,1.1172056198120117,15094900,0.0,0.0
1991-02-08,1.1116747349798815,1.1503897905349731,1.1116747349798815,1.1503897905349731,13649400,0.0,0.0
1991-02-11,1.144858774321338,1.1808084879002279,1.142093441538283,1.172512412071228,11266400,0.0,0.0
1991-02-12,1.161450895578766,1.1752776356895906,1.1365625929236605,1.1393280029296875,8081700,0.0,0.0
1991-02-13,1.1420938667494653,1.1503899456671653,1.1227363751014527,1.1476246118545532,10500000,0.0,0.0
1991-02-14,1.153155201454528,1.15592053489423,1.1365629683767575,1.1503897905349731,12517900,0.0,0.0
1991-02-15,1.1559202034653275,1.1559202034653275,1.1393280526247611,1.144858717918396,12888100,0.0,0.0
1991-02-19,1.1503897905349731,1.153155201454528,1.1448590461757162,1.1503897905349731,4585600,0.0,0.0
1991-02-20,1.1492806050655913,1.1492806050655913,1.1048640012741089,1.1048640012741089,12324000,0.00681,0.0
1991-02-21,1.1131916549820595,1.1298478841781616,1.1131916549820595,1.1298478841781616,13140800,0.0,0.0
1991-02-22,1.1215208117077555,1.143729163865119,1.110416674518638,1.1159687042236328,38562800,0.0,0.0
1991-02-25,1.1326245739649927,1.1409526935447616,1.1242964543852236,1.138176679611206,5884100,0.0,0.0
1991-02-26,1.1326246801218756,1.138176786288468,1.1215205455678,1.1354007720947266,9119200,0.0,0.0
1991-02-27,1.140952799164855,1.1603851318359375,1.140952799164855,1.1603851318359375,9918300,0.0,0.0
1991-02-28,1.160384641290003,1.163160654306996,1.152056524459948,1.1576086282730103,13652000,0.0,0.0
1991-03-01,1.1548331564769998,1.163161277770996,1.1492810496879629,1.163161277770996,6510300,0.0,0.0
1991-03-04,1.163161066627139,1.1881454259738196,1.163161066627139,1.1770412921905518,14862400,0.0,0.0
1991-03-05,1.1714889623086473,1.1825931717468325,1.1631608441195531,1.1798170804977417,19554600,0.0,0.0
1991-03-06,1.1853698028892958,1.1881458178058233,1.1603854353031595,1.1659375429153442,8525700,0.0,0.0
1991-03-07,1.163160654306996,1.1714887711370507,1.152056524459948,1.1576086282730103,8822000,0.0,0.0
1991-03-08,1.1603850650155758,1.1603850650155758,1.1520569451444294,1.1548329591751099,7312000,0.0,0.0
1991-03-11,1.1548328269528931,1.1576089184448308,1.146504708035272,1.1520568132400513,5899300,0.0,0.0
1991-03-12,1.1492803456923975,1.1492803456923975,1.1381762166953135,1.140952229499817,2523200,0.0,0.0
1991-03-13,1.14372869432243,1.1520568132400513,1.1381765891176507,1.1520568132400513,6965300,0.0,0.0
1991-03-14,1.1576093438997221,1.1576093438997221,1.1465051294090434,1.1492811441421509,4615000,0.0,0.0
1991-03-15,1.152057212494409,1.152057212494409,1.1437290906906128,1.1437290906906128,3116600,0.0,0.0
1991-03-18,1.138176786288468,1.138176786288468,1.1270726517343923,1.1354007720947266,7985200,0.0,0.0
1991-03-19,1.129848347701416,1.129848347701416,1.1159681250839146,1.1270723342895508,5358700,0.0,0.0
1991-03-20,1.1298487310152983,1.1437289583418226,1.1298487310152983,1.1326247453689575,8663400,0.0,0.0
1991-03-21,1.1298483554903966,1.1326243689213993,1.0882077651299171,1.1048640012741089,27293000,0.0,0.0
1991-03-22,1.099312146608951,1.099312146608951,1.0715517726491448,1.082655906677246,40331400,0.0,0.0
1991-03-25,1.0909842087463264,1.1187446651189157,1.0909842087463264,1.1131925582885742,6565700,0.0,0.0
1991-03-26,1.118743971505649,1.140952229499817,1.1159678809220752,1.140952229499817,6477600,0.0,0.0
1991-03-27,1.1465049726954821,1.154833093535574,1.127072716661639,1.1326247453689575,18570000,0.0,0.0
1991-03-28,1.129848560031437,1.1409526935447616,1.129848560031437,1.138176679611206,7617500,0.0,0.0
1991-04-01,1.1381759987762126,1.1381759987762126,1.1242957818531092,1.1298478841781616,7180200,0.0,0.0
1991-04-02,1.1270726517343923,1.138176786288468,1.1242965597615415,1.1354007720947266,7723300,0.0,0.0
1991-04-03,1.1603849321576725,1.165937037362452,1.1492807217481136,1.1520568132400513,13314500,0.0,0.0
1991-04-04,1.1576090509848953,1.171489198917403,1.1548329591751099,1.1548329591751099,8240300,0.0,0.0
1991-04-05,1.163161146026474,1.168713252186656,1.152057011485219,1.1603851318359375,9809200,0.0,0.0
1991-04-08,1.1603850650155758,1.1603850650155758,1.1465048393039634,1.1548329591751099,6054500,0.0,0.0
1991-04-09,1.1548322279723147,1.1548322279723147,1.1270718719051631,1.1298478841781616,14621500,0.0,0.0
1991-04-10,1.140952229499817,1.1548324490804747,1.1354002038908102,1.140952229499817,11895100,0.0,0.0
1991-04-11,1.1381767849743187,1.1603851318359375,1.1381767849743187,1.1603851318359375,9565800,0.0,0.0
1991-04-12,1.1881449306251732,1.1881449306251732,1.1659366723174667,1.1742647886276245,10247300,0.0,0.0
1991-04-15,1.171489186409366,1.1825933979717378,1.163161066627139,1.1770412921905518,5613900,0.0,0.0
1991-04-16,1.1770411630869828,1.199249505996704,1.1770411630869828,1.199249505996704,11172400,0.0,0.0
1991-04-17,1.2048015333898128,1.2075776248654626,1.1936974008244998,1.199249505996704,10014800,0.0,0.0
1991-04-18,1.1992492811278643,1.2048013074799238,1.1936971769967242,1.202025294303894,9433100,0.0,0.0
1991-04-19,1.1936977980676324,1.196473812687999,1.1853696764274109,1.1909217834472656,6428100,0.0,0.0
1991-04-22,1.18814486028031,1.18814486028031,1.1548323970119636,1.1687126159667969,6410400,0.0,0.0
1991-04-23,1.1714886980048576,1.1798168143150154,1.168712685161162,1.1742647886276245,4944000,0.0,0.0
1991-04-24,1.1798170294703172,1.196473265128119,1.1742650027704407,1.1853691339492798,3490200,0.0,0.0
1991-04-25,1.1881451472992182,1.1909212384282422,1.1714889116414164,1.1853691339492798,5893400,0.0,0.0
1991-04-26,1.1798170804977417,1.1853691852168342,1.1770410670277398,1.1798170804977417,3202300,0.0,0.0
1991-04-29,1.1853686740915204,1.1853686740915204,1.1270718719051631,1.1298478841781616,11663400,0.0,0.0
1991-04-30,1.1270724564871877,1.1603849321576725,1.1270724564871877,1.1520568132400513,15570800,0.0,0.0
1991-05-01,1.1631606543224056,1.202025225456202,1.160384641305376,1.1964731216430664,7811400,0.0,0.0
1991-05-02,1.2159056926430385,1.2381139568404944,1.2103535877041285,1.2214577198028564,9280400,0.0,0.0
1991-05-03,1.2159059448387768,1.2186819589944695,1.1964736124116027,1.2075778245925903,3742800,0.0,0.0
1991-05-06,1.2048014402389526,1.2075775314999653,1.1992494132751064,1.2048014402389526,1633400,0.0,0.0
1991-05-07,1.2075780869451151,1.215906209000629,1.204801994407194,1.2131301164627075,2115200,0.0,0.0
1991-05-08,1.213129469531875,1.2214575871462174,1.2020253386391135,1.2186815738677979,3187200,0.0,0.0
1991-05-09,1.2214577358911443,1.2353379595316951,1.2186817222746713,1.2325619459152222,3243400,0.0,0.0
1991-05-10,1.2381138223749018,1.2381138223749018,1.2159055605893785,1.2186815738677979,4738400,0.0,0.0
1991-05-13,1.2242341041564941,1.2325622246684733,1.215905983644515,1.2242341041564941,3742800,0.0,0.0
1991-05-14,1.2214579328983217,1.2242340247416397,1.2131298129265795,1.2159059047698975,3269400,0.0,0.0
1991-05-15,1.2103536910043664,1.2103536910043664,1.1909214387283322,1.193697452545166,6104900,0.0,0.0
1991-05-16,1.1992492124391723,1.1992492124391723,1.1936971086260368,1.1964731216430664,7012300,0.0,0.0
1991-05-17,1.1936974008244998,1.2159057437342211,1.1881452956522958,1.199249505996704,7115500,0.0,0.0
1991-05-20,1.193697452545166,1.1992495579579325,1.1909214387283322,1.193697452545166,4665300,0.0,0.0
1991-05-21,1.1936974008244998,1.2020255196932583,1.1936974008244998,1.199249505996704,2074100,0.0,0.0
1991-05-22,1.202025294303894,1.2075773984350342,1.1936971769967242,1.202025294303894,6859500,0.0,0.0
1991-05-23,1.2048012384732316,1.2075773292693375,1.1964731216430664,1.1964731216430664,9104100,0.0,0.0
1991-05-24,1.1964731216430664,1.202025225456202,1.190921095609007,1.1964731216430664,7650200,0.0,0.0
1991-05-28,1.1992492124391723,1.1992492124391723,1.190921095609007,1.1964731216430664,9215700,0.0,0.0
1991-05-29,1.1925744587935347,1.2009336231895231,1.1842152943975461,1.1953608989715576,3604300,0.00681,0.0
1991-05-30,1.1953605275195056,1.2120788511163507,1.192574088207354,1.2092924118041992,8716300,0.0,0.0
1991-05-31,1.203719973564148,1.2065063354652545,1.1981471716929006,1.203719973564148,5472800,0.0,0.0
1991-06-03,1.18978771337685,1.1953605138684957,1.1814285516738892,1.1814285516738892,6228300,0.0,0.0
1991-06-04,1.175855819039019,1.1953605828508602,1.175855819039019,1.192574143409729,11854000,0.0,0.0
1991-06-05,1.189787782037617,1.200933305595084,1.1870014206655053,1.192574143409729,14854000,0.0,0.0
1991-06-06,1.1925741748061853,1.206506138171565,1.189787813360718,1.2009333372116089,3716000,0.0,0.0
1991-06-07,1.1953608157811604,1.198147177696228,1.1897880138819905,1.198147177696228,2720400,0.0,0.0
1991-06-10,1.1981469757661416,1.2009333372116089,1.1925741748061853,1.2009333372116089,2503000,0.0,0.0
1991-06-11,1.2009332500057768,1.2148652123594863,1.2009332500057768,1.2092924118041992,3116600,0.0,0.0
1991-06-12,1.1981469757661416,1.206506138171565,1.195360614320674,1.2009333372116089,5446800,0.0,0.0
1991-06-13,1.2037199795953981,1.2065063415104658,1.1870016519669226,1.198147177696228,6016800,0.0,0.0
1991-06-14,1.198146378792588,1.206505537033081,1.198146378792588,1.206505537033081,4107100,0.0,0.0
1991-06-17,1.2009335335940072,1.2065063354652545,1.1981471716929006,1.203719973564148,6342500,0.0,0.0
1991-06-18,1.2037197128989463,1.2037197128989463,1.1842149496078491,1.1842149496078491,6598500,0.0,0.0
1991-06-19,1.181428159169952,1.181428159169952,1.170282639958533,1.1730690002441406,4244800,0.0,0.0
1991-06-20,1.1702828739335787,1.1842147562160108,1.1674964350218886,1.1786420345306396,7159200,0.0,0.0
1991-06-21,1.1730691567300857,1.1842146774283029,1.1730691567300857,1.1758555173873901,7139000,0.0,0.0
1991-06-24,1.1758557417728872,1.1758557417728872,1.1424190952286077,1.1479918956756592,10658700,0.0,0.0
1991-06-25,1.145205374352623,1.1619237744957425,1.145205374352623,1.1507781744003296,5108500,0.0,0.0
1991-06-26,1.1479918092614094,1.1563509702682495,1.1424190092338466,1.1563509702682495,2958000,0.0,0.0
1991-06-27,1.1591380680539527,1.173070037944216,1.1591380680539527,1.1702836751937866,7291800,0.0,0.0
1991-06-28,1.1702836751937866,1.173070037944216,1.1647108716238697,1.1702836751937866,4071900,0.0,0.0
1991-07-01,1.1814283167709985,1.1842146774283029,1.1702827960727813,1.1758555173873901,8592900,0.0,0.0
1991-07-02,1.1758553605297482,1.1758553605297482,1.1647098413183292,1.1730690002441406,18632100,0.0,0.0
1991-07-03,1.167497234374299,1.173070037944216,1.1647108716238697,1.1702836751937866,4573800,0.0,0.0
1991-07-05,1.1702827960727813,1.178641956113694,1.1674963573464774,1.1758555173873901,2932000,0.0,0.0
1991-07-08,1.1730695940662292,1.2120790481567383,1.1730695940662292,1.2120790481567383,11058200,0.0,0.0
1991-07-09,1.2120793576281985,1.2232248853273244,1.2120793576281985,1.2176520824432373,18978800,0.0,0.0
1991-07-10,1.223224788275366,1.2427294797185755,1.217651985833431,1.2315839529037476,21995600,0.0,0.0
1991-07-11,1.2371564841612734,1.2650203341251152,1.2343700445165715,1.2622339725494385,27089900,0.0,0.0
1991-07-12,1.2733790362980468,1.2928837944793454,1.262233515958017,1.2900973558425903,18391200,0.0,0.0
1991-07-15,1.284525275460508,1.3235346551439688,1.284525275460508,1.3179619312286377,15073900,0.0,0.0
1991-07-16,1.3151749297732274,1.3374661281949123,1.3151749297732274,1.3263205289840698,14539200,0.0,0.0
1991-07-17,1.3179613048170926,1.3207477435194324,1.301242984879049,1.3040293455123901,9897300,0.0,0.0
1991-07-18,1.3096028092009895,1.3179619734105603,1.2984572048755358,1.3151755332946777,3586700,0.0,0.0
1991-07-19,1.3179619734105603,1.3318938617138198,1.3151755332946777,1.3151755332946777,6281200,0.0,0.0
1991-07-22,1.3263204505131743,1.343038770271307,1.3235340118408203,1.3235340118408203,8226100,0.0,0.0
1991-07-23,1.329107577736014,1.329107577736014,1.306816369085107,1.3151755332946777,9762200,0.0,0.0
1991-07-24,1.3207481384690622,1.3625439508125727,1.3207481384690622,1.3513983488082886,8966400,0.0,0.0
1991-07-25,1.3486119975134458,1.354184876949248,1.3402528344977973,1.3430392742156982,5437600,0.0,0.0
1991-07-26,1.3458256987167097,1.3458256987167097,1.320748209953308,1.320748209953308,6716000,0.0,0.0
1991-07-29,1.326320948184401,1.3458257139335992,1.326320948184401,1.3430392742156982,4879400,0.0,0.0
1991-07-30,1.3374658547080025,1.3876208066940308,1.3374658547080025,1.3876208066940308,9944300,0.0,0.0
1991-07-31,1.3876211327580634,1.4656400173374662,1.3876211327580634,1.4266304969787598,17668500,0.0,0.0
1991-08-01,1.4489215399422992,1.4489215399422992,1.4099121757216029,1.4266304969787598,13652000,0.0,0.0
1991-08-02,1.4266307034337342,1.4322034259465737,1.4043396572443443,1.418271541595459,7808900,0.0,0.0
1991-08-05,1.418271224736542,1.4238439460043684,1.4071256260628922,1.4154847860336304,7268300,0.0,0.0
1991-08-06,1.412698397006624,1.4684260738991957,1.4099119585137005,1.4600669145584106,8393100,0.0,0.0
1991-08-07,1.4656397104263306,1.4935034692614637,1.4656397104263306,1.4656397104263306,13784600,0.0,0.0
1991-08-08,1.4684259926270575,1.476785151505193,1.4600668337489222,1.4656397104263306,4450400,0.0,0.0
1991-08-09,1.4684259926270575,1.4851443103833284,1.4628532720876264,1.4656397104263306,9377700,0.0,0.0
1991-08-12,1.4656397104263306,1.476785151505193,1.4628532720876264,1.4656397104263306,4677100,0.0,0.0
1991-08-13,1.4600675719991034,1.4767858982086182,1.4544948486419504,1.4767858982086182,4794600,0.0,0.0
1991-08-14,1.4935050336306106,1.5102233688984716,1.4935050336306106,1.4990779161453247,7564600,0.0,0.0
1991-08-15,1.5046490573694327,1.5102217778751277,1.4767851425650054,1.4795715808868408,8017100,0.0,0.0
1991-08-16,1.4823580281826012,1.4851443103833284,1.4600668337489222,1.4656397104263306,6592600,0.0,0.0
1991-08-19,1.4322035624322547,1.4433491646581158,1.4099125141185793,1.4405627250671387,4844100,0.0,0.0
1991-08-20,1.446135034369764,1.4656397915442578,1.440562157383917,1.4600669145584106,3851100,0.0,0.0
1991-08-21,1.5046503262544446,1.554805321515782,1.4990776010492208,1.5520188808441162,11078400,0.0,0.0
1991-08-22,1.546445877481273,1.546445877481273,1.5157956601584035,1.521368384361267,11742300,0.0,0.0
1991-08-23,1.5102221763590111,1.5130086154160705,1.4879311323165894,1.4879311323165894,7673700,0.0,0.0
1991-08-26,1.4879314860274249,1.4879314860274249,1.454494833946228,1.454494833946228,9685800,0.0,0.0
1991-08-27,1.4533783895328136,1.4617632627487183,1.4198388966691948,1.4617632627487183,9142700,0.00681,0.0
1991-08-28,1.4645577454075152,1.5148669665900727,1.4645577454075152,1.509277105331421,8737300,0.0,0.0
1991-08-29,1.5148675844897257,1.5288424782639232,1.5120727310295217,1.5260474681854248,8402300,0.0,0.0
1991-08-30,1.5204575146785,1.5232523679733276,1.5176625047653876,1.5232523679733276,2587800,0.0,0.0
1991-09-03,1.5176623153198345,1.5204573248840538,1.5036875807352688,1.5148673057556152,3948500,0.0,0.0
1991-09-04,1.5176619688793176,1.5176619688793176,1.4673527479171753,1.4673527479171753,11107700,0.0,0.0
1991-09-05,1.4701481214532062,1.4701481214532062,1.4477883577346802,1.4477883577346802,8655000,0.0,0.0
1991-09-06,1.450583811236175,1.4757384356531906,1.4421989364305032,1.4729434251785278,4254000,0.0,0.0
1991-09-09,1.4589682395939432,1.4589682395939432,1.4421984951141829,1.4477883577346802,19184400,0.0,0.0
1991-09-10,1.375119306244737,1.414248651822111,1.375119306244737,1.4002739191055298,26247100,0.0,0.0
1991-09-11,1.4058638146541826,1.419838547706604,1.3835042104466586,1.419838547706604,11187500,0.0,0.0
1991-09-12,1.4226335477742948,1.4282234096355038,1.408658814812149,1.417043685913086,10866800,0.0,0.0
1991-09-13,1.425427880839285,1.4421976150861646,1.4198378650115433,1.4366075992584229,12564900,0.0,0.0
1991-09-16,1.4366075992584229,1.4394026071722938,1.431017740048854,1.4366075992584229,3501900,0.0,0.0
1991-09-17,1.431018639521778,1.4366085022448793,1.4142488947342033,1.4226337671279907,6375200,0.0,0.0
1991-09-18,1.417043661012725,1.417043661012725,1.3890940389613182,1.4002739191055298,130621500,0.0,0.0
1991-09-19,1.400274716983324,1.4366090740734334,1.400274716983324,1.425429344177246,7526800,0.0,0.0
1991-09-20,1.4366084758754172,1.4533782203551775,1.4338136228743028,1.4477883577346802,3642900,0.0,0.0
1991-09-23,1.4394035119155655,1.4421985215862518,1.4142488947342033,1.4226337671279907,3825100,0.0,0.0
1991-09-24,1.428223384538692,1.428223384538692,1.3974789099149159,1.4002739191055298,5946300,0.0,0.0
1991-09-25,1.403068896158382,1.403068896158382,1.366734556548034,1.3807092905044556,5423300,0.0,0.0
1991-09-26,1.3723244896955802,1.3723244896955802,1.3192202473288184,1.324810266494751,21182200,0.0,0.0
1991-09-27,1.3304001866871464,1.3471699316750256,1.3136304416992672,1.3192203044891357,18199800,0.0,0.0
1991-09-30,1.3192199373757934,1.3248099552283417,1.2884754656596966,1.316425085067749,15306400,0.0,0.0
1991-10-01,1.3359901820756537,1.3443750554018021,1.3304003187309843,1.3331953287124634,11818700,0.0,0.0
1991-10-02,1.3192203044891357,1.3192203044891357,1.2856808145133773,1.3192203044891357,22289400,0.0,0.0
1991-10-03,1.3192201376454866,1.3304000184295617,1.308040335170538,1.3276050090789795,7268300,0.0,0.0
1991-10-04,1.3220149463020676,1.3276048075363862,1.3136300761414748,1.316425085067749,5543300,0.0,0.0
1991-10-07,1.313630994914703,1.3164260057958497,1.2521418518578504,1.2577317953109741,11401500,0.0,0.0
1991-10-08,1.2745011259838097,1.2968608140945435,1.271706194335897,1.2968608140945435,9642100,0.0,0.0
1991-10-09,1.296860744887062,1.3248103731112222,1.296860744887062,1.3108354806900024,10394200,0.0,0.0
1991-10-10,1.319220231986334,1.3248102510872548,1.2800908813712102,1.299655556678772,7088700,0.0,0.0
1991-10-11,1.3024505376815796,1.3052455473388263,1.29406566532811,1.3024505376815796,4165900,0.0,0.0
1991-10-14,1.2996561858558082,1.3248108924419453,1.2996561858558082,1.3220158815383911,2070700,0.0,0.0
1991-10-15,1.3220153141932067,1.335990049477015,1.3136304416992672,1.3192203044891357,5194200,0.0,0.0
1991-10-16,1.3192203867217955,1.3415801525115967,1.3164255334617827,1.3415801525115967,9015900,0.0,0.0
1991-10-17,1.3471698788023196,1.3751195048912637,1.3359899970430886,1.3695294857025146,6475100,0.0,0.0
1991-10-18,1.369529390634967,1.386299133800588,1.3304000421212705,1.3443747758865356,12920800,0.0,0.0
1991-10-21,1.3443746759912139,1.3443746759912139,1.3024503211923997,1.3080402612686157,5114400,0.0,0.0
1991-10-22,1.3918892003647254,1.408658944105809,1.3751194566236418,1.377914309501648,18705100,0.0,0.0
1991-10-23,1.3807093874790266,1.3918892694003415,1.344374888698455,1.363939642906189,11865700,0.0,0.0
1991-10-24,1.3583499486909085,1.3583499486909085,1.3304003187309843,1.3331953287124634,9015900,0.0,0.0
1991-10-25,1.3248104438102466,1.3248104438102466,1.2940658041374868,1.2968608140945435,2946200,0.0,0.0
1991-10-28,1.296860625437444,1.3024504879201002,1.2800908813712102,1.299655556678772,9350900,0.0,0.0
1991-10-29,1.3052455126505194,1.3304001290424172,1.3052455126505194,1.324810266494751,3936700,0.0,0.0
1991-10-30,1.333195251749858,1.3667347431182861,1.3276052321096001,1.3667347431182861,5288200,0.0,0.0
1991-10-31,1.3667350444357387,1.3667350444357387,1.3304005352366883,1.3387854099273682,5840500,0.0,0.0
1991-11-01,1.3415798992136367,1.3443747519459655,1.3192201376454866,1.3276050090789795,6804100,0.0,0.0
1991-11-04,1.3303998164626603,1.3303998164626603,1.3080401365980414,1.316425085067749,3980400,0.0,0.0
1991-11-05,1.3192202823885189,1.3192202823885189,1.2968606749853566,1.3024505376815796,11571900,0.0,0.0
1991-11-06,1.2996552664374486,1.316425085067749,1.2996552664374486,1.316425085067749,3510300,0.0,0.0
1991-11-07,1.3164254293495428,1.3164254293495428,1.2800909302784174,1.3024505376815796,8216800,0.0,0.0
1991-11-08,1.3024504611299028,1.3164253519764901,1.3024504611299028,1.3136303424835205,3063800,0.0,0.0
1991-11-11,1.3108353751981856,1.324810266494751,1.3108353751981856,1.324810266494751,1762700,0.0,0.0
1991-11-12,1.3220152372849272,1.3443748437619043,1.3220152372849272,1.3304001092910767,2664200,0.0,0.0
1991-11-13,1.3192202473288184,1.3304001290424172,1.3080404439243525,1.324810266494751,5396500,0.0,0.0
1991-11-14,1.3248101563466508,1.3331950277801439,1.3192201376454866,1.3276050090789795,6759600,0.0,0.0
1991-11-15,1.3248102510872548,1.3276051040194508,1.2828858126125384,1.299655556678772,3660600,0.0,0.0
1991-11-18,1.3052456456631305,1.3052456456631305,1.263321280737615,1.274501085281372,9574100,0.0,0.0
1991-11-19,1.2745011349719506,1.2745011349719506,1.2186019534554715,1.2549364566802979,19108100,0.0,0.0
1991-11-20,1.2521411383893424,1.296860503914953,1.2521411383893424,1.2884756326675415,11460300,0.0,0.0
1991-11-21,1.291271122358766,1.3359904289245605,1.2745013726079482,1.3359904289245605,14327700,0.0,0.0
1991-11-22,1.3304001866871464,1.341580068885157,1.3052455692053275,1.3192203044891357,9888900,0.0,0.0
1991-11-25,1.3192203044891357,1.3276051769830755,1.3080405006002618,1.3192203044891357,4003900,0.0,0.0
1991-11-26,1.3192201376454866,1.3276050090789795,1.3052454041290829,1.3276050090789795,4914600,0.0,0.0
1991-11-27,1.338784928123869,1.3583496809005737,1.338784928123869,1.3583496809005737,4171800,0.0,0.0
1991-11-29,1.3639399971070232,1.3862996101379395,1.3639399971070232,1.3862996101379395,3193000,0.0,0.0
1991-12-02,1.3806868777709034,1.3891056973197682,1.3554304191243092,1.3862993717193604,6692500,0.00851,0.0
1991-12-03,1.38629960779506,1.4199748917251498,1.38629960779506,1.3919121026992798,9548100,0.0,0.0
1991-12-04,1.3919115875533854,1.4143618733661945,1.372267784032587,1.3975242376327515,7938200,0.0,0.0
1991-12-05,1.4003306430966733,1.4087494623923118,1.3947181493170326,1.403136968612671,5514000,0.0,0.0
1991-12-06,1.4115560795108693,1.4283937215805054,1.408749753415134,1.4283937215805054,3880500,0.0,0.0
1991-12-09,1.422781917598239,1.4368132403862823,1.4143630924749204,1.4312007427215576,4118900,0.0,0.0
1991-12-10,1.4255868995393284,1.45084335385735,1.4255868995393284,1.4424245357513428,9045300,0.0,0.0
1991-12-11,1.4592629951090839,1.4592629951090839,1.4283940303918372,1.4452316761016846,9227500,0.0,0.0
1991-12-12,1.4424245357513428,1.4536496789767963,1.4143619135662069,1.4424245357513428,13590700,0.0,0.0
1991-12-13,1.4424243157078152,1.4452306403991535,1.4311993314470783,1.4340054988861084,5690200,0.0,0.0
1991-12-16,1.4311997474035345,1.4480373859405518,1.4199746026280717,1.4480373859405518,4794600,0.0,0.0
1991-12-17,1.4424248520244478,1.4620688176631402,1.4368123578072642,1.4536499977111816,4259900,0.0,0.0
1991-12-18,1.453650213375437,1.462069034576416,1.4480377183255808,1.462069034576416,5061500,0.0,0.0
1991-12-19,1.4508432766899846,1.4704872369766235,1.4480371089721245,1.4704872369766235,3369300,0.0,0.0
1991-12-20,1.4817130639821365,1.565901279449463,1.4817130639821365,1.565901279449463,13725800,0.0,0.0
1991-12-23,1.5434513239750902,1.6388645413096246,1.5378386707772365,1.6304457187652588,13843300,0.0,0.0
1991-12-24,1.616414092624758,1.6248329135667767,1.5855451349214842,1.6079952716827393,4944000,0.0,0.0
1991-12-26,1.6079956016203423,1.6444772189387225,1.5911579562814617,1.6220269203186035,8739800,0.0,0.0
1991-12-27,1.6276386611296532,1.7062143477449347,1.6192198431798848,1.689376711845398,13837500,0.0,0.0
1991-12-30,1.6837653852561147,1.6921842098236084,1.6613152388269488,1.6921842098236084,9873800,0.0,0.0
1991-12-31,1.6865716758664648,1.7006029974231216,1.6613152027130127,1.6613152027130127,6266100,0.0,0.0
1992-01-02,1.6220270875114762,1.6472837153755793,1.6220270875114762,1.641671061515808,7327100,0.0,0.0
1992-01-03,1.6416700489094798,1.6416700489094798,1.5995759571876216,1.610801100730896,3022600,0.0,0.0
1992-01-06,1.60518944043703,1.6444773884456936,1.60518944043703,1.641671061515808,5558500,0.0,0.0
1992-01-07,1.627639288700497,1.6725397208290187,1.6220266364016882,1.638864278793335,13769500,0.0,0.0
1992-01-08,1.6164136727425376,1.650088947763069,1.6164136727425376,1.627638816833496,12027700,0.0,0.0
1992-01-09,1.6220266939230428,1.6472833156585693,1.6164141986775897,1.6472833156585693,9348300,0.0,0.0
1992-01-10,1.6276393370171316,1.6360581584628684,1.616414189338684,1.616414189338684,4867600,0.0,0.0
1992-01-13,1.5659011669726455,1.6276392396315782,1.5659011669726455,1.6079952716827393,883800,0.0,0.0
1992-01-14,1.6725403543098079,1.6725403543098079,1.6557027055408398,1.6613152027130127,16005600,0.0,0.0
1992-01-15,1.6725404070707168,1.686571729069997,1.6444776058197021,1.6444776058197021,6477600,0.0,0.0
1992-01-16,1.6500891758009886,1.6500891758009886,1.5827386164522583,1.5911574363708496,6310600,0.0,0.0
1992-01-17,1.5883520314547706,1.6164148332029078,1.5827395340061259,1.6051896810531616,6242600,0.0,0.0
1992-01-20,1.582739237807607,1.6108020343039895,1.5771267414093018,1.5771267414093018,7650200,0.0,0.0
1992-01-21,1.5490638467713362,1.565901492151924,1.5294198747431778,1.5378386974334717,7840800,0.0,0.0
1992-01-22,1.5434513025914207,1.5546762943267822,1.5378386494713272,1.5546762943267822,3284500,0.0,0.0
1992-01-23,1.554676131636354,1.5743201009961956,1.5462573100896213,1.565901279449463,4097900,0.0,0.0
1992-01-24,1.5659009431134139,1.5687072687770263,1.5546757977113264,1.557482123374939,1803800,0.0,0.0
1992-01-27,1.563094831907968,1.5827387997437024,1.5602886631117092,1.5715136528015137,6005000,0.0,0.0
1992-01-28,1.577126852156433,1.6051894933709692,1.577126852156433,1.588351845741272,3737000,0.0,0.0
1992-01-29,1.5715138906152637,1.5771265435619006,1.5266136105566166,1.5294197797775269,4127300,0.0,0.0
1992-01-30,1.5350324358801308,1.5378386051068107,1.5041633163673862,1.5238072872161865,3404600,0.0,0.0
1992-01-31,1.532225969084003,1.537838464275794,1.526613473892212,1.526613473892212,3278600,0.0,0.0
1992-02-03,1.5322261094010428,1.5350324358801308,1.5210009607370985,1.5238072872161865,4777000,0.0,0.0
1992-02-04,1.5266133795375272,1.5715136528015137,1.5210007274402408,1.5715136528015137,1588900,0.0,0.0
1992-02-05,1.5771265923023308,1.5771265923023308,1.5490637984591016,1.5546762943267822,3513700,0.0,0.0
1992-02-06,1.554676131636354,1.5743201009961956,1.554676131636354,1.565901279449463,2262100,0.0,0.0
1992-02-07,1.5771263048988,1.593963946685891,1.5546760110144227,1.5715136528015137,6674900,0.0,0.0
1992-02-10,1.5771256495769637,1.5883506346026008,1.5771256495769637,1.585544466972351,1953200,0.0,0.0
1992-02-11,1.588351076665226,1.6108013674694006,1.5546757977113264,1.557482123374939,4506700,0.0,0.0
1992-02-12,1.5630943586112322,1.610801100730896,1.5602881906646662,1.610801100730896,5343600,0.0,0.0
1992-02-13,1.6051892769148055,1.61080193020281,1.5743203128404506,1.5799328088760376,6087300,0.0,0.0
1992-02-14,1.5799329373956479,1.5799329373956479,1.5266138275892855,1.532226324081421,4906200,0.0,0.0
1992-02-18,1.5238075549830088,1.5350327056194613,1.50977623462677,1.50977623462677,3563200,0.0,0.0
1992-02-19,1.5125818592235643,1.5153881851844078,1.4424249682215087,1.4592626094818115,6718500,0.0,0.0
1992-02-20,1.4564462003960497,1.476166022502183,1.386018557470557,1.3972868919372559,31412000,0.00851,0.0
1992-02-21,1.5099710098783747,1.5099710098783747,1.4339090585708618,1.4339090585708618,20332700,0.0,0.0
1992-02-24,1.439543943670331,1.4479952758151322,1.433909774860347,1.4451782703399658,8728000,0.0,0.0
1992-02-25,1.439543282079456,1.4733485951222842,1.439543282079456,1.4677144289016724,7500000,0.0,0.0
1992-02-26,1.4592627407330416,1.5353246763197315,1.442360088380444,1.5268733501434326,13205400,0.0,0.0
1992-02-27,1.543776682518855,1.543776682518855,1.5156056880950928,1.5156056880950928,7115500,0.0,0.0
1992-02-28,1.518422793533336,1.518422793533336,1.4536293126296287,1.4846174716949463,5452700,0.0,0.0
1992-03-02,1.4846169869352441,1.4874341487884521,1.4677143315351335,1.4874341487884521,7470600,0.0,0.0
1992-03-03,1.481800254644407,1.481800254644407,1.408555295907357,1.4254579544067383,16746000,0.0,0.0
1992-03-04,1.43672586949089,1.442360034109917,1.4282745436325823,1.431091547012329,15320700,0.0,0.0
1992-03-05,1.4198232559229016,1.4226402593783372,1.3972862811221891,1.4029206037521362,8240300,0.0,0.0
1992-03-06,1.4085549116134644,1.442360219389176,1.3972864230683757,1.4085549116134644,9360100,0.0,0.0
1992-03-09,1.4141889136163364,1.456445543455303,1.4029205842323025,1.4536285400390625,4168400,0.0,0.0
1992-03-10,1.4536287941327437,1.4564457980413952,1.445177466687662,1.4479944705963135,4089500,0.0,0.0
1992-03-11,1.4423602274839344,1.4423602274839344,1.4113720811354729,1.419823408126831,5311700,0.0,0.0
1992-03-12,1.4198234001585528,1.4254575655013202,1.3888350961244478,1.4085549116134644,6342500,0.0,0.0
1992-03-13,1.4029205660576596,1.442360034109917,1.388834917720791,1.431091547012329,4759300,0.0,0.0
1992-03-16,1.4282756060503634,1.4479952758151322,1.4141899472359272,1.4451782703399658,5020400,0.0,0.0
1992-03-17,1.4592631777777443,1.4620803399667548,1.442360520362854,1.442360520362854,8149700,0.0,0.0
1992-03-18,1.4423604299634474,1.4705315765091769,1.4254577736079248,1.4592630863189697,8587000,0.0,0.0
1992-03-19,1.4592633162119497,1.4705318081774001,1.4592633162119497,1.462080478668213,8561000,0.0,0.0
1992-03-20,1.4677146457211372,1.4761659752303244,1.4536291491590256,1.462080478668213,4577200,0.0,0.0
1992-03-23,1.450811529158187,1.4705313444137573,1.450811529158187,1.4705313444137573,7729100,0.0,0.0
1992-03-24,1.4761658351926343,1.4818001595706556,1.442360520362854,1.442360520362854,11663400,0.0,0.0
1992-03-25,1.442360520362854,1.4648973442961786,1.4198236964295297,1.442360520362854,5995800,0.0,0.0
1992-03-26,1.4367259080936667,1.4367259080936667,1.3634809767806584,1.4029206037521362,14756600,0.0,0.0
1992-03-27,1.4085554797773807,1.4141896473927817,1.374750158365739,1.3803843259811401,16981000,0.0,0.0
1992-03-30,1.3888350961244478,1.4085549116134644,1.3888350961244478,1.4085549116134644,8484600,0.0,0.0
1992-03-31,1.4029209510870875,1.4620802483314157,1.4029209510870875,1.4592630863189697,9630400,0.0,0.0
1992-04-01,1.453629062819896,1.4902515411376953,1.4479947382420237,1.4902515411376953,10279200,0.0,0.0
1992-04-02,1.498702294951011,1.5268732755901306,1.4958851337432861,1.4958851337432861,14807000,0.0,0.0
1992-04-03,1.4987031277006886,1.4987031277006886,1.4705319735488236,1.4846174716949463,5678500,0.0,0.0
1992-04-06,1.4789828210883966,1.4930683146352997,1.4648971696819255,1.4874341487884521,7703100,0.0,0.0
1992-04-07,1.487433998101517,1.4930681633775862,1.4677141828459466,1.4705313444137573,6287100,0.0,0.0
1992-04-08,1.459262525577478,1.4761651754379272,1.4451770366469427,1.4761651754379272,10479000,0.0,0.0
1992-04-09,1.476165594088298,1.5268735580507609,1.4254576301258355,1.5099709033966064,23056600,0.0,0.0
1992-04-10,1.5212393951870022,1.5775815248489378,1.49870257489414,1.577581524848938,12964500,0.0,0.0
1992-04-13,1.57194777850676,1.583216270588477,1.5550451193139863,1.5578622817993164,7744300,0.0,0.0
1992-04-14,1.560679202350093,1.588850352106983,1.5550450355425531,1.571947693824768,8904300,0.0,0.0
1992-04-15,1.5775819277532372,1.5775819277532372,1.5325082756559918,1.538142442703247,6234200,0.0,0.0
1992-04-16,1.5409597925106364,1.5494111230388552,1.493068814277649,1.493068814277649,6818400,0.0,0.0
1992-04-20,1.4874343628641002,1.4874343628641002,1.4310920648484136,1.4564460515975952,7432800,0.0,0.0
1992-04-21,1.4620800348781926,1.464897038619799,1.3832009307816806,1.4085549116134644,11780900,0.0,0.0
1992-04-22,1.408554242001862,1.4367253710425534,1.391651596149343,1.4226397275924683,11378000,0.0,0.0
1992-04-23,1.4282752063696953,1.4282752063696953,1.3916527247039066,1.3972868919372559,4597300,0.0,0.0
1992-04-24,1.3944694843432772,1.3944694843432772,1.3634811788643564,1.38601815700531,8639900,0.0,0.0
1992-04-27,1.3944693956239456,1.3972863993176694,1.3747495804701213,1.388835072517395,4350600,0.0,0.0
1992-04-28,1.3944696774050485,1.4170065008066224,1.3860183488970101,1.414189338684082,2611300,0.0,0.0
1992-04-29,1.4170065846751259,1.4170065846751259,1.377567101923167,1.4001039266586304,5290700,0.0,0.0
1992-04-30,1.4198232177742747,1.4479941987289442,1.4198232177742747,1.431091547012329,9001700,0.0,0.0
1992-05-01,1.4254580609144845,1.442360720676803,1.411372563732422,1.4170067310333252,3439800,0.0,0.0
1992-05-04,1.4226403719261478,1.4310916986801312,1.3888350649102144,1.391652226448059,6674900,0.0,0.0
1992-05-05,1.3972862811221891,1.4141889332929545,1.3944692776667535,1.4029206037521362,15000900,0.0,0.0
1992-05-06,1.4141890529182184,1.4141890529182184,1.3747495804701213,1.388835072517395,11199200,0.0,0.0
1992-05-07,1.3888352508759272,1.3944695747060551,1.3691155910491943,1.3691155910491943,7861800,0.0,0.0
1992-05-08,1.386018430931415,1.4085552556668781,1.386018430931415,1.4001039266586304,14950500,0.0,0.0
1992-05-11,1.4085546303979208,1.453628417719816,1.3972861441025666,1.4395427703857422,6830100,0.0,0.0
1992-05-12,1.5071536571215989,1.5071536571215989,1.4479942174875098,1.4536285400390625,13690600,0.0,0.0
1992-05-13,1.4592631118548784,1.4648972781187868,1.4113723039627075,1.4113723039627075,8467000,0.0,0.0
1992-05-14,1.4113720414938704,1.4198233682478536,1.3803837381562312,1.391652226448059,11851400,0.0,0.0
1992-05-15,1.3634812224807817,1.3719325500890984,1.3409444014784586,1.3437615633010864,29578700,0.0,0.0
1992-05-18,1.3381276256044432,1.3691159410124347,1.3381276256044432,1.3465789556503296,11207600,0.0,0.0
1992-05-19,1.36348112294474,1.419823408126831,1.355029795953382,1.419823408126831,16751900,0.0,0.0
1992-05-20,1.4282754771658028,1.4620808026944867,1.4141898196224265,1.4367268085479736,6853700,0.0,0.0
1992-05-21,1.4367264460261913,1.4367264460261913,1.414189462787285,1.4254579544067383,8625600,0.0,0.0
1992-05-22,1.4282749214391952,1.4536289057207419,1.4282749214391952,1.450811743736267,7820600,0.0,0.0
1992-05-26,1.4451772170818271,1.4451772170818271,1.3944692611694336,1.3944692611694336,8827900,0.0,0.0
1992-05-27,1.4057382217170835,1.4141895514969112,1.3888355621574282,1.3972868919372559,6953500,0.0,0.0
1992-05-28,1.3972866515135667,1.4170064702266159,1.3972866515135667,1.4113723039627075,4503300,0.0,0.0
1992-05-29,1.4368276071274855,1.4877389669418335,1.431170859811341,1.4877389669418335,13126500,0.00851,0.0
1992-06-01,1.4905671884261318,1.4905671884261318,1.4537979364395142,1.4537979364395142,7059300,0.0,0.0
1992-06-02,1.4622831362447142,1.470768336049914,1.4481411894001321,1.4537979364395142,3392800,0.0,0.0
1992-06-03,1.4594550246608011,1.4651117724082756,1.4255142211914062,1.4255142211914062,2696900,0.0,0.0
1992-06-04,1.4424854516983032,1.4651126141807889,1.4424854516983032,1.4424854516983032,8968900,0.0,0.0
1992-06-05,1.4509701273000748,1.4509701273000748,1.4226860656618368,1.4368280172348022,4066000,0.0,0.0
1992-06-08,1.4453129233951387,1.4453129233951387,1.4028869188869246,1.4085438251495361,4039100,0.0,0.0
1992-06-09,1.4142007997424502,1.4142007997424502,1.346319181641827,1.3802599906921387,12688300,0.0,0.0
1992-06-10,1.3802601504739356,1.3802601504739356,1.3548045407394074,1.3576329946517944,8540000,0.0,0.0
1992-06-11,1.3519757134770674,1.4085438251495361,1.3350053116737817,1.4085438251495361,3780600,0.0,0.0
1992-06-12,1.42268624966999,1.436828203072055,1.4057158421905809,1.4170295000076294,16387600,0.0,0.0
1992-06-15,1.4198576211929321,1.4311712776203354,1.408544123257837,1.4198576211929321,7274200,0.0,0.0
1992-06-16,1.4198573206902103,1.4255142269528218,1.4028869188869246,1.4085438251495361,6789000,0.0,0.0
1992-06-17,1.3802599906921387,1.402887143894913,1.3632895861669827,1.3802599906921387,6151900,0.0,0.0
1992-06-18,1.380260305210836,1.4085443720285944,1.3746035552442188,1.4028874635696411,12870500,0.0,0.0
1992-06-19,1.4113724093080802,1.4537984225192835,1.4057156603773555,1.4368280172348022,9683300,0.0,0.0
1992-06-22,1.431171187097436,1.431171187097436,1.397230378454322,1.414200782775879,6063800,0.0,0.0
1992-06-23,1.4255145442284312,1.4396564960479736,1.4198576367067661,1.4396564960479736,3339900,0.0,0.0
1992-06-24,1.4396561669485874,1.4396561669485874,1.4255142183618352,1.4339994192123413,3486800,0.0,0.0
1992-06-25,1.4396556351440495,1.4537975785068096,1.4368271830746115,1.4453123807907104,4024900,0.0,0.0
1992-06-26,1.4481411894001321,1.470768336049914,1.4481411894001321,1.4537979364395142,2922700,0.0,0.0
1992-06-29,1.4651120087304035,1.5047097248266466,1.4651120087304035,1.4962245225906372,8631500,0.0,0.0
1992-06-30,1.5075384059050667,1.5669348367651708,1.5075384059050667,1.549964427947998,15115000,0.0,0.0
1992-07-01,1.5443076842390926,1.5612780931265877,1.5329940254833154,1.541479229927063,13091200,0.0,0.0
1992-07-02,1.5556217279233722,1.564106934466729,1.5414796113561908,1.544308066368103,9491900,0.0,0.0
1992-07-06,1.5414787346084602,1.592389944911804,1.5358219862944074,1.58390474319458,7203700,0.0,0.0
1992-07-07,1.5895617948780054,1.6178456975184325,1.566934482574899,1.586733341217041,15667400,0.0,0.0
1992-07-08,1.5810770745568012,1.583905370587986,1.5669349604314677,1.5782486200332642,6524600,0.0,0.0
1992-07-09,1.5556216547178878,1.592390775680542,1.5556216547178878,1.592390775680542,6953500,0.0,0.0
1992-07-10,1.5923902957999754,1.6404732217876605,1.5782483426524752,1.6376447677612305,7209600,0.0,0.0
1992-07-13,1.61218945782391,1.6235031175483567,1.5895622968673706,1.5895622968673706,7673700,0.0,0.0
1992-07-14,1.5952190474834167,1.5952190474834167,1.5725918865268773,1.5895622968673706,6659700,0.0,0.0
1992-07-15,1.5895623528615634,1.6037043091460232,1.5895623528615634,1.6008758544921875,9204000,0.0,0.0
1992-07-16,1.5980465152083856,1.600874809523697,1.5895613152779384,1.5952180624008179,6093200,0.0,0.0
1992-07-17,1.598047395428757,1.598047395428757,1.5697633272507023,1.572591781616211,7944000,0.0,0.0
1992-07-20,1.5443070967002817,1.5556207511517264,1.51602303981781,1.51602303981781,6792400,0.0,0.0
1992-07-21,1.5131952636597734,1.5216804677832425,1.453798676303155,1.4566271305084229,15482700,0.0,0.0
1992-07-22,1.4537985519589942,1.467940663283417,1.436828145163544,1.4651122093200684,5764100,0.0,0.0
1992-07-23,1.4707687285482887,1.5047096953190373,1.4679404335199486,1.5018812417984009,9677400,0.0,0.0
1992-07-24,1.4877398648917362,1.4933966156221057,1.4764262049386394,1.4905681610107422,3504400,0.0,0.0
1992-07-27,1.4905679532836185,1.4905679532836185,1.4368282741110745,1.4481419324874878,6622000,0.0,0.0
1992-07-28,1.45379842904682,1.4735972881317139,1.4481416800906965,1.4735972881317139,15749600,0.0,0.0
1992-07-29,1.4820821462118736,1.5216798551747643,1.4820821462118736,1.5103662014007568,11342800,0.0,0.0
1992-07-30,1.5018812011531444,1.5329935550689697,1.5018812011531444,1.5329935550689697,5760800,0.0,0.0
1992-07-31,1.5499645642873172,1.561278223991394,1.5273374033715172,1.561278223991394,4330400,0.0,0.0
1992-08-03,1.5556216158095988,1.5556216158095988,1.527337543206051,1.5358227491378784,2708700,0.0,0.0
1992-08-04,1.5443074651028874,1.5527926683425903,1.5273370586234816,1.5527926683425903,5358700,0.0,0.0
1992-08-05,1.5471358891109595,1.5584493875503538,1.5443074352549533,1.558449387550354,3102400,0.0,0.0
1992-08-06,1.5584495742096174,1.5612780284043943,1.5329939619336272,1.5386508703231812,3392800,0.0,0.0
1992-08-07,1.549964093092639,1.549964093092639,1.5047097850185123,1.507538080215454,3613600,0.0,0.0
1992-08-10,1.5075377483341872,1.5160229490416253,1.487739052345013,1.5103662014007568,2858100,0.0,0.0
1992-08-11,1.510366809844922,1.5386508764279085,1.510366809844922,1.530165672302246,3795700,0.0,0.0
1992-08-12,1.52450874008954,1.5669347600554953,1.5131952404268403,1.5641064643859863,4891100,0.0,0.0
1992-08-13,1.5641065474386173,1.566934843258306,1.5358224797953448,1.541479229927063,7811400,0.0,0.0
1992-08-14,1.5414790111922139,1.5584494176716197,1.5414790111922139,1.5527926683425903,4186000,0.0,0.0
1992-08-17,1.55844928008431,1.5895617948780054,1.55844928008431,1.586733341217041,9392000,0.0,0.0
1992-08-18,1.5810764758889182,1.6433011839067961,1.5810764758889182,1.6404728889465332,17665100,0.0,0.0
1992-08-19,1.6291601334573136,1.6404737950240804,1.6235033819201201,1.6348168849945068,8355300,0.0,0.0
1992-08-20,1.6348159604505368,1.6348159604505368,1.6206740103591166,1.6291592121124268,6841900,0.0,0.0
1992-08-21,1.6291600551355687,1.6404737161584322,1.5782488182712422,1.592390775680542,6577500,0.0,0.0
1992-08-24,1.5499641066326812,1.5810766220092773,1.5499641066326812,1.5810766220092773,4741700,0.0,0.0
1992-08-25,1.5782486371429236,1.5923905929292166,1.564106681356631,1.5895622968673706,6930000,0.0,0.0
1992-08-26,1.5895625557122,1.6348168849945068,1.5867341006974132,1.6348168849945068,6401200,0.0,0.0
1992-08-27,1.6348168748958443,1.6800713623909833,1.6348168748958443,1.6715861558914185,17321800,0.0,0.0
1992-08-28,1.671586465071335,1.6857764454649575,1.6687484053803794,1.6772624254226685,7826500,0.00851,0.0
1992-08-31,1.6772619955788441,1.6857760134391853,1.671586036682129,1.671586036682129,6151900,0.0,0.0
1992-09-01,1.6715860223011778,1.6715860223011778,1.637529951152803,1.6517199277877808,10161700,0.0,0.0
1992-09-02,1.6488818398668945,1.6488818398668945,1.640367822229448,1.6432058811187744,2538300,0.0,0.0
1992-09-03,1.65172056831769,1.65172056831769,1.6432065472288968,1.648882508277893,4961600,0.0,0.0
1992-09-04,1.6403682231903076,1.6488822429088652,1.6403682231903076,1.6403682231903076,2174000,0.0,0.0
1992-09-08,1.6403678510614772,1.6517199277877808,1.6205019155786158,1.6517199277877808,3883900,0.0,0.0
1992-09-09,1.6460442774953152,1.668748276173312,1.6375302581122457,1.6573961973190308,8099300,0.0,0.0
1992-09-10,1.6517204391023157,1.6857765207932551,1.6517204391023157,1.6801005601882935,8132100,0.0,0.0
1992-09-11,1.6715865397655587,1.6829386200060668,1.6573963997072774,1.6801005601882935,6151900,0.0,0.0
1992-09-14,1.691451832890051,1.7255078983218264,1.6800997580692894,1.7226698398590088,12717700,0.0,0.0
1992-09-15,1.716994804419228,1.716994804419228,1.6801006607032585,1.6914527416229248,7949900,0.0,0.0
1992-09-16,1.6573959008945354,1.6801000545424702,1.6573959008945354,1.671586036682129,7893700,0.0,0.0
1992-09-17,1.6801002182652907,1.691452296195498,1.6630721808852555,1.668748140335083,3825100,0.0,0.0
1992-09-18,1.6687483076599454,1.6715863671847067,1.6545583280972758,1.6630723476409912,4777000,0.0,0.0
1992-09-21,1.668748276173312,1.6744243951157352,1.6517202374071729,1.6573961973190308,7432800,0.0,0.0
1992-09-22,1.6573953446096872,1.6573953446096872,1.631853299601544,1.6346913576126099,9298000,0.0,0.0
1992-09-23,1.643205735321107,1.6687477859671622,1.643205735321107,1.6659098863601685,12656400,0.0,0.0
1992-09-24,1.6800998614866929,1.6800998614866929,1.6460437939586192,1.6659098863601685,6501100,0.0,0.0
1992-09-25,1.6630724896948879,1.6630724896948879,1.5949603275272586,1.597798228263855,7844100,0.0,0.0
1992-09-28,1.5977983062119514,1.6318543889571815,1.589284285525644,1.623340368270874,4594800,0.0,0.0
1992-09-29,1.6176639950022678,1.6233399543356306,1.6063119173049927,1.6063119173049927,6580800,0.0,0.0
1992-09-30,1.6034745018247272,1.648882508277893,1.6034745018247272,1.648882508277893,4168400,0.0,0.0
1992-10-01,1.6460434306263902,1.6659095186428852,1.6290154006209616,1.6346913576126099,6977000,0.0,0.0
1992-10-02,1.6375301962261888,1.6375301962261888,1.6063120203143644,1.617664098739624,6336600,0.0,0.0
1992-10-05,1.609149798776321,1.6119878576448488,1.56090375219454,1.5892837047576904,9521300,0.0,0.0
1992-10-06,1.5807697485344594,1.5892837664399513,1.5722557306289673,1.5722557306289673,2967200,0.0,0.0
1992-10-07,1.5722558974639775,1.5836079755527366,1.563741878655047,1.5665799379348755,3316400,0.0,0.0
1992-10-08,1.566579230293652,1.6063112471110834,1.566579230293652,1.600635290145874,6193000,0.0,0.0
1992-10-09,1.5949598696333962,1.5949598696333962,1.583607792854309,1.583607792854309,3731100,0.0,0.0
1992-10-12,1.5836077460511666,1.5949598224947459,1.5836077460511666,1.5892837047576904,2023700,0.0,0.0
1992-10-13,1.5864457769337974,1.620501846633233,1.5864457769337974,1.611987829208374,6219100,0.0,0.0
1992-10-14,1.6119875142881854,1.6119875142881854,1.6006354402626215,1.60914945602417,3219900,0.0,0.0
1992-10-15,1.5921209771378673,1.6318529865174687,1.5921209771378673,1.6290150880813599,6140200,0.0,0.0
1992-10-16,1.6233399826377557,1.6233399826377557,1.6006359858779218,1.614825963973999,8038000,0.0,0.0
1992-10-19,1.611988139042274,1.6261781178009291,1.611988139042274,1.617664098739624,4918000,0.0,0.0
1992-10-20,1.6205024673958315,1.634692448862814,1.617664407490199,1.623340368270874,9800800,0.0,0.0
1992-10-21,1.6205024719238281,1.6318543935168979,1.606312331386606,1.6205024719238281,10470600,0.0,0.0
1992-10-22,1.6205020541842239,1.6205020541842239,1.6034740171535857,1.6063119173049927,12858700,0.0,0.0
1992-10-23,1.6091494395712669,1.6176634552457632,1.5864454507827759,1.5864454507827759,12068800,0.0,0.0
1992-10-26,1.592121957077975,1.60914999429708,1.5325238268111072,1.535361886024475,23640800,0.0,0.0
1992-10-27,1.5381990671157837,1.5438751828889963,1.521171037857099,1.5381990671157837,13502500,0.0,0.0
1992-10-28,1.5438760189292886,1.5609040574090027,1.4700877461634858,1.4842777252197266,20189200,0.0,0.0
1992-10-29,1.515495249660548,1.5183333078627896,1.4587350397986805,1.4871151447296143,32460400,0.0,0.0
1992-10-30,1.5098195974361588,1.5183336147331572,1.4984675213633185,1.5013055801391602,21188100,0.0,0.0
1992-11-02,1.521171598674093,1.5637416875153056,1.5154956398387764,1.560903787612915,11346100,0.0,0.0
1992-11-03,1.560903212147681,1.5779312414063655,1.5325231103730477,1.5381990671157837,13863500,0.0,0.0
1992-11-04,1.5381992581314188,1.546713273818043,1.4984672379373383,1.5069812536239624,13620100,0.0,0.0
1992-11-05,1.5013055801391604,1.512657497181474,1.4871154452904785,1.5013055801391602,12127600,0.0,0.0
1992-11-06,1.5126570232277567,1.5438751828889963,1.5041430085984144,1.5381990671157837,8337700,0.0,0.0
1992-11-09,1.5438754373819998,1.5495513950603628,1.5211712886075421,1.524009346961975,8067400,0.0,0.0
1992-11-10,1.5240099495290946,1.546713948249817,1.5183339896065553,1.546713948249817,15735300,0.0,0.0
1992-11-11,1.5467135895974369,1.6148257289963077,1.5467135895974369,1.611987829208374,10635100,0.0,0.0
1992-11-12,1.6176634717857186,1.6233394292832517,1.6006354402626215,1.60914945602417,5764100,0.0,0.0
1992-11-13,1.6119874978062645,1.6119874978062645,1.5836073925477785,1.5864454507827759,7133200,0.0,0.0
1992-11-16,1.5836076908596615,1.5836076908596615,1.563741597533399,1.5694177150726318,7609100,0.0,0.0
1992-11-17,1.5694175625289093,1.57793157897969,1.5580654875843651,1.5637414455413818,8942900,0.0,0.0
1992-11-18,1.566579771702152,1.5722557306289673,1.5580657537966598,1.5722557306289673,7150800,0.0,0.0
1992-11-19,1.5722553186382848,1.5864454507827759,1.5722553186382848,1.5864454507827759,6407100,0.0,0.0
1992-11-20,1.5864454507827759,1.6006354238967708,1.5750933768732822,1.5864454507827759,10561300,0.0,0.0
1992-11-23,1.5807691067613006,1.5864452224142196,1.575093150138855,1.575093150138855,5625600,0.0,0.0
1992-11-24,1.5750935204859262,1.5750935204859262,1.5523895296273484,1.5637414455413818,10476500,0.0,0.0
1992-11-25,1.600636838108596,1.600636838108596,1.5722567077753928,1.58077073097229,4908800,0.0,0.0
1992-11-27,1.5864458518067148,1.5892837517285843,1.5807697339019031,1.583607792854309,3178800,0.0,0.0
1992-11-30,1.5438757854943392,1.5467136854581576,1.4871155597904309,1.5041435956954956,33330000,0.0,0.0
1992-12-01,1.5166869356656203,1.5280904863296028,1.4910285472869873,1.4910285472869873,23282400,0.01021,0.0
1992-12-02,1.5052825900348008,1.5052825900348008,1.476773405897674,1.496729850769043,15026900,0.0,0.0
1992-12-03,1.4938787989097215,1.5280897540142928,1.4881770263102239,1.522387981414795,8531600,0.0,0.0
1992-12-04,1.5223880500979774,1.528089822954713,1.5138353109359741,1.5138353109359741,6010900,0.0,0.0
1992-12-07,1.5252394020164979,1.5337921433408177,1.4596682786941528,1.4596682786941528,25383400,0.0,0.0
1992-12-08,1.4653697390187932,1.4710716718491899,1.4254570079750448,1.4311587810516357,22721700,0.0,0.0
1992-12-09,1.4311587664500438,1.436860699222266,1.4112024810086792,1.419755220413208,22574800,0.0,0.0
1992-12-10,1.4254576277967352,1.4254576277967352,1.4140539169311523,1.4140539169311523,11804400,0.0,0.0
1992-12-11,1.4197559988367932,1.456817783407445,1.416905030887554,1.4539669752120972,12885600,0.0,0.0
1992-12-14,1.4653697750184853,1.499580893579912,1.4653697750184853,1.493878960609436,15438200,0.0,0.0
1992-12-15,1.4995807312630116,1.522387981414795,1.4853260601335787,1.522387981414795,14492200,0.0,0.0
1992-12-16,1.5223885353062603,1.5252395025201742,1.4881775677546938,1.5195375680923462,10719900,0.0,0.0
1992-12-17,1.5195370837927098,1.5223880500979774,1.5052825717739708,1.5138353109359741,7779500,0.0,0.0
1992-12-18,1.5252396853420354,1.5508979140812171,1.522388717786392,1.5480469465255737,9256900,0.0,0.0
1992-12-21,1.542344716629444,1.545195523591067,1.5280900428060389,1.5309410095214844,8164000,0.0,0.0
1992-12-22,1.5223883242410647,1.5508975131661158,1.5223883242410647,1.5451955795288086,10708200,0.0,0.0
1992-12-23,1.5623014647960516,1.565152432351695,1.5423451711681566,1.5480469465255737,9800800,0.0,0.0
1992-12-24,1.553748887563324,1.5594508232826234,1.545196143738262,1.5565998554229736,2570200,0.0,0.0
1992-12-28,1.556599432673977,1.5794066900954058,1.556599432673977,1.5708539485931396,6204800,0.0,0.0
1992-12-29,1.5708539908000643,1.596512215996268,1.56800318339194,1.5737049579620361,6589200,0.0,0.0
1992-12-30,1.5651523063444424,1.56800327367056,1.5394940796709526,1.5423450469970703,4283400,0.0,0.0
1992-12-31,1.5480466911717108,1.5737049156785095,1.545195724086341,1.5708539485931396,2952100,0.0,0.0
1993-01-04,1.5765560158950567,1.590810533017932,1.5166868203235806,1.5423450469970703,7673700,0.0,0.0
1993-01-05,1.5480467255487527,1.5480467255487527,1.5195375333234886,1.5252394676208496,7521000,0.0,0.0
1993-01-06,1.5280906233153697,1.536643366957002,1.4967306165473446,1.5109851360321045,17703700,0.0,0.0
1993-01-07,1.4995813358745875,1.5623013390183247,1.4995813358745875,1.5423450469970703,15012600,0.0,0.0
1993-01-08,1.5423449142207524,1.5537484630358094,1.528090238571167,1.528090238571167,10118100,0.0,0.0
1993-01-11,1.5394938056453296,1.553748320230941,1.5337920317618507,1.5451955795288086,5749000,0.0,0.0
1993-01-12,1.5537486443446877,1.5708541293171765,1.5166868667402034,1.5508978366851807,13875200,0.0,0.0
1993-01-13,1.5508976557089664,1.5623012045240234,1.5223884641636385,1.528090238571167,14797700,0.0,0.0
1993-01-14,1.5508973963936055,1.5936610966844387,1.5451954631856168,1.5822573900222778,12462500,0.0,0.0
1993-01-15,1.6022140361506105,1.710548703785875,1.5993630691917913,1.6962941884994507,44435300,0.0,0.0
1993-01-18,1.6820401872329425,1.7162511621780685,1.6706364756666054,1.6991456747055054,14777600,0.0,0.0
1993-01-19,1.6991458559805792,1.6991458559805792,1.6706366539001465,1.6706366539001465,8937000,0.0,0.0
1993-01-20,1.6592325025271268,1.6649342775344849,1.619319757967902,1.6649342775344849,14466200,0.0,0.0
1993-01-21,1.6592320901616642,1.6820395040305367,1.647828383227228,1.650679349899292,6512900,0.0,0.0
1993-01-22,1.6506803001269774,1.6592330453128077,1.6364257780685645,1.6449785232543945,6304700,0.0,0.0
1993-01-25,1.6592325273064346,1.6620834947296204,1.64497800969823,1.6478288173675537,7241500,0.0,0.0
1993-01-26,1.6649338590525546,1.6934430464312658,1.6649338590525546,1.682039499282837,7374100,0.0,0.0
1993-01-27,1.682040131271188,1.6877419069877149,1.6592327088973207,1.6763381958007812,6536400,0.0,0.0
1993-01-28,1.6791895660335314,1.6877423115353336,1.676338597614958,1.6848913431167603,3120000,0.0,0.0
1993-01-29,1.6877412728570513,1.6877412728570513,1.676337565954803,1.682039499282837,2482100,0.0,0.0
1993-02-01,1.6848911459820717,1.6905930821520836,1.679189369565959,1.6877421140670776,6383600,0.0,0.0
1993-02-02,1.6905926590399927,1.6905926590399927,1.6421270124940988,1.659232497215271,7133200,0.0,0.0
1993-02-03,1.5394940147695446,1.6307232080668832,1.5394940147695446,1.5993632078170776,39722900,0.0,0.0
1993-02-04,1.607915813776814,1.630723070234972,1.607915813776814,1.622170329093933,13746000,0.0,0.0
1993-02-05,1.6478285252355274,1.6478285252355274,1.59081030515721,1.5965120792388916,11977300,0.0,0.0
1993-02-08,1.5965120237416035,1.5965120237416035,1.5280900981245435,1.5451955795288086,20385600,0.0,0.0
1993-02-09,1.5223886018174106,1.5337923114174294,1.5052831172943115,1.5052831172943115,16096300,0.0,0.0
1993-02-10,1.5223886800214215,1.5309414227223193,1.4967304519187277,1.5024322271347046,14503900,0.0,0.0
1993-02-11,1.502431342576536,1.502431342576536,1.4311584754464137,1.4397112131118774,52829300,0.0,0.0
1993-02-12,1.3114209388980895,1.3399301348915325,1.3028681960754436,1.3370791673660278,84901900,0.0,0.0
1993-02-16,1.3342279118801565,1.3342279118801565,1.2914642095565796,1.2914642095565796,31764500,0.0,0.0
1993-02-17,1.2886133226939784,1.300016950021295,1.27720961548975,1.2914642095565796,22547900,0.0,0.0
1993-02-18,1.322824774346344,1.334228405896007,1.0377331868353519,1.077646017074585,139068400,0.0,0.0
1993-02-19,1.1061549924142313,1.1517695892795274,1.049136686424917,1.0576894283294678,81370500,0.0,0.0
1993-02-22,1.061705588579008,1.0904003798469708,1.0588361416109853,1.0674445629119873,33805900,0.01021,0.0
1993-02-23,1.0703141552580158,1.1535289326028615,1.0703141552580158,1.1334426403045654,39393800,0.0,0.0
1993-02-24,1.1707458827702057,1.2051796561431107,1.1563985642948602,1.190832257270813,47273300,0.0,0.0
1993-02-25,1.2109181054392049,1.219526525513038,1.1592675849962055,1.1621370315551758,32569500,0.0,0.0
1993-02-26,1.1822238131671579,1.1908322362592554,1.1162258759954269,1.1248342990875244,51445100,0.0,0.0
1993-03-01,1.1219646110552906,1.170745611190796,1.1018782412141452,1.170745611190796,26702100,0.0,0.0
1993-03-02,1.1822237607840256,1.1879626556598388,1.1563984926520245,1.1678763628005981,23112000,0.0,0.0
1993-03-03,1.18222359648034,1.2109183080622994,1.1707456475300078,1.1965709924697876,23652600,0.0,0.0
1993-03-04,1.2137877964278965,1.2137877964278965,1.170745609845033,1.1822235584259033,17621500,0.0,0.0
1993-03-05,1.1764845049849812,1.1793539517386842,1.156398216915206,1.1650066375732422,18270300,0.0,0.0
1993-03-08,1.1650066755675033,1.228135068986261,1.1650066755675033,1.225265622138977,24519700,0.0,0.0
1993-03-09,1.1937010726237454,1.2252653012655241,1.1937010726237454,1.2137874364852905,15115000,0.0,0.0
1993-03-10,1.2223960580121316,1.2482213183507411,1.2195265310432264,1.245351791381836,23076700,0.0,0.0
1993-03-11,1.2482217210410673,1.2539606160364638,1.2252658998686348,1.228135347366333,20142200,0.0,0.0
1993-03-12,1.2166576856392648,1.2252661100056805,1.1822239881736014,1.199440836906433,31400200,0.0,0.0
1993-03-15,1.208048862771634,1.208048862771634,1.182223598191412,1.1850930452346802,8760800,0.0,0.0
1993-03-16,1.1850928434064079,1.1879622899609925,1.1420507431030273,1.1420507431030273,30932700,0.0,0.0
1993-03-17,1.124833940350748,1.1277033870006608,1.0904002589640927,1.1047476530075073,41820500,0.0,0.0
1993-03-18,1.10187816611002,1.10187816611002,1.073183457374561,1.0760529041290283,31226500,0.0,0.0
1993-03-19,1.0559670195609552,1.0645754435107444,1.038750171661377,1.038750171661377,39587700,0.0,0.0
1993-03-22,1.0330110410705595,1.061705756479432,1.0215331709864,1.0244026184082031,30019400,0.0,0.0
1993-03-23,1.0186633031340366,1.0301412497837616,0.9756212041898678,0.9784906506538391,60843900,0.0,0.0
1993-03-24,0.9756212041898678,1.0129243298091741,0.9756212041898678,0.9784906506538391,39681700,0.0,0.0
1993-03-25,1.0272719900192,1.047358361680325,0.998577276727945,1.0014467239379883,45707800,0.0,0.0
1993-03-26,1.0157942245845446,1.0645753145217896,1.0157942245845446,1.0645753145217896,38627500,0.0,0.0
1993-03-29,1.0617055892944336,1.0846614062448856,1.055966695354521,1.0617055892944336,25265900,0.0,0.0
1993-03-30,1.070314209528325,1.0731837374285416,1.0617057866215729,1.0645753145217896,12656400,0.0,0.0
1993-03-31,1.0789227348039063,1.119095405646006,1.0789227348039063,1.1162259578704834,40081300,0.0,0.0
1993-04-01,1.1248340658089433,1.1248340658089433,1.055966695354521,1.0617055892944336,31056100,0.0,0.0
1993-04-02,1.0444889128188652,1.047358440642187,1.0014467994385055,1.0186636447906494,20136300,0.0,0.0
1993-04-05,1.030141508653623,1.0588362216949463,1.030141508653623,1.0588362216949463,12805800,0.0,0.0
1993-04-06,1.0674449179157994,1.099009166649215,1.0674449179157994,1.0731838941574097,16860100,0.0,0.0
1993-04-07,1.0904004596531218,1.0990088815841723,1.0588362191069571,1.0789225101470947,5264700,0.0,0.0
1993-04-08,1.0731830008853231,1.0903998348826298,1.0157935274286696,1.0272713899612427,11859800,0.0,0.0
1993-04-12,1.0301409158920563,1.050227195423283,1.0272713899612427,1.0272713899612427,12570800,0.0,0.0
1993-04-13,1.0301417477115877,1.0559670195609552,1.0272722194636856,1.038750171661377,11857300,0.0,0.0
1993-04-14,1.038750171661377,1.0444890673632639,1.0330111955625312,1.038750171661377,10937300,0.0,0.0
1993-04-15,1.03875029402802,1.03875029402802,1.0272723404782054,1.0330113172531128,8461100,0.0,0.0
1993-04-16,1.0301415539298702,1.0301415539298702,1.0014467592304284,1.0215331315994263,10793800,0.0,0.0
1993-04-19,1.030141435209133,1.030141435209133,1.0071856181745578,1.0100550651550293,10876100,0.0,0.0
1993-04-20,1.0071855783462524,1.010055025213254,0.9985771573483163,1.0071855783462524,17012900,0.0,0.0
1993-04-21,1.0157935274286696,1.0330103614259762,1.010054555963936,1.0272713899612427,21763900,0.0,0.0
1993-04-22,1.0272717875483606,1.067444442555813,1.0272717875483606,1.0473581552505493,18223300,0.0,0.0
1993-04-23,1.0559670983328417,1.0703144190547837,1.0272722960950285,1.0444891452789307,22134100,0.0,0.0
1993-04-26,1.0387496540581491,1.0645749130389324,1.0272717075798554,1.0301412343978882,25207100,0.0,0.0
1993-04-27,1.0330112726219842,1.0588365463978373,1.0215333999650376,1.0444891452789307,31614300,0.0,0.0
1993-04-28,1.0530966409572027,1.0530966409572027,1.0272713899612427,1.0272713899612427,15620300,0.0,0.0
1993-04-29,1.0301413135653135,1.0301413135653135,1.0071854992414664,1.0157939195632935,15059600,0.0,0.0
1993-04-30,1.0043164848755124,1.0416197122435271,1.0043164848755124,1.0129249095916748,21364400,0.0,0.0
1993-05-03,1.0272719785607924,1.0875309320781452,1.0272719785607924,1.0789225101470947,25051000,0.0,0.0
1993-05-04,1.0846616078385616,1.0846616078385616,1.058836339118305,1.0645753145217896,13690600,0.0,0.0
1993-05-05,1.0731837605349395,1.1420511452717192,1.0731837605349395,1.1248342990875244,27134400,0.0,0.0
1993-05-06,1.1391817699199496,1.162137512689418,1.1363122417760492,1.1477901935577393,28380100,0.0,0.0
1993-05-07,1.1391817699199496,1.1650070408333184,1.1391817699199496,1.1477901935577393,16178500,0.0,0.0
1993-05-10,1.1420506643458106,1.1592675032798685,1.1334422448787818,1.1449201107025146,8384700,0.0,0.0
1993-05-11,1.1449205101325997,1.1449205101325997,1.1133563480062696,1.1334426403045654,23576200,0.0,0.0
1993-05-12,1.119095294446514,1.121964822333861,1.084661602973938,1.084661602973938,14909400,0.0,0.0
1993-05-13,1.087531016700744,1.087531016700744,1.041619456295,1.055966854095459,23561900,0.0,0.0
1993-05-14,1.0559667339496606,1.0703140497207642,1.0473583123282235,1.0703140497207642,8675100,0.0,0.0
1993-05-17,1.0645752782999764,1.067444725705612,1.0444889052696875,1.0502278804779053,11939600,0.0,0.0
1993-05-18,1.0904005832420458,1.0904005832420458,1.0617057866215729,1.0645753145217896,9932600,0.0,0.0
1993-05-19,1.0789226275961925,1.093270025842082,1.0731837326153955,1.084661602973938,16399300,0.0,0.0
1993-05-20,1.090400298695222,1.1104865867703506,1.0760529041290283,1.0760529041290283,14315900,0.0,0.0
1993-05-21,1.073183615791021,1.0846614849001084,1.061705666284994,1.0789225101470947,6786500,0.0,0.0
1993-05-24,1.0846612855043063,1.0875307321548462,1.0502276041101284,1.0875307321548462,9095700,0.0,0.0
1993-05-25,1.0961390737040002,1.1190948864488435,1.0846612075300384,1.101878046989441,15958600,0.0,0.0
1993-05-26,1.0990090012198275,1.0990090012198275,1.0817921554835395,1.084661602973938,8431700,0.0,0.0
1993-05-27,1.0272723404782054,1.0502281671808666,1.0244028922892356,1.0330113172531128,32264000,0.0,0.0
1993-05-28,1.0301409158920563,1.0444882239585493,1.0272713899612427,1.0272713899612427,16296100,0.0,0.0
1993-06-01,1.0272717865267547,1.0272717865267547,1.0014465255612734,1.0157939195632935,20744000,0.0,0.0
1993-06-02,1.051617620803725,1.060284796551002,1.0285052061080933,1.0285052061080933,32734000,0.01021,0.0
1993-06-03,1.0169492461344767,1.0747304634194192,1.0169492461344767,1.0660632848739624,8810300,0.0,0.0
1993-06-04,1.0660629422910943,1.0660629422910943,1.045839559165775,1.0516176223754883,11577800,0.0,0.0
1993-06-07,1.0573955089474425,1.0718408253441438,1.054506478046359,1.0631736516952515,11254600,0.0,0.0
1993-06-08,1.05739540335453,1.0776187795338652,1.05739540335453,1.0689516067504883,24131900,0.0,0.0
1993-06-09,1.086286355539437,1.118066027856765,1.0660629718533179,1.0920644998550415,81667700,0.0,0.0
1993-06-10,1.086285890436929,1.0891750018305655,1.063173484961612,1.0776187181472778,20823800,0.0,0.0
1993-06-11,1.0573955976793359,1.060284628822854,1.0025034393329526,1.0053925514221191,50543600,0.0,0.0
1993-06-14,1.040061203016672,1.0458393459942985,1.0025033950805664,1.0025033950805664,36817700,0.0,0.0
1993-06-15,1.0025038350375515,1.0313944816589355,0.9793914148752609,1.0313944816589355,30330800,0.0,0.0
1993-06-16,1.0313940745507275,1.0313940745507275,1.0025034393329526,1.0053925514221191,11745700,0.0,0.0
1993-06-17,0.9967255548658918,1.0285052268968102,0.9967255548658918,1.016948938369751,9360100,0.0,0.0
1993-06-18,1.0169486995710695,1.0169486995710695,0.9909471779093271,0.99672532081604,13120600,0.0,0.0
1993-06-21,1.0025036379419094,1.0053927506034468,0.9678349335687788,0.9707240462303162,16751900,0.0,0.0
1993-06-22,0.9765020334182863,0.9765020334182863,0.9273880124092102,0.9273880124092102,15097400,0.0,0.0
1993-06-23,0.9244991540908812,0.9476116531795716,0.9216101220594225,0.9244991540908813,24839500,0.0,0.0
1993-06-24,0.9273881102917109,0.953389720231435,0.9273881102917109,0.9505006074905396,20732300,0.0,0.0
1993-06-25,0.9562783857419602,0.9736127317650652,0.9476112127304077,0.9476112127304077,15042000,0.0,0.0
1993-06-28,0.9533898858757804,0.9707242415501997,0.9505007726329233,0.9678351283073425,6266100,0.0,0.0
1993-06-29,0.967834659379451,0.9793909448603542,0.9418331384658815,0.9418331384658813,8575300,0.0,0.0
1993-06-30,0.9447223396380321,1.0631737508709025,0.9447223396380321,0.999614417552948,52896400,0.0,0.0
1993-07-01,1.0053921405217114,1.0169483413184517,0.9649453163146973,0.9649453163146973,39746400,0.0,0.0
1993-07-02,0.9678349547751645,0.9707240675000055,0.9533897149336245,0.9591677784919739,19413600,0.0,0.0
1993-07-06,0.9707242415501997,0.9822804516845856,0.9678351283073425,0.9678351283073425,5817000,0.0,0.0
1993-07-07,0.9649459018529062,0.9938364618486268,0.9620568701370334,0.9707240462303162,6198900,0.0,0.0
1993-07-08,0.9707233986134696,0.9880577392354521,0.9678342878793987,0.9822795987129211,9371900,0.0,0.0
1993-07-09,0.9880582199996055,0.993836282387985,0.9591675842751076,0.9620566964149475,13587300,0.0,0.0
1993-07-12,0.9678343462774784,0.9765015171114375,0.9620562863519161,0.9649453163146973,9177900,0.0,0.0
1993-07-13,0.9620562283024783,0.9938357988123726,0.9620562283024783,0.9822795987129211,9930100,0.0,0.0
1993-07-14,0.9880579842554258,0.9967251567157144,0.9851688728049091,0.9938360452651978,9912400,0.0,0.0
1993-07-15,0.9938362742661386,0.9996144175529479,0.9880582119249787,0.999614417552948,13549500,0.0,0.0
1993-07-16,0.9851687410268349,0.9967250233918495,0.9765015697258839,0.9793906807899475,15024400,0.0,0.0
1993-07-19,0.9851692309239075,0.9851692309239075,0.9707239922028563,0.9736130237579346,8731400,0.0,0.0
1993-07-20,0.9736130237579345,0.9765020553130127,0.9678348797021179,0.9736130237579346,9903200,0.0,0.0
1993-07-21,0.9707238110677325,1.011170569074184,0.9707238110677325,1.0025033950805664,26329400,0.0,0.0
1993-07-22,0.9996141872206004,1.005392329176003,0.9909470147603118,0.9938360452651978,7899500,0.0,0.0
1993-07-23,0.9938365537290113,1.0198380844127057,0.9938365537290113,1.0140600204467773,15761400,0.0,0.0
1993-07-26,1.016948570050226,1.0689516067504883,1.016948570050226,1.0689516067504883,27363600,0.0,0.0
1993-07-27,1.0689516622170305,1.0718407739251576,1.0545064274589464,1.0573954582214355,20136300,0.0,0.0
1993-07-28,1.060284488983925,1.0660626314545412,1.0516173157508193,1.0573954582214355,9601000,0.0,0.0
1993-07-29,1.0573954518342104,1.0631735942699236,1.051617309398497,1.0545064210891724,7985200,0.0,0.0
1993-07-30,1.0545068113855298,1.10073172514319,1.0545068113855298,1.0978426933288574,18379500,0.0,0.0
1993-08-02,1.1556233943846255,1.1556233943846255,1.1353999376296997,1.1353999376296997,60315000,0.0,0.0
1993-08-03,1.1411785481304777,1.1469566925673835,1.1180660513285199,1.1296223402023315,16522700,0.0,0.0
1993-08-04,1.1296223402023315,1.1296223402023315,1.1122879878372793,1.1296223402023315,15000900,0.0,0.0
1993-08-05,1.1209553174956484,1.1209553174956484,1.089175640160043,1.1007318496704102,17524100,0.0,0.0
1993-08-06,1.097842474011993,1.097842474011993,1.0805081246975587,1.086286187171936,16942400,0.0,0.0
1993-08-09,1.0891754681700712,1.1036207075405862,1.0891754681700712,1.0920644998550415,14022100,0.0,0.0
1993-08-10,1.0920639641608385,1.094952994428642,1.0805077621440007,1.0833967924118042,9204000,0.0,0.0
1993-08-11,1.08339720795996,1.0862862393358814,1.068951889189044,1.0718410015106201,12359300,0.0,0.0
1993-08-12,1.063173600692052,1.0718407739251576,1.0573954582214355,1.0573954582214355,13434500,0.0,0.0
1993-08-13,1.057395682739704,1.08339720795996,1.057395682739704,1.0718410015106201,8143800,0.0,0.0
1993-08-16,1.0747297489212841,1.08050789109208,1.063173545525326,1.0689516067504883,6339900,0.0,0.0
1993-08-17,1.066062977156883,1.1007316813316548,1.066062977156883,1.0949535369873047,10500000,0.0,0.0
1993-08-18,1.0920643305919646,1.10650964866921,1.086286187171936,1.086286187171936,12738700,0.0,0.0
1993-08-19,1.0862866744981328,1.0862866744981328,1.0660632848739624,1.0660632848739624,9779800,0.0,0.0
1993-08-20,1.0660632848739624,1.0689523174072189,1.0602851388617618,1.0660632848739624,5043900,0.0,0.0
1993-08-23,1.0660626250149616,1.0660626250149616,1.0545064210891724,1.0545064210891724,7932300,0.0,0.0
1993-08-24,1.0458394260686903,1.086286187171936,1.0458394260686903,1.086286187171936,3516200,0.0,0.0
1993-08-25,1.080508176584039,1.0862862393358814,1.068951889189044,1.0718410015106201,3296300,0.0,0.0
1993-08-26,1.071840657251263,1.086285890436929,1.0689515458576266,1.0776187181472778,4912100,0.0,0.0
1993-08-27,1.0729657636945802,1.0787813216794446,1.0555191712097767,1.0613347291946411,4953200,0.01021,0.0
1993-08-30,1.0497034597219086,1.0758733446221704,1.0497034597219086,1.0700578689575195,2728800,0.0,0.0
1993-08-31,1.072965365311123,1.0991352443216618,1.072965365311123,1.0845963954925537,7799700,0.0,0.0
1993-09-01,1.0845966701515306,1.0991355226624,1.0758733749389648,1.0758733749389648,6927500,0.0,0.0
1993-09-02,1.0816891573951761,1.0991357514518856,1.070058121847302,1.0729658603668213,19433700,0.0,0.0
1993-09-03,1.0729657785485294,1.0729657785485294,1.0555191858221982,1.0642424821853638,8357900,0.0,0.0
1993-09-07,1.061334352233219,1.0642420894579954,1.0497032403945923,1.0497032403945923,4377400,0.0,0.0
1993-09-08,1.0467958083169246,1.0555191040039062,1.0293492169429614,1.0555191040039062,14157300,0.0,0.0
1993-09-09,1.052611059089129,1.052611059089129,1.0351644728009497,1.0497032403945923,9233400,0.0,0.0
1993-09-10,1.0497032937522597,1.0671498809272701,1.0497032937522597,1.0526111125946045,6336600,0.0,0.0
1993-09-13,1.0613347291946411,1.067150205709716,1.0526114329522394,1.0613347291946411,4453800,0.0,0.0
1993-09-14,1.0555191188812458,1.0642424146911806,1.0526113807678628,1.058426856994629,4920500,0.0,0.0
1993-09-15,1.0584266381313927,1.0584266381313927,1.043887869101043,1.0467956066131592,9883000,0.0,0.0
1993-09-16,1.0497033441252754,1.0555189006192764,1.040980050119158,1.0467956066131592,6363400,0.0,0.0
1993-09-17,1.043887869101043,1.0497033441252754,1.043887869101043,1.0467956066131592,6424700,0.0,0.0
1993-09-20,1.0497035683072415,1.0497035683072415,1.0438880920410156,1.0438880920410156,4274200,0.0,0.0
1993-09-21,1.0438882494627637,1.0467959880343731,1.0293493936651201,1.0351649522781372,7991000,0.0,0.0
1993-09-22,1.0409809220536823,1.0409809220536823,1.023534319428024,1.038073182106018,5214300,0.0,0.0
1993-09-23,1.0351649522781372,1.0409804294213558,1.0351649522781372,1.0351649522781372,6753800,0.0,0.0
1993-09-24,1.0351647438686133,1.0438880392969803,1.0351647438686133,1.0409802198410034,2993300,0.0,0.0
1993-09-27,1.0409802724381167,1.0467958301741287,1.0409802724381167,1.0438880920410156,6072200,0.0,0.0
1993-09-28,1.0467956066131592,1.0584266381313927,1.0467956066131592,1.0467956066131592,6330700,0.0,0.0
1993-09-29,1.0526113879101406,1.0526113879101406,1.0409802724381167,1.0438880920410156,5311700,0.0,0.0
1993-09-30,1.043887869101043,1.0467956066131592,1.0322567561130407,1.0467956066131592,10390900,0.0,0.0
1993-10-01,1.0467959880343731,1.0555192852189996,1.0351649522781372,1.0351649522781372,8954700,0.0,0.0
1993-10-04,1.0438881367098374,1.0758735019521177,1.0438881367098374,1.0613347291946411,8143800,0.0,0.0
1993-10-05,1.070057699769615,1.0787809933571202,1.0526111125946045,1.0526111125946045,7141600,0.0,0.0
1993-10-06,1.0526114475244066,1.075873516846321,1.0497036277568244,1.0642424821853638,6083900,0.0,0.0
1993-10-07,1.0700580254370429,1.0816890599369822,1.0584269094673142,1.0613347291946411,5723000,0.0,0.0
1993-10-08,1.0613348248189474,1.09332019294305,1.0584270048296311,1.0729658603668213,4947400,0.0,0.0
1993-10-11,1.0758733036147776,1.1020431875175625,1.0758733036147776,1.0933198928833008,7118100,0.0,0.0
1993-10-12,1.0933204351142083,1.1049515547081794,1.0933204351142083,1.0991359949111938,5446800,0.0,0.0
1993-10-13,1.0991356224709055,1.0991356224709055,1.087504588287906,1.0962278842926025,5320100,0.0,0.0
1993-10-14,1.0933196884960668,1.1020429814995796,1.0845963954925537,1.0845963954925537,14210200,0.0,0.0
1993-10-15,1.0875041644289976,1.1165817792882784,1.0845963459142405,1.090411901473999,10796300,0.0,0.0
1993-10-18,1.0904121551618051,1.0962277120745711,1.0845965982490393,1.0933198928833008,7676300,0.0,0.0
1993-10-19,1.0933202749687645,1.099135833913909,1.0700582021277931,1.0816892385482788,9577500,0.0,0.0
1993-10-20,1.0816891573951761,1.0875047159040114,1.0729658603668213,1.0729658603668213,4720700,0.0,0.0
1993-10-21,1.078781268197667,1.078781268197667,1.058426856994629,1.058426856994629,8404900,0.0,0.0
1993-10-22,1.0613347438875722,1.0729657785485294,1.0584269241199897,1.0642424821853638,9192200,0.0,0.0
1993-10-25,1.0700579723877321,1.0700579723877321,1.0555191188812458,1.058426856994629,9559900,0.0,0.0
1993-10-26,1.0584268106977375,1.0642423681399096,1.0409802198410034,1.0409802198410034,9950200,0.0,0.0
1993-10-27,1.0438880392969803,1.0584268106977375,1.0380724818548084,1.0409802198410034,17221900,0.0,0.0
1993-10-28,1.0380725343050037,1.0467958301741287,1.0351647961718908,1.0438880920410156,6093200,0.0,0.0
1993-10-29,1.0497042233665115,1.0497042233665115,1.035165442158354,1.038073182106018,4218800,0.0,0.0
1993-11-01,1.0380726908497466,1.0467959880343731,1.0293493936651201,1.0351649522781372,7782000,0.0,0.0
1993-11-02,1.0322570654709409,1.038072623707811,1.017718210613662,1.0293493270874023,13061900,0.0,0.0
1993-11-03,1.0235331874959954,1.0235331874959954,1.0089943408966064,1.0089943408966064,20896800,0.0,0.0
1993-11-04,1.003179275510303,1.0206258659386716,1.0002714561257218,1.0119025707244873,16364100,0.0,0.0
1993-11-05,1.0089949792544592,1.0351649522781372,1.0089949792544592,1.0351649522781372,11589500,0.0,0.0
1993-11-08,1.0293493270874023,1.0467959203282198,1.0264415072340707,1.0293493270874023,8155600,0.0,0.0
1993-11-09,1.038073182106018,1.0467964834188472,1.023534319428024,1.038073182106018,4738400,0.0,0.0
1993-11-10,1.0351649522781372,1.0438882494627637,1.0322571322367293,1.0351649522781372,6301300,0.0,0.0
1993-11-11,1.0322569244126363,1.0438880392969803,1.0322569244126363,1.0409802198410034,3099000,0.0,0.0
1993-11-12,1.0409800001647544,1.0613344061821097,1.0409800001647544,1.0526111125946045,9048700,0.0,0.0
1993-11-15,1.0526114475244066,1.0729657785485294,1.0467958894590326,1.0642424821853638,5564300,0.0,0.0
1993-11-16,1.058426856994629,1.08168900631105,1.058426856994629,1.058426856994629,10012300,0.0,0.0
1993-11-17,1.0584270237906088,1.0584270237906088,1.0322571322367293,1.0351649522781372,12233400,0.0,0.0
1993-11-18,1.0351650587374581,1.0351650587374581,1.0235339403152466,1.0235339403152466,48046400,0.0,0.0
1993-11-19,1.0206256413161074,1.0322566718852986,1.0119023480217737,1.0148100852966309,8355300,0.0,0.0
1993-11-22,1.0119028621357886,1.0206261598621384,1.006087303161621,1.006087303161621,5182400,0.0,0.0
1993-11-23,1.006087344151736,1.0293494995263524,1.006087344151736,1.0235339403152466,6392800,0.0,0.0
1993-11-24,1.017718210613662,1.0322570654709409,1.017718210613662,1.0293493270874023,5546700,0.0,0.0
1993-11-26,1.0293493936651201,1.0380726908497466,1.0293493936651201,1.0351649522781372,1500800,0.0,0.0
1993-11-29,1.0380724818548084,1.0497035152693703,1.0380724818548084,1.0409802198410034,6371800,0.0,0.0
1993-11-30,1.0409804294213558,1.0438882494627637,1.0322571322367293,1.0351649522781372,6019300,0.0,0.0
1993-12-01,1.0550918872062525,1.0609535343488716,1.0345761632648105,1.0462994575500488,10214600,0.01191,0.0
1993-12-02,1.0492302179336548,1.0580226474044119,1.0404377884628977,1.0492302179336548,11883300,0.0,0.0
1993-12-03,1.0492303902470421,1.0521612552955908,1.0287147454845074,1.037507176399231,6780600,0.0,0.0
1993-12-06,1.0345761632648105,1.0550918872062525,1.0316453807512258,1.0462994575500488,7899500,0.0,0.0
1993-12-07,1.043368929935322,1.0462997131649077,1.034576416015625,1.034576416015625,6375200,0.0,0.0
1993-12-08,1.0345765584744566,1.0404382078562338,1.0316457748413086,1.0316457748413086,4685500,0.0,0.0
1993-12-09,1.0316452284907074,1.0345760105717379,1.0199220180511475,1.0199220180511475,5543300,0.0,0.0
1993-12-10,1.019922241716026,1.0287146720027003,1.0111298114293519,1.016991376876831,4538600,0.0,0.0
1993-12-13,1.0140603717736487,1.0199220180511475,1.0140603717736487,1.0199220180511475,4062600,0.0,0.0
1993-12-14,1.014060264546541,1.0257834737464846,1.0052678371177264,1.008198618888855,11466200,0.0,0.0
1993-12-15,1.0081987818204574,1.0081987818204574,0.987683141876236,1.0023372173309326,11536700,0.0,0.0
1993-12-16,1.0081989393534427,1.0169913695770059,0.9876832962036133,0.9876832962036133,12882200,0.0,0.0
1993-12-17,0.9876831268222273,1.0111296307692879,0.9876831268222273,0.9994063377380371,19501700,0.0,0.0
1993-12-20,0.9994065604657155,1.0228530696380636,0.9994065604657155,1.0111298561096191,14207600,0.0,0.0
1993-12-21,1.0287146720027003,1.0375071022893745,1.016991376876831,1.016991376876831,9659800,0.0,0.0
1993-12-22,1.022853200981812,1.0492304963944936,1.0199224177522264,1.034576416015625,12382800,0.0,0.0
1993-12-23,1.0345765584744566,1.0433690736048629,1.0257841254595315,1.0316457748413086,6821800,0.0,0.0
1993-12-27,1.0287147454845074,1.0404379593323183,1.0287147454845074,1.037507176399231,6025200,0.0,0.0
1993-12-28,1.037507027893845,1.0521611046926678,1.0345761632648105,1.0462994575500488,8249600,0.0,0.0
1993-12-29,1.0404378104074297,1.0521611046926678,1.0404378104074297,1.0462994575500488,5535000,0.0,0.0
1993-12-30,1.0492305020759332,1.0638845825341516,1.0404380702240963,1.043368935585022,7532700,0.0,0.0
1993-12-31,1.0550916409374826,1.060953286711936,1.0521608591079712,1.0521608591079712,5540800,0.0,0.0
1994-01-03,1.058022281721094,1.063883926714126,1.0462990738504492,1.0550915002822876,16002300,0.0,0.0
1994-01-04,1.0550921525238732,1.081469448125423,1.0550921525238732,1.0726770162582397,8355300,0.0,0.0
1994-01-05,1.0785384625336358,1.101984888370434,1.0785384625336358,1.093192458152771,20177400,0.0,0.0
1994-01-06,1.0990539548733467,1.151808528941102,1.0990539548733467,1.1430160999298096,22941600,0.0,0.0
1994-01-07,1.1400853715543584,1.1664626598358154,1.1400853715543584,1.1664626598358154,13046700,0.0,0.0
1994-01-10,1.169393744121294,1.169393744121294,1.131293234140805,1.1488780975341797,10294400,0.0,0.0
1994-01-11,1.143016489203274,1.143016489203274,1.1283624906040832,1.1342240571975708,7253200,0.0,0.0
1994-01-12,1.1254311953005147,1.1371544882403786,1.113707984476091,1.1283620595932007,14451100,0.0,0.0
1994-01-13,1.1195695336100622,1.1371544727807912,1.1195695336100622,1.1254311800003052,5854800,0.0,0.0
1994-01-14,1.1254312922114178,1.1400853685903902,1.1225005097818022,1.1312929391860962,6083900,0.0,0.0
1994-01-17,1.1254312922114178,1.1371545861607746,1.1254312922114178,1.1312929391860962,846100,0.0,0.0
1994-01-18,1.1371544727807912,1.1371544727807912,1.1195695336100622,1.1254311800003052,3669000,0.0,0.0
1994-01-19,1.1254315688334695,1.1254315688334695,1.1107774888526418,1.1166391372680664,5725500,0.0,0.0
1994-01-20,1.1195697784423828,1.1195697784423828,1.099054134763242,1.1195697784423828,2608800,0.0,0.0
1994-01-21,1.1137079909186591,1.125431201810899,1.1107771266090185,1.1225004196166992,9624500,0.0,0.0
1994-01-24,1.119569920418045,1.1254315688334695,1.1107774888526418,1.1166391372680664,5402300,0.0,0.0
1994-01-25,1.1195693768210022,1.122500240663393,1.0961229587744405,1.0990537405014038,7247300,0.0,0.0
1994-01-26,1.0990542824871183,1.1195699289237668,1.0990542824871183,1.110777497291565,6663100,0.0,0.0
1994-01-27,1.110777505438222,1.157670529230867,1.1019850737415346,1.1488780975341797,13038400,0.0,0.0
1994-01-28,1.1430163609326305,1.1459472260159407,1.1342239299136245,1.1400855779647827,5781700,0.0,0.0
1994-01-31,1.1488780975341797,1.1518088807279192,1.1195699371349095,1.1488780975341797,12180500,0.0,0.0
1994-02-01,1.1459470155650686,1.148877797994684,1.1283621567564805,1.1312929391860962,5572700,0.0,0.0
1994-02-02,1.1400855779647827,1.1400855779647827,1.1342239299136245,1.1400855779647827,3866200,0.0,0.0
1994-02-03,1.1400855042369806,1.1400855042369806,1.1137082128857467,1.1195697784423828,3874600,0.0,0.0
1994-02-04,1.125431230447125,1.1342236593688857,1.0902615147600827,1.1137080192565918,13845900,0.0,0.0
1994-02-07,1.078538477073281,1.1078465508221047,1.078538477073281,1.0961233377456665,13916400,0.0,0.0
1994-02-08,1.0961229587744405,1.0990537405014038,1.0902613132050862,1.0990537405014038,2268000,0.0,0.0
1994-02-09,1.093192634027161,1.110777497291565,1.093192634027161,1.110777497291565,3114100,0.0,0.0
1994-02-10,1.1078467057026633,1.1254315688334695,1.1078467057026633,1.1166391372680664,8772500,0.0,0.0
1994-02-11,1.1137080192565918,1.1225004481783525,1.1107771548723764,1.1137080192565918,1821400,0.0,0.0
1994-02-14,1.1195696452367394,1.1342237216157118,1.1166388628071238,1.1312929391860962,3962800,0.0,0.0
1994-02-15,1.1342237216157118,1.1371545861607746,1.1195696452367394,1.1312929391860962,5411600,0.0,0.0
1994-02-16,1.1312930737865694,1.1312930737865694,1.1107773479919716,1.1195697784423828,6528000,0.0,0.0
1994-02-17,1.127834310636426,1.1573588162376778,1.1248818931649502,1.1396441459655762,24275400,0.01191,0.0
1994-02-18,1.1278344005100895,1.1337393186452094,1.1219295650966,1.1248819828033447,23112000,0.0,0.0
1994-02-22,1.1189771989283839,1.1189771989283839,1.1012625251191643,1.1042150259017944,7364800,0.0,0.0
1994-02-23,1.1012624168289311,1.1012624168289311,1.0894526630246177,1.092405080795288,8478700,0.0,0.0
1994-02-24,1.0865006899101632,1.0953580295687197,1.0717384295720136,1.0835481882095337,7094600,0.0,0.0
1994-02-25,1.077642603184717,1.0835474370491667,1.065832770012601,1.0746901035308838,13029100,0.0,0.0
1994-02-28,1.0776431244312223,1.0865004622337218,1.0687857866287231,1.0687857866287231,8522400,0.0,0.0
1994-03-01,1.0717376908661849,1.0835474413637174,1.0510706068151008,1.0599279403686523,6718500,0.0,0.0
1994-03-02,1.0540233850479126,1.0658331395934886,1.051070967091928,1.0540233850479126,3763000,0.0,0.0
1994-03-03,1.054023275986639,1.0599281940092555,1.0422134399414062,1.0422134399414062,10637700,0.0,0.0
1994-03-04,1.0451657457830161,1.0510706627065853,1.0304034948349,1.0304034948349,15920000,0.0,0.0
1994-03-07,1.030403598360288,1.0658329380180875,1.030403598360288,1.0569756031036377,7846700,0.0,0.0
1994-03-08,1.0628803573126333,1.065832774256614,1.0569754407030625,1.0599279403686523,5593700,0.0,0.0
1994-03-09,1.0569758966340843,1.0569758966340843,1.0363088036681622,1.0392612218856812,5937000,0.0,0.0
1994-03-10,1.0451658269954613,1.0451658269954613,1.0274511575698853,1.0274511575698853,4518400,0.0,0.0
1994-03-11,1.0333563027289985,1.0451661410423638,1.0274514662939607,1.0392612218856812,6847800,0.0,0.0
1994-03-14,1.0451661410423638,1.0510710601990463,1.0274514662939607,1.0392612218856812,4306900,0.0,0.0
1994-03-15,1.0363089089613973,1.0569760040271812,1.0304039892047507,1.0510711669921875,6339900,0.0,0.0
1994-03-16,1.056975164450803,1.0687849945833134,1.056975164450803,1.065832495689392,7758500,0.0,0.0
1994-03-17,1.065832770012601,1.0835474370491667,1.065832770012601,1.0746901035308838,4970900,0.0,0.0
1994-03-18,1.0746898269279814,1.0746898269279814,1.059927663344724,1.065832495689392,3255100,0.0,0.0
1994-03-21,1.0658330241504774,1.0658330241504774,1.0392610172597834,1.0481183528900146,2949600,0.0,0.0
1994-03-22,1.0451661348342896,1.0569758903558626,1.0363087975126988,1.0451661348342896,4791200,0.0,0.0
1994-03-23,1.051070967091928,1.062880721637504,1.0451660484583214,1.0540233850479126,3831000,0.0,0.0
1994-03-24,1.0481183579640225,1.0510708583361452,1.0392610222909122,1.0422134399414062,4888600,0.0,0.0
1994-03-25,1.0392611298247147,1.0599283036815192,1.0392611298247147,1.0540233850479126,5578600,0.0,0.0
1994-03-28,1.054023275986639,1.054023275986639,1.0392610222909122,1.0422134399414062,7047600,0.0,0.0
1994-03-29,1.039260828859447,1.0510706627065853,1.0274510777339219,1.0304034948349,16652000,0.0,0.0
1994-03-30,1.0304035749002747,1.0392609096130627,1.0274511575698853,1.0274511575698853,11360400,0.0,0.0
1994-03-31,1.0304036603791376,1.0304036603791376,1.0126889894840112,1.0185939073562622,13026600,0.0,0.0
1994-04-04,1.006783643522429,1.018593474245333,1.0008788108825684,1.0008788108825684,17398200,0.0,0.0
1994-04-05,1.0038319265450455,1.0215466022491455,1.0038319265450455,1.0215466022491455,10484900,0.0,0.0
1994-04-06,1.0215461608103527,1.0304034948349,1.0156412438867835,1.0304034948349,9027700,0.0,0.0
1994-04-07,1.030403738625527,1.030403738625527,1.0215464025053589,1.0244988203048706,4050900,0.0,0.0
1994-04-08,1.0274510059051671,1.0274510059051671,1.0126887559890747,1.0126887559890747,6304700,0.0,0.0
1994-04-11,1.0156414736548771,1.0422134817398916,1.0156414736548771,1.0363086462020874,8749000,0.0,0.0
1994-04-12,1.0333559657060587,1.0333559657060587,1.0067839622497559,1.0067839622497559,6254300,0.0,0.0
1994-04-13,1.0097370602422424,1.0126894792454166,0.9861174600518489,0.9890698790550232,12644700,0.0,0.0
1994-04-14,0.9861169012145501,0.9920218185962194,0.9595448970794678,0.9595448970794678,10731700,0.0,0.0
1994-04-15,0.9595451299799546,0.9624975480265894,0.9300206186270478,0.9418304562568665,15964500,0.0,0.0
1994-04-18,0.9418301022759732,0.9536398527455319,0.9300202690848057,0.9359251856803894,11736400,0.0,0.0
1994-04-19,0.932972768743402,0.9477349361499482,0.9211629355522345,0.9359251856803894,6968600,0.0,0.0
1994-04-20,0.9418305502442471,0.9447829685855103,0.927068293094635,0.927068293094635,10026600,0.0,0.0
1994-04-21,0.9329727964554678,0.9329727964554678,0.9182105458888301,0.9211629629135132,6810000,0.0,0.0
1994-04-22,0.9241158644487342,0.9329732020954054,0.9123060257720744,0.915258526802063,9777300,0.0,0.0
1994-04-25,0.9123058138099891,0.9152583141540035,0.9004960605988152,0.9064009785652161,9571600,0.0,0.0
1994-04-26,0.915258526802063,0.9211633634187456,0.9093536074637331,0.915258526802063,9879700,0.0,0.0
1994-04-28,0.915258128864147,0.9388776305048339,0.915258128864147,0.9211629629135132,8625600,0.0,0.0
1994-04-29,0.9211633736904605,0.9359256308400726,0.9211633736904605,0.927068293094635,4923900,0.0,0.0
1994-05-02,0.9300207114358982,0.9359256308400726,0.9211633736904605,0.927068293094635,7080300,0.0,0.0
1994-05-03,0.9270679746140669,0.9329728919896938,0.9270679746140669,0.9300203919410706,2793500,0.0,0.0
1994-05-04,0.9300201809889387,0.9654495944847924,0.927067764331618,0.9565922617912292,16775400,0.0,0.0
1994-05-05,0.9565924244070462,0.9624972587254793,0.94478259032695,0.9536399245262146,9979600,0.0,0.0
1994-05-06,0.9506879897938434,0.9595453284877667,0.9477354884147643,0.9477354884147644,10870200,0.0,0.0
1994-05-09,0.9447827339172363,0.9477351515251682,0.9418303163093045,0.9447827339172363,6275300,0.0,0.0
1994-05-10,0.947735292350136,0.947735292350136,0.9359255374419571,0.9418304562568665,7758500,0.0,0.0
1994-05-11,0.9388780491813358,0.9388780491813358,0.927068293094635,0.927068293094635,10884400,0.0,0.0
1994-05-12,0.9300203919410706,0.9329728919896938,0.9270679746140669,0.9300203919410706,8105200,0.0,0.0
1994-05-13,0.9300202531606878,0.9300202531606878,0.9182105028933395,0.9241154193878174,3014200,0.0,0.0
1994-05-16,0.9270676816135333,0.9329725971229067,0.9064006014131168,0.9093530178070068,18481900,0.0,0.0
1994-05-17,0.9093532808729108,0.9123056981209026,0.9004959464073181,0.9004959464073181,10517600,0.0,0.0
1994-05-18,0.9064009785652161,0.9093533961876026,0.9004960605988152,0.9064009785652161,5864000,0.0,0.0
1994-05-19,0.9064009443972016,0.9064009443972016,0.8916386913984965,0.8975436091423035,13925600,0.0,0.0
1994-05-20,0.9093533917355434,0.9447827339172363,0.9093533917355434,0.9447827339172363,37742700,0.0,0.0
1994-05-23,0.9447830697573423,0.9654502485242679,0.938878149720841,0.9477354884147644,20344500,0.0,0.0
1994-05-24,0.9565923374040727,0.9772594210821279,0.9536398377917737,0.968402087688446,12051200,0.0,0.0
1994-05-25,0.9772600153696068,0.9831649354634738,0.9684026765896353,0.9743075966835022,15961100,0.0,0.0
1994-05-26,0.971354901790619,0.9861171577239495,0.962497564774949,0.9713549017906189,14227800,0.0,0.0
1994-05-27,0.9802122217496775,0.9861171405645869,0.9388779554885919,0.9418304562568665,28033400,0.0,0.0
1994-05-31,0.9388778627392551,0.9418303632158597,0.9300205267527045,0.9329730272293091,15855400,0.0,0.0
1994-06-01,0.9359256308400726,0.9359256308400726,0.9182109553491973,0.927068293094635,16836600,0.0,0.0
1994-06-02,0.9324277809541133,0.9324277809541133,0.9264697500976293,0.9294487237930298,8102700,0.01191,0.0
1994-06-03,0.9264702147371332,0.9324282485816656,0.9205121808926008,0.9234912395477295,14897600,0.0,0.0
1994-06-06,0.9234908907807415,0.9234908907807415,0.9026378219331425,0.9056168794631958,13690600,0.0,0.0
1994-06-07,0.905617415610127,0.9205123782157897,0.905617415610127,0.9205123782157898,14977400,0.0,0.0
1994-06-08,0.926469626170626,0.9324276562301482,0.9115745927546562,0.9175326228141785,13379100,0.0,0.0
1994-06-09,0.9145542305137933,0.9294491899265369,0.9145542305137933,0.9234912395477295,4653600,0.0,0.0
1994-06-10,0.9234913637083303,0.9324283739438203,0.9234913637083303,0.9264703392982483,5352800,0.0,0.0
1994-06-13,0.9205117192411453,0.9354067546495137,0.9205117192411453,0.9294487237930298,9530500,0.0,0.0
1994-06-14,0.929449187488388,0.9383861964988806,0.929449187488388,0.9354072213172913,7417700,0.0,0.0
1994-06-15,0.9354072213172913,0.9383861964988806,0.9354072213172913,0.9354072213172913,12115800,0.0,0.0
1994-06-16,0.9294488850748163,0.9413649488555085,0.9294488850748163,0.9324279427528381,8672600,0.0,0.0
1994-06-17,0.9294487237930298,0.9354067546495137,0.9264697500976293,0.9294487237930298,11440100,0.0,0.0
1994-06-20,0.9294493891654845,0.9294493891654845,0.9205123782157897,0.9205123782157898,3439800,0.0,0.0
1994-06-21,0.9175334023878058,0.9264704133375006,0.9175334023878058,0.9205123782157898,6310600,0.0,0.0
1994-06-22,0.9205123782157897,0.9264704133375006,0.9175334023878058,0.9205123782157898,6177900,0.0,0.0
1994-06-23,0.9205118332506883,0.9205118332506883,0.9056168794631958,0.9056168794631958,12841100,0.0,0.0
1994-06-24,0.9085957372234102,0.9085957372234102,0.8966797590255737,0.8966797590255737,9709300,0.0,0.0
1994-06-27,0.8996586225496853,0.9026375958679625,0.8907216191291809,0.8907216191291809,6075500,0.0,0.0
1994-06-28,0.8937011438180897,0.8937011438180897,0.8847641348838806,0.8847641348838806,8628100,0.0,0.0
1994-06-29,0.8877431352443893,0.8937010851657006,0.8639110851619887,0.8728480935096741,20444400,0.0,0.0
1994-06-30,0.8639106249703608,0.875826601931248,0.8519945645437994,0.8579525947570801,12541400,0.0,0.0
1994-07-01,0.8609319936111329,0.8609319936111329,0.8460370359152218,0.849016010761261,9759700,0.0,0.0
1994-07-05,0.8549740439190546,0.8609319936111329,0.849016010761261,0.849016010761261,4224700,0.0,0.0
1994-07-06,0.8519949856073001,0.8549740439190546,0.8460370359152218,0.849016010761261,5343600,0.0,0.0
1994-07-07,0.8490159632942029,0.8490159632942029,0.8430579304695129,0.8430579304695129,6422200,0.0,0.0
1994-07-08,0.8430579304695129,0.8490159632942029,0.8370999811105335,0.8430579304695129,11334400,0.0,0.0
1994-07-11,0.8400791234751007,0.8430580987492126,0.8311421141870378,0.8371001482009888,6956900,0.0,0.0
1994-07-12,0.8341212085921372,0.8519952297210693,0.828163257192986,0.8519952297210693,11722200,0.0,0.0
1994-07-13,0.8519945088781185,0.8609315118812968,0.8400785326957703,0.8400785326957703,9119200,0.0,0.0
1994-07-14,0.8400791234751007,0.8490161327631637,0.8251840801730866,0.8371001482009888,5799400,0.0,0.0
1994-07-15,0.8400791316507982,0.8400791316507982,0.8281631469726562,0.8281631469726562,7329600,0.0,0.0
1994-07-18,0.8281629141887271,0.8311418886544863,0.8192259073257445,0.8192259073257446,6747900,0.0,0.0
1994-07-19,0.8162469203727293,0.828162986203362,0.8162469203727293,0.8251839280128479,6481000,0.0,0.0
1994-07-20,0.8251839221753471,0.8281629803447867,0.8222049474716187,0.8222049474716187,5161400,0.0,0.0
1994-07-21,0.8192258653540627,0.8251838139803356,0.8162468075752258,0.8162468075752258,8733900,0.0,0.0
1994-07-22,0.8132678332620894,0.8222048396671991,0.8132678332620894,0.8162468075752258,4797100,0.0,0.0
1994-07-25,0.8222049532880457,0.8311419609281643,0.8222049532880457,0.8251839280128479,7902900,0.0,0.0
1994-07-26,0.8222048822275839,0.8370999214956897,0.8222048822275839,0.8311418890953064,11346100,0.0,0.0
1994-07-27,0.8311417763639579,0.8370998079562276,0.8311417763639579,0.8341207504272461,18528900,0.0,0.0
1994-07-28,0.8341208635626457,0.8370999214956897,0.8251838566949232,0.8311418890953064,17280700,0.0,0.0
1994-07-29,0.8370999214956897,0.8370999214956897,0.8311418890953065,0.8311418890953064,12033600,0.0,0.0
1994-08-01,0.8311417763639579,0.8341207504272461,0.8251837447716883,0.8341207504272461,2740600,0.0,0.0
1994-08-02,0.8341208635626457,0.8341208635626457,0.8281629146279672,0.8311418890953064,6700900,0.0,0.0
1994-08-03,0.828162986203362,0.8311419609281643,0.8222049532880457,0.8251839280128479,6228300,0.0,0.0
1994-08-04,0.8251839280128479,0.8311419609281643,0.8222049532880457,0.8251839280128479,6659700,0.0,0.0
1994-08-05,0.8222049538899472,0.8251839286169301,0.8132679462432861,0.8132679462432861,7905400,0.0,0.0
1994-08-08,0.8162469209702692,0.8251839286169301,0.8132679462432861,0.8132679462432861,16766100,0.0,0.0
1994-08-09,0.8102888043202408,0.8132677784325384,0.8073097467422484,0.8073097467422485,7881900,0.0,0.0
1994-08-10,0.8043306469917297,0.8162466250453126,0.8043306469917297,0.8043306469917297,15873000,0.0,0.0
1994-08-11,0.804330770754435,0.804330770754435,0.77751975340919,0.7953937649726868,20300800,0.0,0.0
1994-08-12,0.7924150747001447,0.8013520836830138,0.7924150747001447,0.8013520836830139,14901000,0.0,0.0
1994-08-15,0.8073098011701161,0.8222048396671991,0.8073098011701161,0.8162468075752258,18420600,0.0,0.0
1994-08-16,0.8222049474716187,0.8490159702023083,0.8222049474716187,0.8222049474716187,37977800,0.0,0.0
1994-08-17,0.8222051129007212,0.8311421222757597,0.8222051129007212,0.8281631469726562,4947400,0.0,0.0
1994-08-18,0.8281631469726562,0.8371001563476946,0.8251840882038247,0.8281631469726562,13931500,0.0,0.0
1994-08-19,0.8341208635626457,0.8430578704303682,0.8281629146279672,0.8311418890953064,15925900,0.0,0.0
1994-08-22,0.8311418890953065,0.840078895963029,0.8251838566949232,0.8311418890953064,6116700,0.0,0.0
1994-08-23,0.8341209356529664,0.8460370014835992,0.8251839280128479,0.8251839280128479,26787700,0.0,0.0
1994-08-24,0.8251840621708723,0.9056172274744364,0.8251840621708723,0.8668901324272156,150502700,0.0,0.0
1994-08-25,0.8758268837933539,0.893700896719808,0.8728479094608452,0.8817849159240723,54733000,0.0,0.0
1994-08-26,0.8788059415915636,0.893700896719808,0.8788059415915636,0.8817849159240723,15700100,0.0,0.0
1994-08-29,0.8962181187812603,0.9082478599530582,0.8932106202914077,0.8992255330085754,19965900,0.01191,0.0
1994-08-30,0.8992259886836688,0.9413302305147327,0.8992259886836688,0.9323078989982605,24566700,0.0,0.0
1994-08-31,0.9262925982475281,0.9413298392794,0.9262925982475281,0.9262925982475281,22201200,0.0,0.0
1994-09-01,0.9262929832330855,0.9353153147495578,0.9232855674817882,0.9323078989982605,12394500,0.0,0.0
1994-09-02,0.9262928081716508,0.9323077228000581,0.9202778935432434,0.9202778935432434,5772500,0.0,0.0
1994-09-06,0.9142630663929574,0.9172704815864563,0.9112555669368938,0.9172704815864563,7233100,0.0,0.0
1994-09-07,0.9172704783603218,0.9232853929887292,0.9142630631774004,0.9202778935432434,6357600,0.0,0.0
1994-09-08,0.9202783317479554,0.9323081667329615,0.9202783317479554,0.9293006658554077,14007900,0.0,0.0
1994-09-09,0.9262928081716508,0.9262928081716508,0.9202778935432434,0.9202778935432434,21687500,0.0,0.0
1994-09-12,0.926292839995565,0.926292839995565,0.9202779251605079,0.9232854247093201,7650200,0.0,0.0
1994-09-13,0.91727009491871,0.9202775088444581,0.9022328567649116,0.9082477688789368,13646100,0.0,0.0
1994-09-14,0.8811813862352177,0.8871963024139404,0.8811813862352177,0.8871963024139404,13714100,0.0,0.0
1994-09-15,0.8902034759521485,0.8902034759521485,0.8871960608130582,0.8902034759521484,5278900,0.0,0.0
1994-09-16,0.8841883838298318,0.8841883838298318,0.8751660559620543,0.8781734704971313,7259100,0.0,0.0
1994-09-19,0.8751659127286322,0.8751659127286322,0.8571212599463428,0.8631361722946167,7068500,0.0,0.0
1994-09-20,0.8059947181252812,0.8210319569110234,0.7909575636020717,0.81501704454422,70488600,0.0,0.0
1994-09-21,0.8180249333381653,0.8240397643135794,0.8120100181001784,0.8180249333381653,14383900,0.0,0.0
1994-09-22,0.8210325660736031,0.8240399823570816,0.8059953161310197,0.8090028166770935,11301600,0.0,0.0
1994-09-23,0.8059948435856779,0.8059948435856779,0.7939651012420654,0.7939651012420654,18150300,0.0,0.0
1994-09-26,0.7969725157623321,0.7999800145451444,0.7879501879389863,0.7939651012420654,9415500,0.0,0.0
1994-09-27,0.7969726434361671,0.7969726434361671,0.7699056556300385,0.775920569896698,16851700,0.0,0.0
1994-09-28,0.7729130706320886,0.7879503141674575,0.7729130706320886,0.775920569896698,15547300,0.0,0.0
1994-09-29,0.7759203575361993,0.7909575969560484,0.7729128590947077,0.7879500985145569,9215700,0.0,0.0
1994-09-30,0.7849426843356014,0.7909575969560484,0.7789277717151546,0.7879500985145569,7282600,0.0,0.0
1994-10-03,0.7909579595635688,0.7909579595635688,0.778928128807708,0.7849430441856384,4506700,0.0,0.0
1994-10-04,0.7879504316770131,0.7969727622912515,0.7789281010627747,0.7789281010627747,4436200,0.0,0.0
1994-10-05,0.7759205047068699,0.7819353342056274,0.7699055909455601,0.7819353342056274,6036900,0.0,0.0
1994-10-06,0.7819353999007982,0.7999801427007764,0.7729130706320886,0.775920569896698,9603500,0.0,0.0
1994-10-07,0.7729132248350935,0.7759207246997256,0.7638908937663493,0.7668983936309814,5723000,0.0,0.0
1994-10-10,0.7699056556300385,0.778927984898748,0.7699056556300385,0.775920569896698,4747600,0.0,0.0
1994-10-11,0.7789281010627747,0.7819355165133302,0.7759206856122192,0.7789281010627747,3866200,0.0,0.0
1994-10-12,0.7789279194562486,0.7969725764776256,0.7759205047068699,0.7819353342056274,10076900,0.0,0.0
1994-10-13,0.7879503456365645,0.7879503456365645,0.769905686378479,0.769905686378479,14539200,0.0,0.0
1994-10-14,0.7699055909455601,0.7819353342056274,0.7668981761961813,0.7819353342056274,5611300,0.0,0.0
1994-10-17,0.778927984898748,0.7819353999007982,0.7759205698966979,0.775920569896698,2693600,0.0,0.0
1994-10-18,0.7759207246997256,0.7759207246997256,0.7638908937663493,0.7668983936309814,7106300,0.0,0.0
1994-10-19,0.769905717611149,0.769905717611149,0.7608833876160985,0.76389080286026,7215400,0.0,0.0
1994-10-20,0.7668983023669875,0.769905717611149,0.757875972371937,0.76389080286026,5425800,0.0,0.0
1994-10-21,0.7608831548522619,0.7638905691764171,0.7578757405281067,0.7578757405281067,3801600,0.0,0.0
1994-10-24,0.7548682419414112,0.7699054820872676,0.7548682419414112,0.7578757405281067,6495200,0.0,0.0
1994-10-25,0.7548682419414112,0.7638905691764171,0.7548682419414112,0.7578757405281067,11117000,0.0,0.0
1994-10-26,0.7638910455215637,0.7668985459836684,0.7578762131225403,0.760883629322052,9856200,0.0,0.0
1994-10-27,0.7578757676610426,0.7638905965246916,0.7548682689666748,0.7548682689666748,7787900,0.0,0.0
1994-10-28,0.7518610271203936,0.7789280160075217,0.7518610271203936,0.769905686378479,10881900,0.0,0.0
1994-10-31,0.7668980906931795,0.787950160116798,0.7668980906931795,0.7729129195213318,16260800,0.0,0.0
1994-11-01,0.775920632362038,0.7789280476061995,0.76389080286026,0.76389080286026,9583400,0.0,0.0
1994-11-02,0.766898271256319,0.7729131015006391,0.7608833567494363,0.769905686378479,8390600,0.0,0.0
1994-11-03,0.7668983023669875,0.769905717611149,0.7608833876160985,0.76389080286026,3313900,0.0,0.0
1994-11-04,0.7668983023669875,0.7668983023669875,0.7608833876160985,0.76389080286026,5132000,0.0,0.0
1994-11-07,0.7638905965246916,0.7638905965246916,0.7548682689666748,0.7548682689666748,7479800,0.0,0.0
1994-11-08,0.7578760625622373,0.7699058092330375,0.7548685626976052,0.7668983936309814,11789300,0.0,0.0
1994-11-09,0.8059948461978926,0.812009759520466,0.784942775962705,0.7909576892852783,43553900,0.0,0.0
1994-11-10,0.7939653293835773,0.8420843968473186,0.7939653293835773,0.8120099902153015,44591400,0.0,0.0
1994-11-11,0.8059948709440655,0.8090023698289633,0.79396512819212,0.8029874563217163,10817300,0.0,0.0
1994-11-14,0.8059951028621913,0.8240397643135794,0.8029876873744843,0.8180249333381653,12153600,0.0,0.0
1994-11-15,0.8150176492440507,0.8180251497901244,0.7999804835640625,0.8090028166770935,14948000,0.0,0.0
1994-11-16,0.8120097844513126,0.8150171990736618,0.8029874563217162,0.8029874563217163,10884400,0.0,0.0
1994-11-17,0.8059949615520061,0.8120098757354348,0.7909578024872715,0.7969726324081421,8663400,0.0,0.0
1994-11-18,0.7999804835640625,0.8150176492440507,0.7939655667345101,0.8090028166770935,19128200,0.0,0.0
1994-11-21,0.8059947521133612,0.8059947521133612,0.7759203575361993,0.7879500985145569,27360200,0.0,0.0
1994-11-22,0.7849430557684698,0.7879504713705258,0.7668983936309814,0.7668983936309814,11052300,0.0,0.0
1994-11-23,0.7729130056949389,0.7849428332175584,0.7699055909455601,0.7819353342056274,16113900,0.0,0.0
1994-11-25,0.7789281010627747,0.7879504316770131,0.7729131858990917,0.7789281010627747,3484300,0.0,0.0
1994-11-28,0.7759206415086071,0.8090025466346177,0.7729131419664271,0.8059950470924377,11393100,0.0,0.0
1994-11-29,0.8090025067215181,0.8300545811653137,0.8059950073277167,0.8300545811653137,7462200,0.0,0.0
1994-11-30,0.8268899492656661,0.8390500630112038,0.8268899492656661,0.8329699635505676,8825400,0.01259,0.0
1994-12-01,0.8329700237200062,0.8360101162577921,0.8238499164581299,0.8238499164581299,9521300,0.0,0.0
1994-12-02,0.8299300169332918,0.8299300169332918,0.8116898023968947,0.8147298097610474,11248700,0.0,0.0
1994-12-05,0.8208098916192742,0.8390501057546533,0.8208098916192742,0.8360100984573364,8660900,0.0,0.0
1994-12-06,0.8329703101871979,0.8451305141688812,0.8329703101871979,0.8390504121780396,11571900,0.0,0.0
1994-12-07,0.8360102193561284,0.839050227093073,0.8268901109695435,0.8268901109695435,12124200,0.0,0.0
1994-12-08,0.8238499825446688,0.8238499825446688,0.7752094349714574,0.7782494425773621,17545100,0.0,0.0
1994-12-09,0.7843293722693887,0.8025695842866492,0.7660891602521281,0.7904093861579895,15523800,0.0,0.0
1994-12-12,0.7904094886493086,0.7934495811635427,0.7782493741195925,0.7843294739723206,6134300,0.0,0.0
1994-12-13,0.7782495490232939,0.7964897675050424,0.7752095410015889,0.7934497594833374,14583700,0.0,0.0
1994-12-14,0.7995296877645436,0.8147298097610473,0.7995296877645436,0.8147298097610474,27624600,0.0,0.0
1994-12-15,0.8147299731274691,0.8147299731274691,0.8056098640305425,0.8086499571800232,6031000,0.0,0.0
1994-12-16,0.8147297918489016,0.8451302055250259,0.8147297918489016,0.8360100984573364,15661500,0.0,0.0
1994-12-19,0.836010055868753,0.836010055868753,0.8268899492656661,0.8329699635505676,6360100,0.0,0.0
1994-12-20,0.8238498396155183,0.8268899318697468,0.814729733204298,0.8177698254585266,6281200,0.0,0.0
1994-12-21,0.8086497950327421,0.8268900095691393,0.8086497950327421,0.8147298097610474,8886700,0.0,0.0
1994-12-22,0.8238498396155183,0.8299299389482426,0.8177698254585266,0.8177698254585266,4767700,0.0,0.0
1994-12-23,0.8147298013965101,0.817769893905192,0.8116897940635681,0.8116897940635681,3627800,0.0,0.0
1994-12-27,0.8116899651537461,0.8147299731274691,0.8056098640305425,0.8086499571800232,4867600,0.0,0.0
1994-12-28,0.8086499073241208,0.8116899151104173,0.802569806575775,0.8025698065757751,4709000,0.0,0.0
1994-12-29,0.7964898943901062,0.802569996577868,0.7964898943901062,0.7964898943901062,7276700,0.0,0.0
1994-12-30,0.7995295773423488,0.8116896902952795,0.7904093861579895,0.7904093861579895,12288800,0.0,0.0
1995-01-03,0.7995298480830966,0.8116899651537461,0.7995298480830966,0.8086499571800232,2305800,0.0,0.0
1995-01-04,0.8056096440896818,0.8755304898021631,0.8056096440896818,0.8694503903388977,27612900,0.0,0.0
1995-01-05,0.8724905909430439,0.9028909216808813,0.8664104907251784,0.8937708139419556,73920000,0.0,0.0
1995-01-06,0.8968112517813268,0.9241715855278735,0.8937711579145252,0.9211314916610718,22095500,0.0,0.0
1995-01-09,0.9241715855278735,0.9241715855278735,0.9089713717211994,0.9211314916610718,11389800,0.0,0.0
1995-01-10,0.9150514742790246,0.9241715855278735,0.912011380412223,0.9211314916610718,9712600,0.0,0.0
1995-01-11,0.9241713265485663,0.9393714509199518,0.8937709074542872,0.9332914352416992,14639100,0.0,0.0
1995-01-12,0.9272113405165048,0.9272113405165048,0.8998510142562559,0.9059311151504517,20591300,0.0,0.0
1995-01-13,0.905930953100607,0.9120109677314758,0.8876906536807825,0.9120109677314758,24757200,0.0,0.0
1995-01-16,0.9089711775889511,0.9302514042327779,0.9089711775889511,0.9241713881492615,11031300,0.0,0.0
1995-01-17,0.9211314916610719,0.9241715855278735,0.9150514742790246,0.9211314916610718,8181600,0.0,0.0
1995-01-18,0.9241711673446922,0.9241711673446922,0.9089709604160414,0.9120109677314758,3907400,0.0,0.0
1995-01-19,0.8998513221740723,0.9028913310735457,0.8846511073251377,0.8998513221740723,12429800,0.0,0.0
1995-01-20,0.8998512183634714,0.8998512183634714,0.8785709029947923,0.8846510052680969,10641000,0.0,0.0
1995-01-23,0.8816109446226845,0.8937710632749472,0.8785708510777922,0.8876909613609314,9262700,0.0,0.0
1995-01-24,0.887691116224611,0.8998513221740723,0.887691116224611,0.8998513221740723,8587000,0.0,0.0
1995-01-25,0.8937712191993417,0.9028913310735457,0.8937712191993417,0.8998513221740723,4665300,0.0,0.0
1995-01-26,0.8968113132745988,0.9059314251488029,0.8968113132745988,0.8998513221740723,4820600,0.0,0.0
1995-01-27,0.905930953100607,0.9120109677314758,0.9028908606094332,0.9120109677314758,10517600,0.0,0.0
1995-01-30,0.9120108422124386,0.9393711598129962,0.9120108422124386,0.9363311529159546,13452200,0.0,0.0
1995-01-31,0.9302516003977639,0.9302516003977639,0.90897136926651,0.90897136926651,4888600,0.0,0.0
1995-02-01,0.9120110210480472,0.9150511137169463,0.8876907055755774,0.8907307982444763,13067700,0.0,0.0
1995-02-02,0.8937708029393966,0.9211311258193607,0.8907307954557596,0.9180911183357239,15747100,0.0,0.0
1995-02-03,0.9484913258031824,0.9484913258031824,0.9241710987337741,0.9272111058235168,14031400,0.0,0.0
1995-02-06,0.924171166090441,0.9484913949323884,0.9180910662920846,0.9393712878227234,7705600,0.0,0.0
1995-02-07,0.9332914974502957,0.9332914974502957,0.9211312949317435,0.9241713881492615,3710100,0.0,0.0
1995-02-08,0.9241715855278735,0.9272115942188971,0.9150514742790246,0.9211314916610718,8093400,0.0,0.0
1995-02-09,0.9211312949317435,0.9272113961910197,0.9120111856307093,0.9241713881492615,6422200,0.0,0.0
1995-02-10,0.9180911183357239,0.9272112259623786,0.915051110852087,0.9180911183357239,1374900,0.0,0.0
1995-02-13,0.9180914091079179,0.9211314175543673,0.9089712985927986,0.9150514006614685,3810000,0.0,0.0
1995-02-14,0.918091067538084,0.9241711673446922,0.9120109677314758,0.9120109677314758,1645200,0.0,0.0
1995-02-15,0.912011380412223,0.9272115942188971,0.912011380412223,0.9211314916610718,9706800,0.0,0.0
1995-02-16,0.9210054294453034,0.9210054294453034,0.9025853260173431,0.9117953777313232,1809700,0.01259,0.0
1995-02-17,0.9148658040338499,0.9148658040338499,0.9087257385253906,0.9087257385253906,3692500,0.0,0.0
1995-02-21,0.9087254921871265,0.9087254921871265,0.9056555032730103,0.9056555032730103,1653600,0.0,0.0
1995-02-22,0.9056555032730103,0.9117954811012426,0.9056555032730103,0.9056555032730103,2581900,0.0,0.0
1995-02-23,0.9087257385253906,0.921005783526514,0.9087257385253906,0.9087257385253906,8534100,0.0,0.0
1995-02-24,0.9117957282717226,0.9117957282717226,0.9025856730169314,0.9087257385253906,8508100,0.0,0.0
1995-02-27,0.9025854283431222,0.9087254921871265,0.8903053866708855,0.9056555032730103,5584500,0.0,0.0
1995-02-28,0.9025854283431222,0.9087254921871265,0.899515439429006,0.9056555032730103,4803000,0.0,0.0
1995-03-01,0.9056555928518333,0.9056555928518333,0.8933754639491913,0.8964454531669617,2414900,0.0,0.0
1995-03-02,0.8995155807464378,0.9025855701428613,0.8933755159378052,0.8933755159378052,8525700,0.0,0.0
1995-03-03,0.8964454531669617,0.8964454531669617,0.8872353994978703,0.8964454531669617,7415200,0.0,0.0
1995-03-06,0.8903053866708855,0.9117954811012426,0.8903053866708855,0.9056555032730103,5020400,0.0,0.0
1995-03-07,0.902585623029675,0.9117956777743924,0.8903055787086487,0.8903055787086487,13252400,0.0,0.0
1995-03-08,0.8903051705574482,0.8964451468952574,0.8810951200349832,0.8841651082038879,9121700,0.0,0.0
1995-03-09,0.8841652950340094,0.8872352838516235,0.8841652950340094,0.8872352838516235,7394200,0.0,0.0
1995-03-10,0.8841655135402403,0.8933755682849577,0.8841655135402403,0.8903055787086487,2738100,0.0,0.0
1995-03-13,0.8872352838516235,0.8872352838516235,0.8780252313830121,0.8872352838516235,4315300,0.0,0.0
1995-03-14,0.8903052791456824,0.9025853193348167,0.8903052791456824,0.8995153307914734,2021200,0.0,0.0
1995-03-15,0.9025856730169314,0.921005783526514,0.9025856730169314,0.9087257385253906,14709600,0.0,0.0
1995-03-16,0.9025853260173431,0.9117953777313232,0.8964452628694356,0.9117953777313232,3208100,0.0,0.0
1995-03-17,0.9117954395685175,0.9117954395685175,0.9025853872299194,0.9025853872299194,1927200,0.0,0.0
1995-03-20,0.9025853193348167,0.9056553938939214,0.8995153307914735,0.8995153307914734,2446800,0.0,0.0
1995-03-21,0.899515633453366,0.899515633453366,0.8872355031165493,0.8903055787086487,3889700,0.0,0.0
1995-03-22,0.8841651082038879,0.8903051705574482,0.874955057681423,0.8841651082038879,6777300,0.0,0.0
1995-03-23,0.8780250462682051,0.8810951204543219,0.8718850699274736,0.8749550580978394,7474000,0.0,0.0
1995-03-24,0.8780250458503276,0.8841651082038879,0.874955057681423,0.8841651082038879,12215700,0.0,0.0
1995-03-27,0.8872350963727925,0.8872350963727925,0.8780250458503276,0.8841651082038879,4603200,0.0,0.0
1995-03-28,0.8841652950340094,0.8903053586850068,0.8810953062163954,0.8872352838516235,3584200,0.0,0.0
1995-03-29,0.8872347875474933,0.8903048606635295,0.8810948133468628,0.8810948133468628,5182400,0.0,0.0
1995-03-30,0.8841651773701692,0.8841651773701692,0.8718851377181593,0.8780251145362854,4861800,0.0,0.0
1995-03-31,0.8718855027612995,0.8718855027612995,0.847325327158608,0.8596053719520569,9794900,0.0,0.0
1995-04-03,0.8565353822576431,0.8657454373566782,0.847325327158608,0.8596053719520569,6463300,0.0,0.0
1995-04-04,0.865745007158958,0.8872350963727925,0.8626750189900534,0.8841651082038879,9486000,0.0,0.0
1995-04-05,0.8810951200349832,0.8872350963727925,0.8810951200349832,0.8841651082038879,9348300,0.0,0.0
1995-04-06,0.8903051709811701,0.8903051709811701,0.8749550580978394,0.8749550580978394,18740400,0.0,0.0
1995-04-07,0.8718852584896065,0.874955247323917,0.8688151836395264,0.8688151836395264,6287100,0.0,0.0
1995-04-10,0.8688154417440983,0.9302158387813052,0.8688154417440983,0.9087257385253906,37672200,0.0,0.0
1995-04-11,0.9210054831520195,0.9424956624149743,0.9148655056618328,0.9394255876541138,44274100,0.0,0.0
1995-04-12,0.9394257333748806,0.982406012551989,0.9394257333748806,0.9793360233306885,19474900,0.0,0.0
1995-04-13,0.9670554901037907,0.9731955519951122,0.9332853647408834,0.945565402507782,15050400,0.0,0.0
1995-04-17,0.9455659340491738,0.9639860440620932,0.9455659340491738,0.9547759890556335,8184900,0.0,0.0
1995-04-18,0.9547759890556334,0.9547759890556334,0.9455659340491738,0.9547759890556335,6712600,0.0,0.0
1995-04-19,0.9517059993920779,0.9639860440620932,0.9486359237127294,0.9547759890556335,9862100,0.0,0.0
1995-04-20,0.9578455500118795,0.970125675201416,0.9486354991276044,0.970125675201416,7106300,0.0,0.0
1995-04-21,0.9701257963389718,0.9701257963389718,0.9517056922703421,0.960915744304657,4900400,0.0,0.0
1995-04-24,0.9578458407342441,0.982406012551989,0.9517058622916432,0.9793360233306885,15071400,0.0,0.0
1995-04-25,0.9762658423135214,0.9854758949952781,0.9639858007431029,0.963985800743103,6469200,0.0,0.0
1995-04-26,0.9670558944139259,0.982406012551989,0.9578458407342441,0.9793360233306885,42684300,0.0,0.0
1995-04-27,0.9824057212981367,0.9977558348853512,0.9762656586601,0.9916157722473145,8766600,0.0,0.0
1995-04-28,0.9885461808151397,0.9946862459182739,0.9762660506088712,0.9946862459182739,4850000,0.0,0.0
1995-05-01,0.9885460922828028,0.9885460922828028,0.9824060277295611,0.985476016998291,4867600,0.0,0.0
1995-05-02,0.9824061157120054,1.0038963005650805,0.9824061157120054,0.9946862459182739,6407100,0.0,0.0
1995-05-03,1.000826161056383,1.0192462691730166,1.000826161056383,1.0038962364196777,12929200,0.0,0.0
1995-05-04,1.0100360329023441,1.0223161601085986,1.0038960553149854,1.013106107711792,28006500,0.0,0.0
1995-05-05,1.105206302248357,1.1174863397785026,1.0745060793993788,1.1113463640213013,77971800,0.0,0.0
1995-05-08,1.111346490646254,1.1359065685048793,1.1052064281737215,1.1328365802764893,19498400,0.0,0.0
1995-05-09,1.1266966936275957,1.1451167979039412,1.1144166527819543,1.1420468091964722,20218600,0.0,0.0
1995-05-10,1.1420469769500452,1.1481870412826538,1.1328369234590216,1.1481870412826538,13197000,0.0,0.0
1995-05-11,1.1420462701249114,1.1666064262390137,1.1420462701249114,1.1666064262390137,20171600,0.0,0.0
1995-05-12,1.157396378448191,1.178886461288202,1.157396378448191,1.1666064262390137,24927600,0.0,0.0
1995-05-15,1.1604670924230636,1.1727471351623535,1.1604670924230636,1.1727471351623535,13986900,0.0,0.0
1995-05-16,1.1727469952079865,1.188097111312067,1.169677006393478,1.1850271224975586,8134600,0.0,0.0
1995-05-17,1.1819565345622933,1.1880965090790248,1.151256317915734,1.1666064262390137,72642500,0.0,0.0
1995-05-18,1.1543268500421138,1.1604669134728174,1.1420468091964722,1.1420468091964722,16172700,0.0,0.0
1995-05-19,1.123627232385385,1.1297672986984253,1.1205572422367682,1.1297672986984253,12562400,0.0,0.0
1995-05-22,1.129766707864613,1.1543267882409816,1.12362664476264,1.151256799697876,12450800,0.0,0.0
1995-05-23,1.1451167979039412,1.1543268500421138,1.1359067457657683,1.1420468091964722,14237000,0.0,0.0
1995-05-24,1.1451168060302734,1.1573969329788272,1.1420468173010183,1.1451168060302734,23153100,0.0,0.0
1995-05-25,1.1420467480527974,1.1604668513429546,1.1328366964077186,1.151256799697876,29237900,0.0,0.0
1995-05-26,1.148186872627176,1.1543268500421138,1.1389768204890034,1.1420468091964722,8502200,0.0,0.0
1995-05-30,1.1573968711125946,1.1604668596777497,1.1451167448204493,1.1543267965316772,18105800,0.0,0.0
1995-05-31,1.1481863306573683,1.172746400755745,1.1481863306573683,1.1666064262390137,20330200,0.0,0.0
1995-06-01,1.1573968711125946,1.1666069228238223,1.1543267965316772,1.1543267965316772,18241000,0.0,0.0
1995-06-02,1.151105678098739,1.1758606603595212,1.1480113378279118,1.169671893119812,7858400,0.01259,0.0
1995-06-05,1.1572947806148721,1.178955342181989,1.1572947806148721,1.1758610010147095,10259100,0.0,0.0
1995-06-06,1.1758611659299814,1.1789555075312443,1.1634836261287456,1.1665780544281006,12723600,0.0,0.0
1995-06-07,1.1665775528489848,1.169671893119812,1.1572944453384482,1.169671893119812,7932300,0.0,0.0
1995-06-08,1.1634831677059787,1.1851438104746086,1.1387282712533413,1.1603888273239136,18391200,0.0,0.0
1995-06-09,1.154199928633974,1.1572943553622734,1.1356337150563685,1.138728141784668,13479000,0.0,0.0
1995-06-12,1.1356339362707895,1.1634832620620728,1.1325395956377797,1.1634832620620728,14104400,0.0,0.0
1995-06-13,1.1634831258801028,1.1882381081408848,1.1634831258801028,1.169671893119812,18258600,0.0,0.0
1995-06-14,1.1665777582111914,1.1696720990267406,1.1511058807373047,1.1511058807373047,3496100,0.0,0.0
1995-06-15,1.1511058807373047,1.1511058807373047,1.1418227715925868,1.1511058807373047,15549800,0.0,0.0
1995-06-16,1.1480115580327126,1.1480115580327126,1.138728448741545,1.1449171304702759,4001400,0.0,0.0
1995-06-19,1.1480112854983677,1.1572943925857544,1.1418225185407596,1.1572943925857544,5278900,0.0,0.0
1995-06-20,1.1542005146268646,1.1758611659299814,1.1542005146268646,1.1665780544281006,7991000,0.0,0.0
1995-06-21,1.1603892845274826,1.1665780544281006,1.1511061730256016,1.1665780544281006,11581200,0.0,0.0
1995-06-22,1.178954695278199,1.178954695278199,1.1511053799596305,1.1541997194290161,8322600,0.0,0.0
1995-06-23,1.1480114459991455,1.1542001271239277,1.1449170187386914,1.1480114459991455,11675200,0.0,0.0
1995-06-26,1.148011104083876,1.1511054437246717,1.141822338104248,1.141822338104248,6833500,0.0,0.0
1995-06-27,1.1480115580327126,1.1603890081882458,1.1449171304702759,1.1449171304702759,12741200,0.0,0.0
1995-06-28,1.1572946490664733,1.1603889898820225,1.144917112408136,1.1511058807373047,7703100,0.0,0.0
1995-06-29,1.1542003026807852,1.1882384008366216,1.144917192883564,1.1820496320724487,10056000,0.0,0.0
1995-06-30,1.1789550430124205,1.1820493833944856,1.1572944869418482,1.1603888273239136,7864300,0.0,0.0
1995-07-03,1.1665775528489848,1.1727662333906392,1.1634831258801028,1.169671893119812,1792100,0.0,0.0
1995-07-05,1.169672181242179,1.1820496320724487,1.169672181242179,1.1820496320724487,8263800,0.0,0.0
1995-07-06,1.178954954080684,1.2129930425080484,1.178954954080684,1.2068042755126953,9679900,0.0,0.0
1995-07-07,1.2068048596379786,1.247031734531561,1.2068048596379786,1.237748622894287,14930400,0.0,0.0
1995-07-10,1.2222768331815788,1.2315599455169446,1.2129937208462132,1.2191824913024902,3504400,0.0,0.0
1995-07-11,1.2129931201711144,1.2160874605178833,1.2068043527795196,1.2160874605178833,4918000,0.0,0.0
1995-07-12,1.2160879712752524,1.237748622894287,1.2129936296288588,1.237748622894287,6283700,0.0,0.0
1995-07-13,1.2315593708836694,1.2346537113189697,1.2315593708836694,1.2346537113189697,3763000,0.0,0.0
1995-07-14,1.2284650552922214,1.2315593957901,1.2129931794067057,1.2315593957901,2687700,0.0,0.0
1995-07-17,1.2284651313394948,1.240842580795288,1.2284651313394948,1.240842580795288,10643500,0.0,0.0
1995-07-18,1.2315593708836694,1.2408424788876298,1.222276262879709,1.2346537113189697,13649400,0.0,0.0
1995-07-19,1.2284655033548018,1.2346541866077796,1.2098992801996828,1.2129936218261719,14836300,0.0,0.0
1995-07-20,1.2129929309055183,1.2129929309055183,1.1820491854738124,1.209898591041565,18626200,0.0,0.0
1995-07-21,1.209898591041565,1.2160872707694714,1.2068041644795684,1.209898591041565,12345000,0.0,0.0
1995-07-24,1.2098993337124238,1.2501261234283447,1.2068049052509784,1.2501261234283447,14180800,0.0,0.0
1995-07-25,1.243937373161316,1.2594092556224845,1.2408430313483214,1.243937373161316,28333100,0.0,0.0
1995-07-26,1.2996359546348706,1.305824637413025,1.284164074293313,1.305824637413025,14674300,0.0,0.0
1995-07-27,1.30582476515327,1.3553347524102566,1.3027304234614936,1.3522403240203857,18129300,0.0,0.0
1995-07-28,1.3460513795114384,1.349145720602932,1.333673841749308,1.3367682695388794,27769000,0.0,0.0
1995-07-31,1.330579612658053,1.3429570647639655,1.3274852713060958,1.3336739540100098,9595100,0.0,0.0
1995-08-01,1.3367683820600516,1.3367683820600516,1.330579612658053,1.3336739540100098,6551500,0.0,0.0
1995-08-02,1.3367683820600516,1.3429570647639655,1.3336739540100098,1.3336739540100098,7470600,0.0,0.0
1995-08-03,1.333673841749308,1.342956951721867,1.330579500657814,1.3367682695388794,5314200,0.0,0.0
1995-08-04,1.336767809184478,1.3398621492103469,1.3305790424346924,1.3305790424346924,5388100,0.0,0.0
1995-08-07,1.327485203742981,1.3305795449374496,1.3243907758504316,1.327485203742981,8290700,0.0,0.0
1995-08-08,1.327485203742981,1.3305795449374496,1.327485203742981,1.327485203742981,3410400,0.0,0.0
1995-08-09,1.3212964278263473,1.3274851968813763,1.3212964278263473,1.3243907690048218,2576100,0.0,0.0
1995-08-10,1.3182020495937614,1.3367682695388794,1.31510762180419,1.3367682695388794,5399800,0.0,0.0
1995-08-11,1.3305790294708755,1.3336733694665963,1.3089184761047363,1.3089184761047363,15183000,0.0,0.0
1995-08-14,1.3089189831800077,1.327485203742981,1.30273021409299,1.327485203742981,7323700,0.0,0.0
1995-08-15,1.3243907758504316,1.327485203742981,1.321296434655963,1.327485203742981,6583400,0.0,0.0
1995-08-16,1.32748513423984,1.339862585067749,1.3243907065093057,1.339862585067749,13334700,0.0,0.0
1995-08-17,1.3305794752722981,1.339862585067749,1.32748513423984,1.339862585067749,5182400,0.0,0.0
1995-08-18,1.3398628705551863,1.3522403240203857,1.3367685288634101,1.3522403240203857,5893400,0.0,0.0
1995-08-21,1.3677119906988346,1.3800894422167393,1.346051428867981,1.349145770072937,29349600,0.0,0.0
1995-08-22,1.3429567887115235,1.3460512161254883,1.339862447995626,1.3460512161254883,2623100,0.0,0.0
1995-08-23,1.3429562735723515,1.3584281446131807,1.3429562735723515,1.3553338050842285,5299900,0.0,0.0
1995-08-24,1.3553348515785184,1.3615235354148896,1.3460517391258608,1.358429193496704,6016800,0.0,0.0
1995-08-25,1.361523107657473,1.380089326729734,1.355334425765435,1.3708062171936035,21637200,0.0,0.0
1995-08-28,1.3677119906988346,1.3708063319037906,1.349145770072937,1.349145770072937,2691100,0.0,0.0
1995-08-29,1.346051428867981,1.349145770072937,1.3243907803390464,1.349145770072937,10764400,0.0,0.0
1995-08-30,1.3429569005966187,1.3429569005966187,1.3398625596229239,1.3429569005966187,3686600,0.0,0.0
1995-08-31,1.3459449522236626,1.352176118638154,1.3397136985159261,1.3490605354309082,20144700,0.01259,0.0
1995-09-01,1.3428292817231717,1.3490605354309082,1.3397136985159261,1.3490605354309082,1577200,0.0,0.0
1995-09-05,1.3428291696646926,1.3584072589874268,1.3428291696646926,1.3584072589874268,2335200,0.0,0.0
1995-09-06,1.3521764278411865,1.358407682973828,1.34594526000181,1.3521764278411865,17756600,0.0,0.0
1995-09-07,1.3490602817961084,1.352175864417598,1.3241353589445048,1.330366611480713,12157000,0.0,0.0
1995-09-08,1.3272514436995726,1.345945119857788,1.3272514436995726,1.345945119857788,4215400,0.0,0.0
1995-09-11,1.345945119857788,1.349060703453072,1.3428294489692483,1.345945119857788,1468900,0.0,0.0
1995-09-12,1.3428294489692483,1.345945119857788,1.3397138653739642,1.345945119857788,3678200,0.0,0.0
1995-09-13,1.3428295887888568,1.3521764278411865,1.3303671658168388,1.3521764278411865,4021500,0.0,0.0
1995-09-14,1.34594549525148,1.34594549525148,1.3303673983437074,1.3428298234939575,4203700,0.0,0.0
1995-09-15,1.3428298234939575,1.3428298234939575,1.339714239029715,1.3428298234939575,2975600,0.0,0.0
1995-09-18,1.3397135734558105,1.3397135734558105,1.3365979905393994,1.3397135734558105,4409300,0.0,0.0
1995-09-19,1.3334826062143652,1.3397138606763395,1.3303670226300057,1.33659827709198,1882700,0.0,0.0
1995-09-20,1.3365981153086803,1.3615229555531363,1.3210200246859616,1.3490605354309082,15837700,0.0,0.0
1995-09-21,1.339713989733664,1.3428295736181537,1.314789056777954,1.314789056777954,7688000,0.0,0.0
1995-09-22,1.3085575751696317,1.3085575751696317,1.2960950680341037,1.3023263216018677,12247600,0.0,0.0
1995-09-25,1.2960945645423918,1.2960945645423918,1.2742853164672852,1.2742853164672852,12903200,0.0,0.0
1995-09-26,1.2711700338022864,1.2898637056350708,1.2680544509279008,1.2898637056350708,10406000,0.0,0.0
1995-09-27,1.286747756509781,1.286747756509781,1.2774009232538062,1.280516505241394,18344200,0.0,0.0
1995-09-28,1.2805168673004266,1.321019881057127,1.2805168673004266,1.3116730451583862,3507800,0.0,0.0
1995-09-29,1.3210199013708706,1.3490604094982805,1.3210199013708706,1.3397135734558105,4547800,0.0,0.0
1995-10-02,1.3459447505293651,1.4176038519036225,1.3459447505293651,1.3957945108413696,19331300,0.0,0.0
1995-10-03,1.3926790534401738,1.4144883091719973,1.3833322170846438,1.4051414728164673,19742600,0.0,0.0
1995-10-04,1.4020258897957039,1.430066398862294,1.4020258897957039,1.4051414728164673,5643200,0.0,0.0
1995-10-05,1.4082570787123294,1.4269507505682817,1.4082570787123294,1.4113726615905762,15564900,0.0,0.0
1995-10-06,1.4113728349680679,1.4238352553052138,1.408257251707093,1.4176040887832642,6871300,0.0,0.0
1995-10-09,1.4238352553052138,1.4238352553052138,1.4144884182290427,1.4176040887832642,2990700,0.0,0.0
1995-10-10,1.4144881963729858,1.4207194492108381,1.4020257779905136,1.4144881963729858,20494700,0.0,0.0
1995-10-11,1.4082573269620042,1.439413423116422,1.4082573269620042,1.4300665855407715,12406300,0.0,0.0
1995-10-12,1.4331822668435157,1.4892632961273193,1.4331822668435157,1.4892632961273193,11889200,0.0,0.0
1995-10-13,1.4892631761419164,1.5204193592071533,1.4830320093634692,1.5204193592071533,12946900,0.0,0.0
1995-10-16,1.5204194568208336,1.5204194568208336,1.5079569478773232,1.514188289642334,6633700,0.0,0.0
1995-10-17,1.476800853735665,1.5079568624496462,1.476800853735665,1.507956862449646,6833500,0.0,0.0
1995-10-18,1.5017257882268786,1.5079569554366146,1.4923789501190186,1.4923789501190186,11254600,0.0,0.0
1995-10-19,1.495494599317145,1.495494599317145,1.47991641963908,1.4861477613449097,20271500,0.0,0.0
1995-10-20,1.4830322398855564,1.4830322398855564,1.4643385620579745,1.4705697298049927,11425000,0.0,0.0
1995-10-23,1.4643384265386281,1.4736852645874021,1.4643384265386281,1.4736852645874023,7150800,0.0,0.0
1995-10-24,1.4736852598402597,1.4736852598402597,1.4425290749158717,1.4643384218215942,4673700,0.0,0.0
1995-10-25,1.46122310534518,1.46122310534518,1.4456450963980905,1.4549919366836548,16652000,0.0,0.0
1995-10-26,1.4487602003784494,1.4549914542672189,1.4331821093031496,1.4456446170806885,8543400,0.0,0.0
1995-10-27,1.442528736290149,1.4830317497253418,1.4362975706026078,1.4830317497253418,9262700,0.0,0.0
1995-10-30,1.479916457913352,1.5017258052747804,1.479916457913352,1.4892632961273193,6606900,0.0,0.0
1995-10-31,1.4861472687241197,1.489262763957816,1.4674535989761353,1.4674535989761353,2115200,0.0,0.0
1995-11-01,1.4612226486206055,1.4612226486206055,1.448760227899574,1.4612226486206055,9536400,0.0,0.0
1995-11-02,1.4581073070176929,1.4736854009717655,1.4581073070176929,1.4705697298049927,5202600,0.0,0.0
1995-11-03,1.470569299094899,1.5453439885047187,1.470569299094899,1.5359971523284912,22733400,0.0,0.0
1995-11-06,1.5359971523284912,1.5484596587589532,1.5204191502302709,1.5359971523284912,8043900,0.0,0.0
1995-11-07,1.5328823682194577,1.5391135370339377,1.5204198560039404,1.5266510248184204,11718800,0.0,0.0
1995-11-08,1.5235348815597916,1.5235348815597916,1.5048412084579468,1.5048412084579468,9356700,0.0,0.0
1995-11-09,1.5048410156767986,1.542228357090896,1.5048410156767986,1.5391126871109009,23091800,0.0,0.0
1995-11-10,1.539112724726884,1.5702689015289104,1.5235347236191035,1.564037561416626,5652500,0.0,0.0
1995-11-13,1.5578059108998021,1.564037074485676,1.5453434091416436,1.5546902418136597,6912400,0.0,0.0
1995-11-14,1.548459768295288,1.5515754387699217,1.5422286019325093,1.548459768295288,2423300,0.0,0.0
1995-11-15,1.5422286078016212,1.557806611061096,1.5422286078016212,1.5578066110610962,6151900,0.0,0.0
1995-11-16,1.5546910646818684,1.5765004106553122,1.5515755685331643,1.5671535730361938,5217700,0.0,0.0
1995-11-17,1.56715288241663,1.5764997159167462,1.5578060489165138,1.5733840465545654,4415200,0.0,0.0
1995-11-20,1.5702689157834733,1.5858469170326677,1.5702689157834733,1.5827312469482422,5899300,0.0,0.0
1995-11-21,1.645043753350869,1.6606217560416572,1.632581246446349,1.6512749195098877,17762500,0.0,0.0
1995-11-22,1.6512754925923243,1.7073565312461125,1.6481599957248096,1.6948941946029663,20203500,0.0,0.0
1995-11-24,1.688662760599184,1.7198189496994019,1.688662760599184,1.7198189496994019,3813300,0.0,0.0
1995-11-27,1.713587760925293,1.7322814392413315,1.7104720896771093,1.713587760925293,9548100,0.0,0.0
1995-11-28,1.7167029048472504,1.7229342460632324,1.7042405715882785,1.7229342460632324,4794600,0.0,0.0
1995-11-29,1.7135873230050813,1.7167028188705444,1.7073559821011801,1.7167028188705444,6759600,0.0,0.0
1995-11-30,1.7167023520349944,1.7509741939271932,1.7167023520349944,1.7478585243225098,13775300,0.0,0.0
1995-12-01,1.7478592564963782,1.7478592564963782,1.73539674744357,1.7447435855865479,4327100,0.0,0.0
1995-12-04,1.7391067667926052,1.754774332046509,1.7391067667926052,1.7547743320465088,2875700,0.01362,0.0
1995-12-05,1.7516407518612545,1.7735753059387207,1.7485071688829528,1.7735753059387207,40780500,0.0,0.0
1995-12-06,1.77670906387416,1.77670906387416,1.7516409243498676,1.7547743320465088,6947700,0.0,0.0
1995-12-07,1.7547746800704571,1.7547746800704571,1.6419677664528307,1.6764366626739502,25859300,0.0,0.0
1995-12-08,1.6827029844221961,1.6858365670819668,1.65136768459508,1.673302412033081,10578900,0.0,0.0
1995-12-11,1.6795694017624254,1.6921035568113112,1.673302412033081,1.673302412033081,4632600,0.0,0.0
1995-12-12,1.6733021383104545,1.6733021383104545,1.6576345787549305,1.6639015674591064,13925600,0.0,0.0
1995-12-13,1.6639020055031954,1.673302578829368,1.6639020055031954,1.6701689958572388,6941800,0.0,0.0
1995-12-14,1.6670359373092651,1.6795699206401382,1.6670359373092651,1.6670359373092651,6830100,0.0,0.0
1995-12-15,1.6639022030426445,1.668602402468634,1.6576352119445803,1.65763521194458,8340200,0.0,0.0
1995-12-18,1.6545014858294826,1.6576350689032282,1.648234495272212,1.6513679027557373,6322300,0.0,0.0
1995-12-19,1.6451012030948597,1.6795699206401382,1.6231664688804546,1.6670359373092651,10702300,0.0,0.0
1995-12-20,1.6670355884753245,1.6858367351276697,1.6670355884753245,1.6701689958572388,11169800,0.0,0.0
1995-12-21,1.673302704695822,1.673302704695822,1.6137656772882598,1.6200326681137085,6915800,0.0,0.0
1995-12-22,1.62630037147251,1.6545021028835212,1.6231667872300801,1.6388343572616577,12092300,0.0,0.0
1995-12-26,1.6357007026672363,1.6419676946195116,1.6357007026672363,1.6357007026672363,2714600,0.0,0.0
1995-12-27,1.6294331638267952,1.654501477104115,1.6168991827783548,1.648234486579895,7421100,0.0,0.0
1995-12-28,1.648234495272212,1.6607684763867532,1.648234495272212,1.6513679027557373,15999800,0.0,0.0
1995-12-29,1.651367974140955,1.6545015573501587,1.6325668260661883,1.6545015573501587,5470300,0.0,0.0
1996-01-02,1.6482351099889474,1.6513685186410914,1.6388343572616577,1.6388343572616577,2338500,0.0,0.0
1996-01-03,1.6357007026672363,1.645101278390779,1.6294335351247013,1.6357007026672363,6289600,0.0,0.0
1996-01-04,1.629433460545891,1.6670359373092651,1.629433460545891,1.6670359373092651,7885300,0.0,0.0
1996-01-05,1.6607685481783383,1.6607685481783383,1.6419674001035716,1.6545015573501587,6580800,0.0,0.0
1996-01-08,1.6482345499525215,1.6482345499525215,1.6325668096542358,1.6325668096542358,2123600,0.0,0.0
1996-01-09,1.6356999999811912,1.6356999999811912,1.616898856610954,1.6231658458709717,5341100,0.0,0.0
1996-01-10,1.620032715157503,1.6231662984563366,1.5855640012312622,1.5980981588363647,7106300,0.0,0.0
1996-01-11,1.6043646653816745,1.6733022480076452,1.6043646653816745,1.6294327974319458,17827100,0.0,0.0
1996-01-12,1.7046379602628783,1.7641748103429513,1.698370794030075,1.7610414028167725,31229800,0.0,0.0
1996-01-15,1.7547736892461983,1.757907271385193,1.7422397118705548,1.7579072713851929,10864300,0.0,0.0
1996-01-16,1.76104090268869,1.7673078915514726,1.732839189420909,1.7391061782836914,14748200,0.0,0.0
1996-01-17,1.7391067667926052,1.7579079153333825,1.7391067667926052,1.7547743320465088,13725800,0.0,0.0
1996-01-18,1.7547739900772876,1.7955098625071357,1.7485070003150796,1.7923762798309326,16798900,0.0,0.0
1996-01-19,1.7861095924119674,1.8487802030033924,1.7829760092053277,1.845646619796753,9824300,0.0,0.0
1996-01-22,1.8331124625604223,1.845646619796753,1.8237118885307313,1.845646619796753,8602100,0.0,0.0
1996-01-23,1.8393794054894663,1.8393794054894663,1.8237116669501232,1.8331122398376465,13067700,0.0,0.0
1996-01-24,1.8331126287390218,1.8456467871116213,1.826845637347844,1.8425132036209106,11833800,0.0,0.0
1996-01-25,1.8362457506492578,1.839379333352274,1.8268451781304083,1.829978585243225,16252400,0.0,0.0
1996-01-26,1.79864346057386,1.8299785852432249,1.79864346057386,1.829978585243225,6089800,0.0,0.0
1996-01-29,1.823711633682251,1.8331122063982903,1.8205780509135034,1.823711633682251,7256600,0.0,0.0
1996-01-30,1.8299790286437005,1.855047345161438,1.826845620771665,1.855047345161438,13123100,0.0,0.0
1996-01-31,1.8487802030033924,1.8519136106198042,1.8331124625604223,1.845646619796753,6880500,0.0,0.0
1996-02-01,1.8487802828153357,1.8519136905670168,1.845646699473419,1.8519136905670166,4861800,0.0,0.0
1996-02-02,1.8487803706023322,1.8519137785027993,1.8425132036209106,1.8425132036209106,3225800,0.0,0.0
1996-02-05,1.8362461791304239,1.870714894545951,1.8299790122619712,1.8675814867019653,18949400,0.0,0.0
1996-02-06,1.8675815570930006,1.8895161151885986,1.8644479735406663,1.8895161151885986,8369600,0.0,0.0
1996-02-07,1.8926490685450232,1.9459189176559448,1.8926490685450232,1.9459189176559448,13604900,0.0,0.0
1996-02-08,1.9615868330001833,1.9741208129954424,1.9584532502062661,1.961586833000183,24437400,0.0,0.0
1996-02-09,1.955320094578989,1.9897889860716684,1.955320094578989,1.983521819114685,11639900,0.0,0.0
1996-02-12,1.983521850277159,1.9929224252700806,1.9709878673467611,1.9929224252700806,5749000,0.0,0.0
1996-02-13,1.9866548933330137,2.024257183074951,1.980387903572757,2.024257183074951,12538900,0.0,0.0
1996-02-14,2.021123418945363,2.0587258809015885,2.0085894405501366,2.0555922985076904,7421100,0.0,0.0
1996-02-15,2.0555929657375245,2.071260531612221,2.043058807683624,2.0587265491485596,14562700,0.0,0.0
1996-02-16,2.043058348064789,2.058726086005015,2.0399249409489033,2.046191930770874,16023300,0.0,0.0
1996-02-20,2.030524348425406,2.036791338185663,2.0211236003997235,2.024257183074951,17800300,0.0,0.0
1996-02-21,2.017990840673625,2.0399255752563477,2.017990840673625,2.0399255752563477,13308600,0.0,0.0
1996-02-22,2.050005282221532,2.084644317626953,2.050005282221532,2.084644317626953,4189400,0.01362,0.0
1996-02-23,2.084645003039741,2.1696682622734826,2.084645003039741,2.153923273086548,67891500,0.0,0.0
1996-02-26,2.1507737277165613,2.1507737277165613,2.128730606576719,2.1381776332855225,6536400,0.0,0.0
1996-02-27,2.1381771220718084,2.144475256010467,2.13187916459101,2.1413261890411377,8222700,0.0,0.0
1996-02-28,2.141326762702204,2.1539228574961524,2.1224327087402344,2.1224327087402344,12497800,0.0,0.0
1996-02-29,2.1161349822489277,2.119283873950217,2.065750773991114,2.081495761871338,11087600,0.0,0.0
1996-03-01,2.0877937297837867,2.1161348115568925,2.0877937297837867,2.090942621231079,27351800,0.0,0.0
1996-03-04,2.0940917241863506,2.1255818743917305,2.0940917241863506,2.103538751602173,15858700,0.0,0.0
1996-03-05,2.100389648488781,2.100389648488781,2.090942621231079,2.090942621231079,8681000,0.0,0.0
1996-03-06,2.084644661878582,2.100389648488781,2.0720485667156754,2.090942621231079,6395300,0.0,0.0
1996-03-07,2.097240695610244,2.131879735721219,2.090942559984316,2.1224327087402344,14380600,0.0,0.0
1996-03-08,2.0783472077149607,2.097241266822989,2.015366893049562,2.037410020828247,12856200,0.0,0.0
1996-03-11,2.021664072886089,2.0279622077941895,1.9744289433647706,2.0279622077941895,11736400,0.0,0.0
1996-03-12,2.0248144253323397,2.0531555210310195,2.0027712920807,2.050006628036499,5452700,0.0,0.0
1996-03-13,2.0500053186699727,2.097240447998047,2.0500053186699727,2.097240447998047,7505900,0.0,0.0
1996-03-14,2.10038968364426,2.1161348469759083,2.10038968364426,2.103538751602173,5887500,0.0,0.0
1996-03-15,2.1066878195600856,2.153922956639198,2.0940917241863506,2.103538751602173,13422800,0.0,0.0
1996-03-18,2.1035383690222527,2.1192833530323747,2.0814952502417756,2.084644317626953,7673700,0.0,0.0
1996-03-19,2.0846441574626198,2.0846441574626198,2.024812940488408,2.040558099746704,8998300,0.0,0.0
1996-03-20,2.0405590894989034,2.046857050382261,2.0185159617202184,2.037410020828247,7594000,0.0,0.0
1996-03-21,2.037409508678347,2.043707467978567,2.024813413619995,2.024813413619995,2411500,0.0,0.0
1996-03-22,2.024813546566764,2.0374096424521597,1.9334923366569317,2.0185155868530273,11759900,0.0,0.0
1996-03-25,2.0122167517906,2.0122167517906,1.968130696190735,1.974428653717041,7999400,0.0,0.0
1996-03-26,1.980727363645345,1.9901743909106855,1.9712803363800049,1.9712803363800049,5764100,0.0,0.0
1996-03-27,1.9744296401900405,1.9838766694283954,1.9271944939982655,1.9460885524749756,8299100,0.0,0.0
1996-03-28,1.9492370127877658,1.9681310653686523,1.9460879452049866,1.9681310653686523,4244800,0.0,0.0
1996-03-29,1.9618337188442,1.9649826109516855,1.9271944939982655,1.9460885524749756,7905400,0.0,0.0
1996-04-01,1.9523857337359405,2.0185149060281975,1.9523857337359405,2.0153658390045166,18244300,0.0,0.0
1996-04-02,2.0090679883406923,2.0216639041900635,1.9838758037262048,2.0216639041900635,5878300,0.0,0.0
1996-04-03,2.021664525593804,2.103538886069993,2.021664525593804,2.081495761871338,10928900,0.0,0.0
1996-04-04,2.0846434503493554,2.0877925164244218,2.065749406814575,2.065749406814575,1451300,0.0,0.0
1996-04-08,2.0279626156726227,2.0279626156726227,1.9807274766510334,2.00277042388916,4127300,0.0,0.0
1996-04-09,2.0279626380394027,2.034260597825768,1.9429393868628042,1.94923734664917,13317000,0.0,0.0
1996-04-10,1.9523868396606028,1.971280899589455,1.9334927797317505,1.9334927797317505,10696400,0.0,0.0
1996-04-11,1.933491378083415,1.9523854243153826,1.8106799011177905,1.8768092393875122,22453900,0.0,0.0
1996-04-12,1.8894061055994378,1.9271942171239511,1.8894061055994378,1.9083001613616943,15682500,0.0,0.0
1996-04-15,1.9082991988022349,1.9082991988022349,1.8705111063382998,1.8768092393875122,7761900,0.0,0.0
1996-04-16,1.8768100030340595,1.8768100030340595,1.8547668813084617,1.8673629760742188,4168400,0.0,0.0
1996-04-17,1.864213393215745,1.864213393215745,1.851617301930088,1.8547663688659668,9042800,0.0,0.0
1996-04-18,1.8610647902358222,1.927193977170009,1.8610647902358222,1.9240450859069824,6207300,0.0,0.0
1996-04-19,1.9240458834263228,1.9933239903393951,1.9240458834263228,1.9523869752883911,10094600,0.0,0.0
1996-04-22,1.952386689605845,1.9618337188442,1.9397905918020553,1.9460885524749756,2338500,0.0,0.0
1996-04-23,1.939790352695248,1.9712805050941375,1.939790352695248,1.9618334770202637,2808600,0.0,0.0
1996-04-24,1.964982270396002,1.964982270396002,1.889406049587454,1.8925551176071167,13567200,0.0,0.0
1996-04-25,1.8925542190948736,1.8925542190948736,1.851617060106332,1.8768092393875122,27501200,0.0,0.0
1996-04-26,1.8831080198287964,1.889405979175498,1.8799589519264892,1.8831080198287964,5778400,0.0,0.0
1996-04-29,1.8862566947937012,1.8925546528284378,1.8831076275473952,1.8862566947937012,4644400,0.0,0.0
1996-04-30,1.8862577369853997,1.8862577369853997,1.8390224080239335,1.848469614982605,5549200,0.0,0.0
1996-05-01,1.8453198182278083,1.8484688859720835,1.8201276291894135,1.8390216827392578,12497800,0.0,0.0
1996-05-02,1.8390218504905727,1.8390218504905727,1.7571476697921753,1.7571476697921753,5799400,0.0,0.0
1996-05-03,1.7665949330217117,1.7665949330217117,1.7162107200876628,1.731955885887146,17876700,0.0,0.0
1996-05-06,1.7382534391145497,1.7414025068283083,1.7319554801449342,1.741402506828308,8346100,0.0,0.0
1996-05-07,1.738254189491272,1.7665952817757937,1.738254189491272,1.738254189491272,5284800,0.0,0.0
1996-05-08,1.7351046017955851,1.7760417816786587,1.7319557101216045,1.772892713546753,16913000,0.0,0.0
1996-05-09,1.7697430622936263,1.7791900861767267,1.7508490145274258,1.7555724382400513,10943200,0.0,0.0
1996-05-10,1.7823397604505047,1.8138299127308743,1.7823397604505047,1.8075319528579712,8402300,0.0,0.0
1996-05-13,1.8075320767151024,1.8421711230765239,1.8075320767151024,1.8327240943908691,5566900,0.0,0.0
1996-05-14,1.820127437610181,1.8295744633907476,1.7760413761201654,1.782339334487915,7088700,0.0,0.0
1996-05-15,1.7728918603155523,1.7791899935482913,1.7382528333668494,1.7476998567581177,12209900,0.0,0.0
1996-05-16,1.7382536565217863,1.7382536565217863,1.6626774336023074,1.7225086688995361,25515200,0.0,0.0
1996-05-17,1.7382536210049238,1.8075318827515594,1.7319556613762914,1.7980848550796509,20238700,0.0,0.0
1996-05-20,1.7917869279040013,1.8264261510449913,1.7760419387676953,1.8106809854507446,7961700,0.0,0.0
1996-05-21,1.826425764677964,1.8516177772584552,1.8138296701587666,1.8390216827392578,11093500,0.0,0.0
1996-05-22,1.832723723708611,1.8453198182278083,1.8106806024144915,1.8390216827392578,4312800,0.0,0.0
1996-05-23,1.842171141955749,1.857916307565162,1.8390220735422782,1.8516181707382202,2934500,0.0,0.0
1996-05-24,1.854767070302298,1.8736611261472136,1.854767070302298,1.8610650300979614,5696100,0.0,0.0
1996-05-28,1.8642139082683027,1.8705118674222276,1.8579159491143777,1.8673629760742188,3795700,0.0,0.0
1996-05-29,1.8642140982247557,1.8831081540696715,1.8610650300979616,1.8610650300979614,2617200,0.0,0.0
1996-05-30,1.8673636091112407,1.8925556307249531,1.8673636091112407,1.8894065618515015,7535200,0.0,0.0
1996-05-31,1.892555337071473,1.892555337071473,1.8705122112935104,1.8736612796783447,7409300,0.0,0.0
1996-06-03,1.8768103480631793,1.8768103480631793,1.8705122112935104,1.8736612796783447,2593700,0.0,0.0
1996-06-04,1.890127421997452,1.890127421997452,1.855301022529602,1.855301022529602,7368200,0.01362,0.0
1996-06-05,1.848968887740964,1.848968887740964,1.7983123371215861,1.8109763860702515,38598100,0.0,0.0
1996-06-06,1.8299723490813191,1.8394704730051,1.817308302124498,1.8268064260482788,20544300,0.0,0.0
1996-06-07,1.8173086515305075,1.8363049030303955,1.7856481732265725,1.8363049030303955,10676300,0.0,0.0
1996-06-10,1.8426369277262367,1.848968952422078,1.8363049030303955,1.8363049030303955,3784000,0.0,0.0
1996-06-11,1.8394709750872769,1.8394709750872769,1.817308798157526,1.8236408233642578,4009800,0.0,0.0
1996-06-12,1.8204748630523682,1.8489692448081487,1.8173089389099875,1.8204748630523682,5911000,0.0,0.0
1996-06-13,1.8173088055318931,1.8426370838739774,1.8173088055318931,1.8394709825515747,4092000,0.0,0.0
1996-06-14,1.8363047993159662,1.8616330740811555,1.8363047993159662,1.8426368236541748,6292900,0.0,0.0
1996-06-17,1.842636823654175,1.8458029245294565,1.8331386984406848,1.8426368236541748,1645200,0.0,0.0
1996-06-18,1.8458029245294565,1.8489688479923836,1.842636823654175,1.8426368236541748,3328200,0.0,0.0
1996-06-19,1.8458031851963803,1.8489691091064038,1.8363050586415512,1.8394709825515747,3472500,0.0,0.0
1996-06-20,1.8458036506262538,1.8458036506262538,1.8299733174349107,1.833139419555664,2937900,0.0,0.0
1996-06-21,1.8331391645880593,1.8584676232063548,1.8299730629076725,1.852135419845581,4808900,0.0,0.0
1996-06-24,1.855301022529602,1.8584671233584436,1.848968820871919,1.855301022529602,2194100,0.0,0.0
1996-06-25,1.8553013944757795,1.864799521454113,1.8489691915486322,1.8616334199905396,13097100,0.0,0.0
1996-06-26,1.8616330354123802,1.8901274104609822,1.8584671120152139,1.8742972612380981,10458900,0.0,0.0
1996-06-27,1.8679656077721962,1.8837957601369386,1.8489691765571652,1.8806296586990356,6298800,0.0,0.0
1996-06-28,1.8806292854447817,1.9217878863191014,1.8742972612380981,1.8742972612380981,12664800,0.0,0.0
1996-07-01,1.8806299886858813,1.9091243743896484,1.8806299886858813,1.9091243743896484,6504500,0.0,0.0
1996-07-02,1.909123987641344,1.931286342281009,1.909123987641344,1.921788215637207,3827600,0.0,0.0
1996-07-03,1.931286230689364,1.9502824828793455,1.931286230689364,1.9376182556152344,4585600,0.0,0.0
1996-07-05,1.9059584365279647,1.9122904630583193,1.9027923345565796,1.9027923345565796,2464400,0.0,0.0
1996-07-08,1.8869617927380993,1.8869617927380993,1.8363050586415512,1.8394709825515747,3913200,0.0,0.0
1996-07-09,1.8426373411080748,1.8869620561599731,1.8426373411080748,1.8869620561599731,4259900,0.0,0.0
1996-07-10,1.886961110013757,1.886961110013757,1.8647987636002894,1.8679648637771606,3052000,0.0,0.0
1996-07-11,1.8774643192298854,1.8964605789470956,1.8742982168062035,1.8901283740997314,3836800,0.0,0.0
1996-07-12,1.896460308026225,1.9122904630583193,1.8901281040834548,1.9027923345565796,12012600,0.0,0.0
1996-07-15,1.9059583119215284,1.915456439802306,1.8869620561599731,1.8869620561599731,3319800,0.0,0.0
1996-07-16,1.8869618768743537,1.89012780092554,1.8173088865624452,1.8616334199905396,5096800,0.0,0.0
1996-07-17,1.8679658273745672,1.921788493672117,1.8679658273745672,1.8996261358261108,3895600,0.0,0.0
1996-07-18,1.8996262458217261,1.9091243743896484,1.8964603212406965,1.9091243743896484,3337400,0.0,0.0
1996-07-19,1.9091238609702204,1.918621986983818,1.9059579372406006,1.9059579372406006,4761900,0.0,0.0
1996-07-22,1.8932935112704994,1.899625535477183,1.8742972612380981,1.8742972612380981,2141300,0.0,0.0
1996-07-23,1.8742970838489827,1.8742970838489827,1.8299723863601687,1.8299723863601685,3310500,0.0,0.0
1996-07-24,1.8299727009221898,1.8647992802802276,1.8173086515305075,1.8363049030303955,5167300,0.0,0.0
1996-07-25,1.8426371660338723,1.871131546968873,1.8394710645702987,1.8616334199905396,3128400,0.0,0.0
1996-07-26,1.8616335310093215,1.880629786098833,1.8616335310093215,1.8711316585540771,2021200,0.0,0.0
1996-07-29,1.8742976484324465,1.8774637498960203,1.8616334199905393,1.8616334199905396,2064900,0.0,0.0
1996-07-30,1.8616334199905393,1.864799521454113,1.8553013944757795,1.8616334199905396,1171800,0.0,0.0
1996-07-31,1.8616334497595306,1.8647995512737328,1.8489692211151123,1.8489692211151123,3757100,0.0,0.0
1996-08-01,1.8521353226293145,1.8647995512737328,1.8489692211151123,1.8489692211151123,10061800,0.0,0.0
1996-08-02,1.8616330740811555,1.8679652758317185,1.842636823654175,1.8426368236541748,8508100,0.0,0.0
1996-08-05,1.8426371660338723,1.871131546968873,1.8394710645702987,1.8616334199905396,2215100,0.0,0.0
1996-08-06,1.8553010112056967,1.8806292854447817,1.8521349103961797,1.8742972612380981,3698300,0.0,0.0
1996-08-07,1.8774638618588464,1.8837958877512175,1.8711316585540774,1.8711316585540771,2497200,0.0,0.0
1996-08-08,1.8679655396284411,1.8742975648608675,1.8363050586415512,1.8394709825515747,3484300,0.0,0.0
1996-08-09,1.8363055216764177,1.8489695753345832,1.833139419555664,1.833139419555664,6219100,0.0,0.0
1996-08-12,1.8363051405191124,1.8616334199905393,1.8331390390555387,1.8616334199905396,1280900,0.0,0.0
1996-08-13,1.8553013117512094,1.8616333369836355,1.8394709825515747,1.8394709825515747,2094300,0.0,0.0
1996-08-14,1.842637278355942,1.8489693042566846,1.8394711766993714,1.8458033800125122,1424400,0.0,0.0
1996-08-15,1.8458033498807924,1.8584675788879395,1.8394711466710212,1.8584675788879395,966100,0.0,0.0
1996-08-16,1.8553013944757795,1.864799521454113,1.8553013944757795,1.8616334199905396,1580500,0.0,0.0
1996-08-19,1.8679659225210057,1.9027923345565796,1.8679659225210057,1.9027923345565796,1712300,0.0,0.0
1996-08-20,1.9091243743896484,1.9154565783765414,1.8996262458217261,1.9091243743896484,3578300,0.0,0.0
1996-08-21,1.9122904763830948,1.9154565783765414,1.905958449808619,1.9091243743896484,1383300,0.0,0.0
1996-08-22,1.9027918524043916,1.9439504579534752,1.9027918524043916,1.9376182556152344,1157500,0.0,0.0
1996-08-23,1.9407845813949713,1.9407845813949713,1.9249544285420572,1.9312864542007446,5425800,0.0,0.0
1996-08-26,1.931286342281009,1.931286342281009,1.918622114285146,1.921788215637207,7265000,0.0,0.0
1996-08-27,1.924954316989268,1.928120240928948,1.918622114285146,1.921788215637207,3255100,0.0,0.0
1996-08-28,1.9281201295202435,1.9376182556152342,1.9217881045943732,1.9376182556152344,3163600,0.0,0.0
1996-08-29,1.9344524436330701,1.9344524436330701,1.918622114285146,1.921788215637207,8367100,0.0,0.0
1996-08-30,1.9154562352709015,1.9186221592848354,1.8647994995117188,1.8647994995117188,5372900,0.0,0.0
1996-09-03,1.8622559235983593,1.8845393808695143,1.849522493960296,1.878172755241394,3198900,0.01362,0.0
1996-09-04,1.878173483975099,1.878173483975099,1.862256646156311,1.862256646156311,3519600,0.0,0.0
1996-09-05,1.8590726720540158,1.8590726720540158,1.833605989098613,1.8399726152420044,3613600,0.0,0.0
1996-09-06,1.843156439872033,1.8654399040530127,1.8304230062854907,1.8495230674743652,5981500,0.0,0.0
1996-09-09,1.8495227753648618,1.8718062360264414,1.8431561487680603,1.8590728044509888,6522100,0.0,0.0
1996-09-10,1.8527064704664704,1.8590730980688026,1.8463398428641382,1.8495230674743652,6075500,0.0,0.0
1996-09-11,1.8463398218154907,1.852706449345242,1.8463398218154907,1.8463398218154907,2432500,0.0,0.0
1996-09-12,1.8495235630928888,1.8527069669380534,1.8431569337844849,1.8431569337844849,3909900,0.0,0.0
1996-09-13,1.8495228726877282,1.8813563641105298,1.8495228726877282,1.8558896780014038,8578600,0.0,0.0
1996-09-16,1.8558898734585754,1.8558898734585754,1.8463398428641382,1.8495230674743652,3234200,0.0,0.0
1996-09-17,1.8495226436480101,1.8527060459106244,1.8304225868359987,1.8399726152420044,12791600,0.0,0.0
1996-09-18,1.827239104111387,1.8431557564060561,1.827239104111387,1.8367891311645508,4697200,0.0,0.0
1996-09-19,1.833605989098613,1.8431560175046187,1.8304225868359987,1.8399726152420044,5390600,0.0,0.0
1996-09-20,1.8463393296726476,1.8590725813380946,1.8431559275653717,1.852705955505371,3580800,0.0,0.0
1996-09-23,1.8431566502478542,1.8431566502478542,1.8240565868789198,1.827239990234375,8079200,0.0,0.0
1996-09-24,1.8304224834229144,1.8399725112893737,1.827239259721979,1.8336058855056763,8314200,0.0,0.0
1996-09-25,1.8367899647379033,1.8367899647379033,1.7826730012893677,1.7826730012893677,13032500,0.0,0.0
1996-09-26,1.7858557461733795,1.8336058855056763,1.7635722883576987,1.8336058855056763,21346700,0.0,0.0
1996-09-27,1.8399725112893737,1.8431559133721358,1.827239259721979,1.8336058855056763,7787900,0.0,0.0
1996-09-30,1.846340695836054,1.9227409758869305,1.8399738869105073,1.900457501411438,12106600,0.0,0.0
1996-10-01,1.9864063556616574,2.0023231878882948,1.9673062996951558,1.9991397857666016,27851200,0.0,0.0
1996-10-02,1.992773748980982,2.1328408080127184,1.986406942855529,2.123290777206421,11948000,0.0,0.0
1996-10-03,2.1232897551368968,2.174223287713679,2.043706143932261,2.1137397289276123,19102200,0.0,0.0
1996-10-04,2.116924190723843,2.174224376678467,2.116924190723843,2.174224376678467,8279000,0.0,0.0
1996-10-07,2.1678576130582536,2.1901408983906245,2.139207521875028,2.180590867996216,8167300,0.0,0.0
1996-10-08,2.1742243861147985,2.177407789253389,2.1392076651178478,2.1487576961517334,7714900,0.0,0.0
1996-10-09,2.1487581823400546,2.151941407817011,2.0882745793128428,2.0946412086486816,7321200,0.0,0.0
1996-10-10,2.110557810090829,2.126474470815437,2.0246073427086113,2.0309741497039795,10955000,0.0,0.0
1996-10-11,2.0500741871426844,2.0882743150881944,2.043707380230497,2.072357654571533,8284800,0.0,0.0
1996-10-14,2.0659907494885346,2.0819075876307704,2.0596241212607773,2.075540781021118,2317500,0.0,0.0
1996-10-15,2.088274152106335,2.088274152106335,2.0596240583832333,2.065990686416626,4338800,0.0,0.0
1996-10-16,2.0659902797990184,2.0659902797990184,2.0437068184950262,2.0500736236572266,2047200,0.0,0.0
1996-10-17,2.0564399630671524,2.1328401872824236,2.0564399630671524,2.1201069355010986,6163700,0.0,0.0
1996-10-18,2.1583080055167025,2.1583080055167025,2.1296579087203877,2.1455745697021484,7556200,0.0,0.0
1996-10-21,2.145573978680448,2.190140724182129,2.145573978680448,2.190140724182129,9912400,0.0,0.0
1996-10-22,2.186957344650582,2.186957344650582,2.129657170909363,2.132840394973755,6339900,0.0,0.0
1996-10-23,2.1296572128870523,2.1296572128870523,2.101007125451721,2.1041903495788574,3449000,0.0,0.0
1996-10-24,2.107374645702286,2.1169246788970075,2.0882745793128428,2.0946412086486816,5314200,0.0,0.0
1996-10-25,2.094639741376427,2.110556571139348,2.0914565181292835,2.097823143005371,2252900,0.0,0.0
1996-10-28,2.097823591224463,2.097823591224463,2.0755401318243902,2.085090160369873,2446800,0.0,0.0
1996-10-29,2.0882742536711367,2.1296577838556328,2.085090850308668,2.126474380493164,5617200,0.0,0.0
1996-10-30,2.129657506942749,2.14875756787024,2.107374043066718,2.129657506942749,6853700,0.0,0.0
1996-10-31,2.1296574157878414,2.1296574157878414,2.104190550053318,2.1073739528656006,8707900,0.0,0.0
1996-11-01,2.110557274071503,2.139207363128662,2.104190468693116,2.139207363128662,7479800,0.0,0.0
1996-11-04,2.132841121390949,2.177408057289809,2.132841121390949,2.171041250228882,5243700,0.0,0.0
1996-11-05,2.1774074702569974,2.2124241861238994,2.1774074702569974,2.190140724182129,3692500,0.0,0.0
1996-11-06,2.1965078357483456,2.2569914246614307,2.1965078357483456,2.25380802154541,12010100,0.0,0.0
1996-11-07,2.221973651768387,2.298373869454407,2.221973651768387,2.263357162475586,12923400,0.0,0.0
1996-11-08,2.304741835459768,2.323841899513399,2.282458367936563,2.292008399963379,4568000,0.0,0.0
1996-11-11,2.292008399963379,2.292008399963379,2.27927496446699,2.292008399963379,3839400,0.0,0.0
1996-11-12,2.292008738620339,2.3238422428739356,2.292008738620339,2.298375368118286,5470300,0.0,0.0
1996-11-13,2.292008738620339,2.298375368118286,2.2888253346804,2.298375368118286,8087600,0.0,0.0
1996-11-14,2.3047414847467738,2.3174747399236364,2.3015580817616197,2.311108112335205,3742800,0.0,0.0
1996-11-15,2.304742121605299,2.3429422544553034,2.304742121605299,2.3270254135131836,5408200,0.0,0.0
1996-11-18,2.33020802521118,2.342941457959691,2.33020802521118,2.3333914279937744,3272800,0.0,0.0
1996-11-19,2.320657860488796,2.342941321909263,2.317474457891056,2.3397579193115234,4624200,0.0,0.0
1996-11-20,2.339758879660611,2.4002424835519,2.339758879660611,2.3779590129852295,6460000,0.0,0.0
1996-11-21,2.3843255658828415,2.412975664956729,2.3843255658828415,2.3938755989074707,9689100,0.0,0.0
1996-11-22,2.400242214909631,2.4257089081484255,2.3938754078135007,2.419342279434204,6804100,0.0,0.0
1996-11-25,2.425707901766748,2.502108128167989,2.422524499539418,2.489374876022339,6959400,0.0,0.0
1996-11-26,2.489375844301739,2.489375844301739,2.4639089733410544,2.473459005355835,7485700,0.0,0.0
1996-11-27,2.470275375992855,2.470275375992855,2.4511753150891638,2.4575419425964355,3278600,0.0,0.0
1996-11-29,2.4607255207134004,2.4639087455027044,2.4479920864105225,2.4479920864105225,1034100,0.0,0.0
1996-12-02,2.4543583560991697,2.4543583560991697,2.409791610117502,2.4129748344421387,4039100,0.0,0.0
1996-12-03,2.4210379123687744,2.4402271102745066,2.4146413935906264,2.4210379123687744,4150800,0.01498,0.0
1996-12-04,2.4178390416561344,2.4210373002365646,2.3666678004408057,2.3890552520751953,5470300,0.0,0.0
1996-12-05,2.379460278285057,2.389054873290815,2.3378836401886796,2.3570728302001953,4291800,0.0,0.0
1996-12-06,2.347478265617801,2.347478265617801,2.312298143212181,2.321892738342285,7491600,0.0,0.0
1996-12-09,2.334685655940668,2.4082441608942764,2.334685655940668,2.395451307296753,5425800,0.0,0.0
1996-12-10,2.341081484697389,2.392252708759852,2.341081484697389,2.379459857940674,5431700,0.0,0.0
1996-12-11,2.31549631810118,2.3858565603834636,2.31549631810118,2.3826584815979004,4403400,0.0,0.0
1996-12-12,2.3922528201930207,2.4306311952240027,2.373063632677529,2.3762617111206055,4244800,0.0,0.0
1996-12-13,2.379460011410118,2.392252863054405,2.35067622962117,2.3698654174804688,3507800,0.0,0.0
1996-12-16,2.376261668170813,2.392252776954196,2.3538744026168845,2.3602707386016846,1706500,0.0,0.0
1996-12-17,2.3602702381972454,2.3602702381972454,2.3218918719965886,2.331486463546753,3151900,0.0,0.0
1996-12-18,2.325091549540899,2.337884226614588,2.289911239552439,2.302704095840454,6886400,0.0,0.0
1996-12-19,2.3027032438134225,2.3794599947119686,2.3027032438134225,2.3410816192626953,6512900,0.0,0.0
1996-12-20,2.3442798934061573,2.3698654174804688,2.3442798934061573,2.3698654174804688,4985100,0.0,0.0
1996-12-23,2.3666670322418213,2.3698652897841255,2.3602706963714652,2.3666670322418213,2499700,0.0,0.0
1996-12-24,2.3666669164342258,2.4114418029785156,2.36027058087686,2.4114418029785156,1318600,0.0,0.0
1996-12-26,2.4114423347177385,2.4114423347177385,2.350676506273639,2.3858566284179688,2629000,0.0,0.0
1996-12-27,2.385856063017188,2.389054320350306,2.3538742065429688,2.3538742065429688,1254000,0.0,0.0
1996-12-30,2.3602705419949643,2.3666668774469604,2.341081356424737,2.3538742065429688,3601800,0.0,0.0
1996-12-31,2.353874697242163,2.3986494131685507,2.3474781812424808,2.3826584815979004,4268300,0.0,0.0
1997-01-02,2.385856559725335,2.389054817724294,2.312298059463501,2.312298059463501,4530200,0.0,0.0
1997-01-03,2.321892489658147,2.373063717942816,2.321892489658147,2.363469123840332,3607700,0.0,0.0
1997-01-06,2.357073058202563,2.3666676541364167,2.318694674467147,2.328289270401001,2411500,0.0,0.0
1997-01-07,2.3250899753436216,2.3250899753436216,2.299504280090332,2.299504280090332,3360900,0.0,0.0
1997-01-08,2.3059019993648744,2.3378838663348547,2.2771182115633124,2.328289270401001,4694700,0.0,0.0
1997-01-09,2.341081551433029,2.3634689962012123,2.334685215448229,2.3602707386016846,1116400,0.0,0.0
1997-01-10,2.3506765365600586,2.3554737445441467,2.3442801995098463,2.3506765365600586,4944000,0.0,0.0
1997-01-13,2.353875132956053,2.4306319054460763,2.353875132956053,2.4178390502929688,9789000,0.0,0.0
1997-01-14,2.4945959874552535,2.5777492826180675,2.4945959874552535,2.5649564266204834,13103000,0.0,0.0
1997-01-15,2.539370406234063,2.6097306526745156,2.5329738898563576,2.606532573699951,9932600,0.0,0.0
1997-01-16,2.606532868134506,2.7088751703812304,2.5745508202761447,2.680091381072998,12800000,0.0,0.0
1997-01-17,2.6736937260845264,2.760045051471238,2.6577026204256553,2.718468427658081,11948000,0.0,0.0
1997-01-20,2.731261730194092,2.7504509168020137,2.7184688793840603,2.731261730194092,5813600,0.0,0.0
1997-01-21,2.7312628977092004,2.785632223267797,2.705677364366507,2.7728395462036133,5617200,0.0,0.0
1997-01-22,2.7760370212668355,2.779235279443493,2.753649751673095,2.7696406841278076,4086100,0.0,0.0
1997-01-23,2.760046370403293,2.814415689667726,2.760046370403293,2.76324462890625,7547000,0.0,0.0
1997-01-24,2.750451423185144,2.7984243985372106,2.734460491139216,2.788829803466797,6980400,0.0,0.0
1997-01-27,2.798424975133416,2.798424975133416,2.6736952135183336,2.72806453704834,6974500,0.0,0.0
1997-01-28,2.74405543631712,2.792028417789945,2.74405543631712,2.76324462890625,5916900,0.0,0.0
1997-01-29,2.76324489766777,2.7664429772674763,2.7344611059844772,2.7504520416259766,4814700,0.0,0.0
1997-01-30,2.756848111900336,2.792028417789945,2.753650032611685,2.76324462890625,3469200,0.0,0.0
1997-01-31,2.76324509623845,2.7952269698197116,2.756848578150729,2.785632371902466,7544500,0.0,0.0
1997-02-03,2.785631393831885,2.897568449706786,2.7824333151252465,2.8687846660614014,9415500,0.0,0.0
1997-02-04,2.85599193828737,2.884775723189483,2.8208118164784373,2.824009895324707,4156700,0.0,0.0
1997-02-05,2.827209347983003,2.8847769421116096,2.827209347983003,2.852794885635376,2755700,0.0,0.0
1997-02-06,2.8495949920012316,2.8495949920012316,2.680090397682992,2.73445987701416,17359600,0.0,0.0
1997-02-07,2.750451453478762,2.782433497137153,2.705676735728443,2.7536497116088867,12762200,0.0,0.0
1997-02-10,2.747252548092117,2.7728382486765173,2.7184687693453493,2.73445987701416,5026300,0.0,0.0
1997-02-11,2.744055333263101,2.747253412431647,2.680091240891992,2.696082353591919,5760800,0.0,0.0
1997-02-12,2.708875130427511,2.772839225200815,2.708875130427511,2.76324462890625,4050900,0.0,0.0
1997-02-13,2.7760371593270925,2.820812059169932,2.7504516302842528,2.8016228675842285,7996900,0.0,0.0
1997-02-14,2.7952264234916764,2.8400013244971096,2.7664426353657414,2.7824337482452393,3378500,0.0,0.0
1997-02-18,2.7760371330096323,2.804820920115311,2.7568479416058462,2.7664425373077393,4973400,0.0,0.0
1997-02-19,2.7696412360815055,2.7728394948955346,2.7504520416259766,2.7504520416259766,4829900,0.0,0.0
1997-02-20,2.7312612711124995,2.7440541197722568,2.648108023645409,2.6545045375823975,6386900,0.0,0.0
1997-02-21,2.6545056405658025,2.715271472930908,2.6545056405658025,2.715271472930908,4244800,0.0,0.0
1997-02-24,2.704097839986239,2.7073094166003813,2.6334444141992064,2.6462905406951904,4826500,0.01498,0.0
1997-02-25,2.6398669602165503,2.704097402340482,2.6398669602165503,2.691251277923584,5854800,0.0,0.0
1997-02-26,2.671982883001169,2.7297901881178683,2.65913675521059,2.723367214202881,5801900,0.0,0.0
1997-02-27,2.7233670080339687,2.7233670080339687,2.694463357663732,2.7073094844818115,2297400,0.0,0.0
1997-02-28,2.7073092931555616,2.73621294148317,2.697674743713025,2.7201552391052246,5690200,0.0,0.0
1997-03-03,2.7169442402878934,2.745847892846243,2.6880405877295437,2.723367214202881,6313100,0.0,0.0
1997-03-04,2.729789688925306,2.7362128416263047,2.684828519821167,2.684828519821167,1792100,0.0,0.0
1997-03-05,2.6976744301123112,2.713731950663016,2.6880398817897775,2.691251277923584,2608800,0.0,0.0
1997-03-06,2.6976752073944152,2.7940207183798216,2.6976752073944152,2.7522709369659424,5164800,0.0,0.0
1997-03-07,2.7426361579786565,2.8325586874134734,2.7362131844335242,2.8229241371154785,15412200,0.0,0.0
1997-03-10,2.8293470176690234,2.89678886753839,2.8293470176690234,2.8807313442230225,5158900,0.0,0.0
1997-03-11,2.8871541569894625,2.8871541569894625,2.8646734816297292,2.8775196075439453,2341000,0.0,0.0
1997-03-12,2.8839430552049565,2.9353272041918514,2.845404673523891,2.8678853511810303,4944000,0.0,0.0
1997-03-13,2.858250468312057,2.874308170468336,2.7875970467219258,2.800443172454834,3748700,0.0,0.0
1997-03-14,2.797232379943834,2.826136035972571,2.7586941719055176,2.7586941719055176,2905100,0.0,0.0
1997-03-17,2.765116534442356,2.765116534442356,2.720155184637104,2.7297897338867188,3439800,0.0,0.0
1997-03-18,2.723367418911656,2.736213547667847,2.607752799987793,2.607752799987793,10214600,0.0,0.0
1997-03-19,2.6205982877032223,2.6591364872305885,2.6077523411678243,2.6462905406951904,10024100,0.0,0.0
1997-03-20,2.6430792583149954,2.662348360223761,2.610964028480184,2.6366562843322754,4489100,0.0,0.0
1997-03-21,2.6430795192718506,2.6591370457943473,2.6238104154606052,2.6430795192718506,5423300,0.0,0.0
1997-03-24,2.633444278216727,2.6495018005371094,2.6173867558963444,2.6495018005371094,5149700,0.0,0.0
1997-03-25,2.6527129279040595,2.6687704475060428,2.627020860548777,2.633443832397461,3104900,0.0,0.0
1997-03-26,2.6334440776690657,2.6334440776690657,2.5531561122602615,2.578848361968994,5740600,0.0,0.0
1997-03-27,2.572425955611826,2.585272084191803,2.549945455547635,2.553156852722168,5922800,0.0,0.0
1997-03-31,2.549945608157698,2.549945608157698,2.447176933288574,2.447176933288574,11692800,0.0,0.0
1997-04-01,2.4407543244643035,2.5531573882434957,2.4311197709986394,2.543522834777832,5561000,0.0,0.0
1997-04-02,2.5370987214903553,2.588483043586807,2.47286845384022,2.566002368927002,5493800,0.0,0.0
1997-04-03,2.504983497685002,2.582059890849393,2.504983497685002,2.566002368927002,7635100,0.0,0.0
1997-04-04,2.5660024589415524,2.6719825032603364,2.5660024589415524,2.6655595302581787,6492700,0.0,0.0
1997-04-07,2.671981759503222,2.7073085510831776,2.671981759503222,2.6816163063049316,2952100,0.0,0.0
1997-04-08,2.6784055911958218,2.7297897338867188,2.6719824383890294,2.7297897338867188,5184900,0.0,0.0
1997-04-09,2.7297894176972357,2.7522700899959425,2.710520321429931,2.7330009937286377,3243400,0.0,0.0
1997-04-10,2.77475179913126,2.8132900060663735,2.7619056701660156,2.7619056701660156,9771400,0.0,0.0
1997-04-11,2.7619055900382388,2.7619055900382388,2.6784062040881653,2.6944637298583984,6434000,0.0,0.0
1997-04-14,2.6848288242123166,2.774751352576087,2.6848288242123166,2.745847702026367,3874600,0.0,0.0
1997-04-15,2.7522713773588494,2.768328905105591,2.7458484022522804,2.768328905105591,5817000,0.0,0.0
1997-04-16,2.7619052369214896,2.909635066986084,2.7619052369214896,2.909635066986084,13840000,0.0,0.0
1997-04-17,2.916057455411182,3.0059799660992095,2.916057455411182,2.9610188007354736,9142700,0.0,0.0
1997-04-18,2.967442168719121,2.9706537452307824,2.944961493058653,2.9545960426330566,5514000,0.0,0.0
1997-04-21,2.9610193008028047,2.9867113739266844,2.9610193008028047,2.967442274093628,2168100,0.0,0.0
1997-04-22,2.9738653418156247,2.9738653418156247,2.864673712640873,2.909635066986084,8375500,0.0,0.0
1997-04-23,2.912845819403414,2.92248036689938,2.893576724411481,2.8967881202697754,4003900,0.0,0.0
1997-04-24,2.9032112719074474,2.92248036689938,2.8967881202697754,2.8967881202697754,2182400,0.0,0.0
1997-04-25,2.9064243582623766,2.909635935949199,2.8646745681762695,2.8646745681762695,2608800,0.0,0.0
1997-04-28,2.85825050865291,2.906423255880498,2.8550389321842116,2.8775196075439453,5267200,0.0,0.0
1997-04-29,2.9289042949676514,2.9417504224771704,2.9096351936836737,2.9289042949676514,5825400,0.0,0.0
1997-04-30,2.9096349865915,3.0669991825699165,2.9032120132741936,3.038095712661743,6968600,0.0,0.0
1997-05-01,3.031672403340163,3.0477299257872237,2.9802882595253366,3.0027687549591064,3275300,0.0,0.0
1997-05-02,3.009191723180937,3.0252494246028405,2.941749881098529,2.993134021759033,12359300,0.0,0.0
1997-05-05,3.0027694473236695,3.1472877225513005,3.0027694473236695,3.137653350830078,9518700,0.0,0.0
1997-05-06,3.1023266405247276,3.1248069605958846,2.9995579719543457,2.9995579719543457,9777300,0.0,0.0
1997-05-07,2.9802875441240073,2.993133487013828,2.9096341383878532,2.9160571098327637,5899300,0.0,0.0
1997-05-08,2.9353277636207227,3.012404181751255,2.9353277636207227,3.005981206893921,14063300,0.0,0.0
1997-05-09,3.0059799851130338,3.147286634264697,2.9353265705569234,3.1183831691741943,39532300,0.0,0.0
1997-05-12,3.1183836563072798,3.128018026202093,3.0380956808587642,3.0541532039642334,6228300,0.0,0.0
1997-05-13,3.0541521663788638,3.076632835057644,3.0477290153503414,3.047729015350342,1941500,0.0,0.0
1997-05-14,3.057364973459362,3.060576550267309,3.0380958725328733,3.0413074493408203,4994400,0.0,0.0
1997-05-15,3.0316726769612456,3.044518984015252,2.9834999253116936,2.9867115020751953,5707900,0.0,0.0
1997-05-16,2.9802895356147867,2.9802895356147867,2.925693611989057,2.938539743423462,4908800,0.0,0.0
1997-05-19,2.9449615009695624,2.9449615009695624,2.9256924017689943,2.9321155548095703,4080300,0.0,0.0
1997-05-20,2.9256923307796487,2.9256923307796487,2.8421929629234186,2.871096611022949,5875800,0.0,0.0
1997-05-21,2.8967886453586815,2.967442066456336,2.89357724891827,2.9513845443725586,7415200,0.0,0.0
1997-05-22,2.951384918363675,3.057364973459362,2.951384918363675,3.0413074493408203,7488200,0.0,0.0
1997-05-23,3.03809628047692,3.083057641983032,3.012404022484678,3.0830576419830322,2059000,0.0,0.0
1997-05-27,3.0830569544878212,3.1055372703067183,3.0445187560537668,3.0573647022247314,4938100,0.0,0.0
1997-05-28,3.089479766683575,3.1280179653555193,3.076633820433315,3.095902919769287,8578600,0.0,0.0
1997-05-29,3.0959032243284326,3.099114801187227,3.0605765987240914,3.0637881755828857,1398400,0.0,0.0
1997-05-30,3.0573647360682106,3.1344411337895157,3.0509415829510464,3.1248064041137695,3731100,0.0,0.0
1997-06-02,3.124805771979818,3.134440499706502,3.105536676447542,3.1312289237976074,1107100,0.0,0.0
1997-06-03,3.128017686266764,3.185824979116984,3.115171741162648,3.166555881500244,16678000,0.0,0.0
1997-06-04,3.1650124336373784,3.1650124336373784,3.094105983420923,3.1069979667663574,1442000,0.01498,0.0
1997-06-05,3.1069980601422,3.148897458787886,3.1069980601422,3.142451286315918,1024900,0.0,0.0
1997-06-06,3.1360049700850854,3.1650123836681483,3.113444089889527,3.1134440898895264,1927200,0.0,0.0
1997-06-09,3.106997847031249,3.1263360019096837,3.0844366061379036,3.0908827781677246,7928900,0.0,0.0
1997-06-10,3.090882946283586,3.1166669133832254,3.087659860093369,3.1005518436431885,4967500,0.0,0.0
1997-06-11,3.1456742262739805,3.2649262441936973,3.1456742262739805,3.2584800720214844,10614200,0.0,0.0
1997-06-12,3.2617018674861176,3.4808676612983267,3.2359175502108886,3.390623092651367,22257500,0.0,0.0
1997-06-13,3.3841779333882442,3.5517751426867408,3.335832369214811,3.5453293323516846,23987500,0.0,0.0
1997-06-16,3.5259909800178124,3.5259909800178124,3.4486383706727035,3.4583072662353516,8422500,0.0,0.0
1997-06-17,3.4615306854248047,3.464753771326633,3.4421925312248507,3.4615306854248047,11845600,0.0,0.0
1997-06-18,3.461530420588418,3.4808685733088396,3.4421922678679966,3.448638439178467,6636200,0.0,0.0
1997-06-19,3.4550840854644775,3.464753341971741,3.3970696300538115,3.4550840854644775,7599900,0.0,0.0
1997-06-20,3.4550838084416444,3.532436409453864,3.4292998489115334,3.493760108947754,9289600,0.0,0.0
1997-06-23,3.4905377596947833,3.493760845618381,3.4228544001433105,3.442192554473877,3375200,0.0,0.0
1997-06-24,3.4357470738348086,3.4808695634209386,3.4260781753298333,3.4293012619018555,5952100,0.0,0.0
1997-06-25,3.4164079317739313,3.545329190262186,3.4099621216972102,3.5324368476867676,10837400,0.0,0.0
1997-06-26,3.5324366863045427,3.5324366863045427,3.422853946685791,3.422853946685791,3780600,0.0,0.0
1997-06-27,3.4244655696605855,3.4615305138782224,3.403516054153442,3.4035160541534424,6113300,0.0,0.0
1997-06-30,3.403515302472365,3.4131841963522453,3.2745940685272217,3.2745940685272217,7881900,0.0,0.0
1997-07-01,3.2810412175946086,3.371285819314927,3.2745950456106474,3.3358325958251953,12147700,0.0,0.0
1997-07-02,3.31971752707632,3.351947664574071,3.3116599927018826,3.3358325958251953,4741700,0.0,0.0
1997-07-03,3.337443970733296,3.4679765918988883,3.335832247300184,3.448638439178467,4060100,0.0,0.0
1997-07-07,3.450249616122006,3.5582209931138737,3.4357459120577927,3.540494203567505,7517600,0.0,0.0
1997-07-08,3.5324359563099597,3.590450399626982,3.522767063029238,3.5743353366851807,7194400,0.0,0.0
1997-07-09,3.564666665834217,3.606566048823895,3.5582204957709065,3.5598318576812744,16519300,0.0,0.0
1997-07-10,3.5582219102587773,3.559833272809705,3.4486391428859524,3.4663655757904053,6789000,0.0,0.0
1997-07-11,3.4663657465781355,3.467977470419535,3.371286321112285,3.4438045024871826,15103300,0.0,0.0
1997-07-14,3.4292997934120604,3.4937600524050625,3.4292997934120604,3.4679760932922363,6081400,0.0,0.0
1997-07-15,3.4421911089446335,3.5130975246429443,3.4357449398044717,3.5130975246429443,3642900,0.0,0.0
1997-07-16,3.5453292954145255,3.67102711077606,3.535660038196178,3.648465871810913,9219100,0.0,0.0
1997-07-17,3.635574340820312,3.6549124964436484,3.6242937199391125,3.6355743408203125,7209600,0.0,0.0
1997-07-18,3.629126325198486,3.629126325198486,3.598507564246151,3.609788179397583,6175400,0.0,0.0
1997-07-21,3.609788130224526,3.609788130224526,3.582392454147339,3.582392454147339,4183500,0.0,0.0
1997-07-22,3.5759483820429008,3.619459140317629,3.553387141097181,3.572725296020508,4054300,0.0,0.0
1997-07-23,3.572724909362931,3.648465797242482,3.572724909362931,3.6420199871063232,8061500,0.0,0.0
1997-07-24,3.6355726885676938,3.751601569576259,3.609788372384386,3.7354865074157715,9221600,0.0,0.0
1997-07-25,3.7387118566598283,3.867632793243123,3.7387118566598283,3.861186981201172,17133800,0.0,0.0
1997-07-28,3.8934151729965896,3.8934151729965896,3.7773862798818816,3.7983357906341553,4735800,0.0,0.0
1997-07-29,3.7983354427916867,3.819285312836338,3.7644935950963228,3.7967240810394287,3883900,0.0,0.0
1997-07-30,3.803172335844158,3.820898769682371,3.622682743712839,3.7419347763061523,13567200,0.0,0.0
1997-07-31,3.7773862751506835,3.9063071469352457,3.7451557862963556,3.8660194873809814,19181100,0.0,0.0
1997-08-01,3.8660203169911265,3.874077850631047,3.7516027613666614,3.8015596866607666,9177900,0.0,0.0
1997-08-04,3.774164632670921,3.780610805147767,3.725819061516684,3.7322652339935303,13925600,0.0,0.0
1997-08-05,3.7258171115617476,3.7403208114384237,3.712925134566294,3.7387094497680664,8005300,0.0,0.0
1997-08-06,3.7322648402852745,3.8031716464176175,3.7322648402852745,3.769329786300659,5184900,0.0,0.0
1997-08-07,3.7773872972434495,3.8144518818201965,3.738710989121879,3.7403223514556885,4450400,0.0,0.0
1997-08-08,3.7000343141197334,3.7000343141197334,3.60656663896232,3.6436312198638916,5061500,0.0,0.0
1997-08-11,3.6355744253120656,3.6420205977400033,3.6097900968113685,3.624293804168701,3525400,0.0,0.0
1997-08-12,3.6387972851565586,3.674250508882566,3.5856172689620327,3.590451717376709,5288200,0.0,0.0
1997-08-13,3.585616966616658,3.648465874341009,3.519544973150623,3.550163745880127,6357600,0.0,0.0
1997-08-14,3.5711138007193792,3.6097901130387644,3.558221817016602,3.5582218170166016,2217600,0.0,0.0
1997-08-15,3.5711127099599733,3.5775588804479725,3.4937601089477544,3.493760108947754,2003600,0.0,0.0
1997-08-18,3.5066526617345577,3.5566095830067206,3.496983405418511,3.546940326690674,4806400,0.0,0.0
1997-08-19,3.5533871312494854,3.592063440988954,3.5324372527675063,3.590451717376709,1709800,0.0,0.0
1997-08-20,3.5840043212996373,3.6130113601684566,3.5743350675361176,3.613011360168457,1780300,0.0,0.0
1997-08-21,3.6130119223803367,3.6130119223803367,3.5582205594937193,3.5840048789978027,6974500,0.0,0.0
1997-08-22,3.5711123133748166,3.6162347793579097,3.54855108038327,3.61623477935791,3895600,0.0,0.0
1997-08-25,3.629126325198486,3.629126325198486,3.5743349722977364,3.609788179397583,3255100,0.0,0.0
1997-08-26,3.6097896029682595,3.6097896029682595,3.545329332351685,3.5453293323516846,3578300,0.0,0.0
1997-08-27,3.5324367813731663,3.558221104828972,3.464753428966776,3.4921491146087646,9201500,0.0,0.0
1997-08-28,3.4808680351495824,3.53727112236853,3.455083715105073,3.506652355194092,5940400,0.0,0.0
1997-08-29,3.513098259200809,3.5195444296888083,3.469587511434171,3.493760108947754,2423300,0.0,0.0
1997-09-02,3.4953726313708566,3.5968978531097813,3.4550845984256626,3.563055992126465,4638500,0.0,0.0
1997-09-03,3.6148557304541824,3.6471888343757866,3.6035390716086217,3.6391055583953857,8974800,0.01498,0.0
1997-09-04,3.6083897792539084,3.6730563640594482,3.5986899908338703,3.6730563640594482,7975900,0.0,0.0
1997-09-05,3.685990271842428,3.7118569834009656,3.6762904814861956,3.705390214920044,4506700,0.0,0.0
1997-09-08,3.7053886994738554,3.7070055721153854,3.6762889779413395,3.692455530166626,5458600,0.0,0.0
1997-09-09,3.6859887643305105,3.7021553165557974,3.6730555950232815,3.692455530166626,3219900,0.0,0.0
1997-09-10,3.711856308718786,3.723172970320862,3.6795228345563906,3.6811397075653076,5875800,0.0,0.0
1997-09-11,3.6730558171091694,3.723172349456782,3.6213224120222645,3.6989221572875977,3378500,0.0,0.0
1997-09-12,3.7183222306671233,3.7668222544282552,3.7183222306671233,3.7538890838623047,8704500,0.0,0.0
1997-09-15,3.7506557431000416,3.8832219205885226,3.7506557431000416,3.8638219833374023,7121400,0.0,0.0
1997-09-16,3.8896905333936673,4.009323596954346,3.8896905333936673,4.009323596954346,11049000,0.0,0.0
1997-09-17,4.009321795633323,4.145121359836856,4.009321795633323,4.12733793258667,7306100,0.0,0.0
1997-09-18,4.138654409734753,4.151587580202193,4.099854535967396,4.107937812805176,12750400,0.0,0.0
1997-09-19,4.107937845273185,4.135421059211862,4.0869213978018575,4.106321334838867,7000500,0.0,0.0
1997-09-22,4.099853428356489,4.125720124668294,4.080453496713871,4.086920261383057,5658300,0.0,0.0
1997-09-23,4.086922752232629,4.086922752232629,4.046505991964895,4.05458927154541,5429200,0.0,0.0
1997-09-24,4.028721586690828,4.12410439907652,4.028721586690828,4.106321334838867,4201100,0.0,0.0
1997-09-25,4.112786873046315,4.151586738951517,4.035187141235911,4.073987007141113,3827600,0.0,0.0
1997-09-26,4.067523048150645,4.104706063936299,4.067523048150645,4.082072734832764,3480900,0.0,0.0
1997-09-29,4.075605707077649,4.096622159547887,4.041655718596382,4.061055660247803,710900,0.0,0.0
1997-09-30,4.035189516198035,4.0642896139366504,3.9963896274566646,3.996389627456665,5000300,0.0,0.0
1997-10-01,4.009321220195812,4.022254389380137,3.957587818728512,3.964054584503174,9356700,0.0,0.0
1997-10-02,3.9689068304508277,4.009323596954346,3.947890372771953,4.009323596954346,3040300,0.0,0.0
1997-10-03,4.0287210907795,4.095004170633149,4.012554538966171,4.05135440826416,2981500,0.0,0.0
1997-10-06,4.064289244911968,4.135422247024102,4.061055860749572,4.128955841064453,2068200,0.0,0.0
1997-10-07,4.164520899782328,4.242120643343395,4.164520899782328,4.235653877258301,10394200,0.0,0.0
1997-10-08,4.25020521716055,4.25020521716055,4.153205508099641,4.164522171020508,3014200,0.0,0.0
1997-10-09,4.170987303502406,4.271220365996287,4.135420814764419,4.235653877258301,7056800,0.0,0.0
1997-10-10,4.222722754548631,4.222722754548631,4.18715624856868,4.190389633178711,4144900,0.0,0.0
1997-10-13,4.187152271802842,4.216251980925158,4.119252346576024,4.135418891906738,2817000,0.0,0.0
1997-10-14,4.141888322051636,4.190388351639022,4.140271811423592,4.161288261413574,4371500,0.0,0.0
1997-10-15,4.161287851009099,4.172604511384555,4.148354680165027,4.169371128082275,5308300,0.0,0.0
1997-10-16,4.193621846509897,4.235655113602053,4.193621846509897,4.211405277252197,17592100,0.0,0.0
1997-10-17,4.21140574596873,4.21140574596873,4.0901561883596305,4.112789154052734,5153000,0.0,0.0
1997-10-20,4.125722691437551,4.1386558664572055,4.106322747725489,4.112789154052734,2299900,0.0,0.0
1997-10-21,4.116020854153247,4.187154193567007,4.116020854153247,4.180687427520752,6377700,0.0,0.0
1997-10-22,4.177453668027934,4.1871538162231445,4.161287116734232,4.1871538162231445,4338800,0.0,0.0
1997-10-23,4.180688646848399,4.180688646848399,4.15320542668366,4.162905216217041,1533500,0.0,0.0
1997-10-24,4.162905402502511,4.174222065707943,4.13057228612421,4.13218879699707,4920500,0.0,0.0
1997-10-27,4.099854694380727,4.1257213986801,4.022254943847656,4.022254943847656,2326800,0.0,0.0
1997-10-28,3.8023886238287203,3.846038390164253,3.750655580851979,3.776521921157837,15579200,0.0,0.0
1997-10-29,3.7894550767109947,3.8282549456751007,3.5922223490826237,3.608388900756836,15876400,0.0,0.0
1997-10-30,3.4919900175863434,3.618089799036612,3.4919900175863434,3.6067731380462646,17756600,0.0,0.0
1997-10-31,3.627788832084497,3.716705228580343,3.610005407839332,3.6310222148895264,7000500,0.0,0.0
1997-11-03,3.6601221770298973,3.7377219200134277,3.6601221770298973,3.7377219200134277,4603200,0.0,0.0
1997-11-04,3.7377230687180845,3.7506566047668457,3.7118567213508133,3.7506566047668457,5188300,0.0,0.0
1997-11-05,3.750656485807859,3.75712289126202,3.7118566036224365,3.7118566036224365,3460800,0.0,0.0
1997-11-06,3.711857382097219,3.7441905032444778,3.6989238437461633,3.719940662384033,4788700,0.0,0.0
1997-11-07,3.721556511022259,3.7506566047668457,3.7086233373386235,3.7506566047668457,2975600,0.0,0.0
1997-11-10,3.750653406660797,3.763586569316587,3.6083871679878388,3.6229372024536133,4894500,0.0,0.0
1997-11-11,3.6245551531306996,3.6245551531306996,3.362655878067017,3.3626558780670166,11023000,0.0,0.0
1997-11-12,3.297991198321755,3.336791081983242,3.278591256491012,3.323857545852661,23279900,0.0,0.0
1997-11-13,3.3626575392670532,3.4014577865600586,3.3497243650794775,3.4014577865600586,21584300,0.0,0.0
1997-11-14,3.414390325448783,3.414390325448783,3.354573635935123,3.3642737865448,9192200,0.0,0.0
1997-11-17,3.3642737865448,3.385290235984825,3.3594238924224973,3.3642737865448,7946500,0.0,0.0
1997-11-18,3.3691234656761746,3.372356849006404,3.3464901447296143,3.3464901447296143,2728800,0.0,0.0
1997-11-19,3.3464906704983197,3.3658906111625835,3.285057464667299,3.349724054336548,11665900,0.0,0.0
1997-11-20,3.35619014344763,3.3982234001159664,3.32709005715223,3.398223400115967,4585600,0.0,0.0
1997-11-21,3.4143897665918104,3.4305563192634407,3.370740001905406,3.4127728939056396,12588400,0.0,0.0
1997-11-24,3.4127740436664147,3.4127740436664147,3.285057727221995,3.320624589920044,9348300,0.0,0.0
1997-11-25,3.31415667547396,3.327089845022299,3.194523679465543,3.2850565910339355,12732800,0.0,0.0
1997-11-26,3.304455435998339,3.346488676114839,3.304455435998339,3.3367888927459717,9471700,0.0,0.0
1997-11-28,3.3384061682625448,3.373972652714565,3.3384061682625448,3.3400230407714844,1259900,0.0,0.0
1997-12-01,3.3626570392953483,3.530790090560913,3.356190634345578,3.530790090560913,8314200,0.0,0.0
1997-12-02,3.517856370643227,3.5566562437619007,3.441873134800394,3.4725897312164307,10555400,0.0,0.0
1997-12-03,3.4788207290124054,3.555082321166992,3.4788207290124054,3.555082321166992,5546700,0.01668,0.0
1997-12-04,3.556704860561369,3.58915678085804,3.5437243106582157,3.5502147674560547,4609100,0.0,0.0
1997-12-05,3.53074422464513,3.608628261681966,3.53074422464513,3.602137804031372,4089500,0.0,0.0
1997-12-08,3.6021390384906504,3.7124746742075234,3.6021390384906504,3.697871685028076,6915800,0.0,0.0
1997-12-09,3.6930027655578095,3.70111602028653,3.6540607431074315,3.665418863296509,6136800,0.0,0.0
1997-12-10,3.673532183968137,3.7643971561078113,3.673532183968137,3.705984115600586,6157800,0.0,0.0
1997-12-11,3.7579069917213066,3.8033394813537598,3.6865133911783214,3.8033394813537598,5705400,0.0,0.0
1997-12-12,3.803338437942673,3.8552610092119366,3.637834673752238,3.641079902648926,4630100,0.0,0.0
1997-12-15,3.6800198663068944,3.7027360922014867,3.6378326416015625,3.6378326416015625,5535000,0.0,0.0
1997-12-16,3.6475709938558607,3.69624834468143,3.6475709938558607,3.6605515480041504,3073000,0.0,0.0
1997-12-17,3.686512282313873,3.686512282313873,3.6345893487253242,3.652437925338745,2270500,0.0,0.0
1997-12-18,3.6459471824428413,3.660550529102779,3.5680631518465615,3.5729308128356934,3422200,0.0,0.0
1997-12-19,3.517763095215966,3.561573136151877,3.478821079067968,3.553459882736206,12341600,0.0,0.0
1997-12-22,3.553460381199192,3.6183638717810673,3.5469702867258257,3.566441297531128,9227500,0.0,0.0
1997-12-23,3.608628503510573,3.608628503510573,3.5242540031688714,3.54372501373291,6624500,0.0,0.0
1997-12-24,3.5404800549206428,3.5729316204400723,3.5404800549206428,3.559951066970825,2147100,0.0,0.0
1997-12-26,3.5631961822509766,3.5988929759186963,3.5469704000104327,3.5631961822509766,1551200,0.0,0.0
1997-12-29,3.559951961781508,3.647571719877281,3.559951961781508,3.595648765563965,3962800,0.0,0.0
1997-12-30,3.595647259594795,3.598892488341764,3.530744139425675,3.5615732669830322,7509200,0.0,0.0
1997-12-31,3.5696859065067867,3.6345890221214274,3.5696859065067867,3.611873149871826,4377400,0.0,0.0
1998-01-02,3.634590148925781,3.6800226348951486,3.6021385810577478,3.6345901489257812,3601800,0.0,0.0
1998-01-05,3.6118737773077005,3.6459477734475287,3.549404117614913,3.566441297531128,2873200,0.0,3.5
1998-01-06,3.5664420821196448,3.617553269419737,3.5380467760125485,3.5721211433410645,4206200,0.0,0.0
1998-01-07,3.589156920121633,3.6800215003544117,3.589156920121633,3.640268087387085,5299100,0.0,0.0
1998-01-08,3.6970591128399612,3.6970591128399612,3.5834782832464627,3.5891573429107666,5968100,0.0,0.0
1998-01-09,3.589157818868794,3.6913805426894344,3.589157818868794,3.6175527572631836,6981200,0.0,0.0
1998-01-12,3.5437243855070903,3.6459470819232696,3.4074273357213407,3.44718074798584,5827100,0.0,0.0
1998-01-13,3.5437266032194183,3.7140981129955475,3.5437266032194183,3.6857028007507324,10353900,0.0,0.0
1998-01-14,3.697058753914278,3.9071835774011623,3.697058753914278,3.7879233360290527,8441000,0.0,0.0
1998-01-15,3.776565719489567,3.884467856969694,3.7595289035800366,3.7708866596221924,4641800,0.0,0.0
1998-01-16,3.77656626701355,3.833356873920764,3.77656626701355,3.77656626701355,3792400,0.0,0.0
1998-01-20,3.776565335353393,3.873109343278723,3.776565335353393,3.8163187503814697,5551700,0.0,0.0
1998-01-21,3.8163198140453916,3.86175230102589,3.7822454488100177,3.844715118408203,14513200,0.0,0.0
1998-01-22,3.8617505227130056,3.8617505227130056,3.7936018236243236,3.799280881881714,8081700,0.0,0.0
1998-01-23,3.7879237731724764,3.810640012245863,3.680022001266479,3.6800220012664795,4807200,0.0,0.0
1998-01-26,3.6800230316694043,3.7481717679711446,3.6118746590603545,3.7254555225372314,11035500,0.0,0.0
1998-01-27,3.8049616076182584,3.8163197291106004,3.6232320274334393,3.6345901489257812,13349800,0.0,0.0
1998-01-28,3.657305404036174,3.770886224587641,3.657305404036174,3.765207529067993,8099300,0.0,0.0
1998-01-29,3.759528333369263,3.867430090791246,3.759528333369263,3.8390347957611084,8045600,0.0,0.0
1998-01-30,3.850393009661111,4.066196893571871,3.8276767730712886,3.827676773071289,8256300,0.0,0.0
1998-02-02,3.8276772106266534,4.0207648800201286,3.8276772106266534,3.9866905212402344,5974800,0.0,0.0
1998-02-03,3.9980502834175793,4.049161842586414,3.935580599989004,4.043482780456543,5017000,0.0,0.0
1998-02-04,4.043482219102462,4.043482219102462,3.8617526198687524,3.958296298980713,5629800,0.0,0.0
1998-02-05,3.9639740700846686,4.032122784000282,3.9639740700846686,3.9696531295776367,3396200,0.0,0.0
1998-02-06,3.97533355241613,3.9980497981785654,3.9469382452130857,3.963975429534912,2866500,0.0,0.0
1998-02-09,3.9810107342950043,4.105949663308063,3.9526154404982807,4.088912487030029,5903500,0.0,0.0
1998-02-10,4.077554394919674,4.128665924072266,4.020764170664876,4.128665924072266,2958000,0.0,0.0
1998-02-11,4.117309846097295,4.1797795237853,4.100272661273293,4.140026092529297,4493300,0.0,0.0
1998-02-12,4.13434596987436,4.208173751831055,4.117308789422815,4.208173751831055,3548100,0.0,0.0
1998-02-13,4.1797795237853,4.196816708609302,4.134347030921297,4.140026092529297,4025700,0.0,0.0
1998-02-17,4.179777289349989,4.202493523638292,4.168419172205837,4.191135406494141,10186100,0.0,0.0
1998-02-18,4.134344820773382,4.213851640782444,4.134344820773382,4.191135406494141,5576100,0.0,0.0
1998-02-19,4.17977861751347,4.2365688575873435,4.17977861751347,4.230889797210693,5943700,0.0,0.0
1998-02-20,4.236568450927734,4.350149647558306,4.179778216305041,4.236568450927734,10084500,0.0,0.0
1998-02-23,4.247926235198975,4.247926235198975,4.225210361358967,4.247926235198975,3651300,0.0,0.0
1998-02-24,4.15706205368042,4.25360570890513,4.15706205368042,4.15706205368042,4766900,0.0,0.0
1998-02-25,4.158430102144772,4.186912567569352,3.7767661598825017,3.805248260498047,16581500,0.01668,0.0
1998-02-26,3.736891746520996,3.7995528230553703,3.509032324626457,3.736891746520996,42954600,0.0,0.0
1998-02-27,3.736890290900049,3.828033805269492,3.71410432110544,3.7653727531433105,25892900,0.0,0.0
1998-03-02,3.7881580038542744,3.8280334472656246,3.7254969575882555,3.828033447265625,15792400,0.0,0.0
1998-03-03,3.9077857363688353,4.044501226601008,3.8736067726085195,3.9191787242889404,18509600,0.0,0.0
1998-03-04,3.919177279291478,3.9533558656410857,3.714103937149048,3.714103937149048,8271400,0.0,0.0
1998-03-05,3.7254987571858122,3.7824633390525944,3.6571408211747096,3.736891746520996,10207100,0.0,0.0
1998-03-06,3.736890542211176,3.7995515985514006,3.736890542211176,3.7824621200561523,10123100,0.0,0.0
1998-03-09,3.8166399285337933,3.8280329107688873,3.6514420509338383,3.651442050933838,10452200,0.0,0.0
1998-03-10,3.6913188853638803,3.8394273456478984,3.6913188853638803,3.8223378658294678,8060700,0.0,0.0
1998-03-11,3.8052496927499173,3.89639361641409,3.7254991243529383,3.873607635498047,7180200,0.0,0.0
1998-03-12,3.828034820928098,3.930571712209046,3.828034820928098,3.9191787242889404,8853100,0.0,0.0
1998-03-13,3.976142822720102,3.987535809275275,3.702711875014048,3.7425873279571533,12272000,0.0,0.0
1998-03-16,3.9419642504606465,4.067287114883956,3.9191786399200375,4.02171516418457,9899800,0.0,0.0
1998-03-17,4.010322448139144,4.021715436585667,3.9305718938225938,3.9932329654693604,4488200,0.0,0.0
1998-03-18,3.9932333058423115,4.147038298171201,3.9533578428806004,4.1242523193359375,4246500,0.0,0.0
1998-03-19,4.181217709871732,4.192610700497671,4.095770280177191,4.152735233306885,2820300,0.0,0.0
1998-03-20,4.192609057974959,4.238181002625164,4.1128581548371,4.158430099487305,3757100,0.0,0.0
1998-03-23,4.1584285454033525,4.226786436832015,4.135642581593799,4.204000473022461,2860600,0.0,0.0
1998-03-24,4.2096972271427875,4.249572301493387,4.181214770600273,4.238179683685303,5694400,0.0,0.0
1998-03-25,4.238180974006379,4.295145539625442,4.147037085321427,4.186912536621094,10005600,0.0,0.0
1998-03-26,4.192610700497671,4.226789672375487,4.10716327080313,4.152735233306885,6422200,0.0,0.0
1998-03-27,4.175520771715281,4.186913761132912,4.090073351083042,4.1242523193359375,5637400,0.0,0.0
1998-03-30,4.124249175149942,4.141338646247965,4.101463213685914,4.1185526847839355,3401200,0.0,0.0
1998-03-31,4.090073121529452,4.090073121529452,3.9761435985565186,3.9761435985565186,12638800,0.0,0.0
1998-04-01,3.9989285218616293,4.135643986348204,3.9989285218616293,4.107161521911621,6261000,0.0,0.0
1998-04-02,4.124251745163769,4.226788635647422,4.078680158646789,4.2096991539001465,7119700,0.0,0.0
1998-04-03,4.295145791779018,4.317931765287945,4.2609668315156295,4.30084228515625,7794600,0.0,0.0
1998-04-06,4.300842255599622,4.369200175656624,4.300842255599622,4.329324722290039,5275600,0.0,0.0
1998-04-07,4.346414524984799,4.346414524984799,4.215395533290999,4.226788520812988,4238100,0.0,0.0
1998-04-08,4.2267890244514765,4.346415042877197,4.221092530011722,4.346415042877197,4650200,0.0,0.0
1998-04-09,4.329324469661255,4.488825909011166,4.283752525615844,4.295145511627197,7956600,0.0,0.0
1998-04-13,4.295146673091228,4.3578081130981445,4.2609677058147275,4.3578081130981445,4636000,0.0,0.0
1998-04-14,4.3407170345978585,4.352110019504026,4.306538079879357,4.335020542144775,5592000,0.0,0.0
1998-04-15,4.317930172378242,4.317930172378242,4.192607729120386,4.249572277069092,7280100,0.0,0.0
1998-04-16,4.243876930746812,4.266662901997279,4.158429903366582,4.164126396179199,4033300,0.0,0.0
1998-04-17,4.192607753217279,4.278054758035902,4.13564284013225,4.238179683685303,8967300,0.0,0.0
1998-04-20,4.215396219621214,4.289450285762188,4.209699724932744,4.272360801696777,7999400,0.0,0.0
1998-04-21,4.283752887939741,4.32362834235218,4.272359900964759,4.312235355377197,4338800,0.0,0.0
1998-04-22,4.306538778533481,4.317931765287945,4.289449298401787,4.30084228515625,2935300,0.0,0.0
1998-04-23,4.323626688503925,4.323626688503925,4.238179683685303,4.238179683685303,4507500,0.0,0.0
1998-04-24,4.249574026468994,4.249574026468994,4.090072569895433,4.147037506103516,7478200,0.0,0.0
1998-04-27,4.021714771007332,4.067286717251441,3.987535811324251,4.033107757568359,5468600,0.0,0.0
1998-04-28,4.033108151859417,4.078680102558802,3.85082071387096,4.02171516418457,10376600,0.0,0.0
1998-04-29,4.033107974542106,4.033107974542106,3.964750051498413,3.964750051498413,10395900,0.0,0.0
1998-04-30,3.9875343656571927,4.010320330518272,3.890694379806518,3.8906943798065186,6188000,0.0,0.0
1998-05-01,3.9191769240577603,3.9533555073094253,3.896390958684034,3.902087450027466,10677100,0.0,0.0
1998-05-04,3.9020891924828756,3.9533572726583004,3.8508207474983642,3.879303216934204,5640700,0.0,0.0
1998-05-05,3.7824622881583823,3.862213191347207,3.725497722118257,3.805248260498047,14315100,0.0,0.0
1998-05-06,3.8052469462986993,3.8052469462986993,3.6001739956848238,3.651442050933838,18221600,0.0,0.0
1998-05-07,3.651444326507118,3.805249317722962,3.651444326507118,3.736891746520996,19503400,0.0,0.0
1998-05-08,3.7824626591254735,3.867910063779515,3.714105100211311,3.8565170764923096,9387800,0.0,0.0
1998-05-11,3.919176143414804,3.919176143414804,3.82803230007443,3.833728790283203,4993500,0.0,0.0
1998-05-12,3.8337302023924695,3.856516171620506,3.759676167210337,3.799551248550415,5495500,0.0,0.0
1998-05-13,3.799551880092909,3.8052483733467604,3.765373285378845,3.788158893585205,5379700,0.0,0.0
1998-05-14,3.7881588935852055,3.793855386839057,3.7824624003313536,3.788158893585205,3693300,0.0,0.0
1998-05-15,3.7881598337201865,3.7881598337201865,3.736891746520996,3.736891746520996,5526600,0.0,0.0
1998-05-18,3.7368902985269306,3.748283283447488,3.6457464191624718,3.702711343765259,3327300,0.0,0.0
1998-05-19,3.702712048039413,3.7198015286707524,3.668533086776733,3.6685330867767334,4886900,0.0,0.0
1998-05-20,3.674229653036005,3.6913191340055573,3.6400506910969006,3.645747184753418,4206200,0.0,0.0
1998-05-21,3.6685325725273494,3.771069441941924,3.6685325725273494,3.759676456451416,9407100,0.0,0.0
1998-05-22,3.8394273328698705,3.850820319377574,3.759676792124993,3.788158893585205,5572700,0.0,0.0
1998-05-26,3.8508192839896678,3.8508192839896678,3.8052473502119946,3.810943841934204,4240600,0.0,0.0
1998-05-27,3.788159086387047,3.788159086387047,3.6343541255140535,3.6685330867767334,9371000,0.0,0.0
1998-05-28,3.679926146692522,3.679926146692522,3.62296157493642,3.645747184753418,7294300,0.0,0.0
1998-05-29,3.640050172805786,3.6457466656512043,3.634353679960368,3.640050172805786,2409000,0.0,0.0
1998-06-01,3.640050805511718,3.640050805511718,3.588782725800664,3.628657817840576,1895300,0.0,0.0
1998-06-02,3.62865718711495,3.6742291298782956,3.6001750876968783,3.640050172805786,3315600,0.0,0.0
1998-06-03,3.6700065710898335,3.6700065710898335,3.504227427272697,3.509943962097168,2237000,0.01668,0.0
1998-06-04,3.5328101013950532,3.544243171043995,3.4642120495939266,3.509943962097168,4773600,0.0,0.0
1998-06-05,3.509942411698766,3.555674670093856,3.4813601162942005,3.4870762825012207,5046400,0.0,0.0
1998-06-08,3.509942620480779,3.527092218399048,3.469927258097206,3.527092218399048,5628100,0.0,0.0
1998-06-09,3.5213755065145387,3.5270920388629787,3.481360146167828,3.492792844772339,3783100,0.0,0.0
1998-06-10,3.47564491476475,3.487077617648559,3.355597690513438,3.395613431930542,6447400,0.0,0.0
1998-06-11,3.389898191014124,3.561393925008443,3.3498824343271654,3.5499608516693115,9107400,0.0,0.0
1998-06-12,3.54995813779447,3.6128399930877193,3.475643583994814,3.4870762825012207,7517600,0.0,0.0
1998-06-15,3.509942620480779,3.5785410121538543,3.504226087841356,3.527092218399048,5990700,0.0,0.0
1998-06-16,3.5270915450769134,3.5270915450769134,3.429910874850911,3.469926595687866,4565400,0.0,0.0
1998-06-17,3.4756439026623283,3.5328088648050455,3.4756439026623283,3.48136043548584,2923600,0.0,0.0
1998-06-18,3.4642117301868756,3.6357073930162502,3.4642117301868756,3.589975118637085,4961600,0.0,0.0
1998-06-19,3.795768948547852,3.795768948547852,3.692871715520621,3.721454381942749,12814200,0.0,0.0
1998-06-22,3.732889377070141,3.8472197357338165,3.732889377070141,3.801487445831299,6778900,0.0,0.0
1998-06-23,3.812919594194043,4.035864087342569,3.812919594194043,4.030147552490234,9522900,0.0,0.0
1998-06-24,4.321688406918908,4.321688406918908,4.161625859770342,4.2530903816223145,30437400,0.0,0.0
1998-06-25,4.264522552490234,4.264522552490234,4.127326152799976,4.264522552490234,12376900,0.0,0.0
1998-06-26,4.218791961669922,4.247374630004381,4.21307542800303,4.218791961669922,5165600,0.0,0.0
1998-06-29,4.224509568823638,4.396005256316575,4.184493822987026,4.367422580718994,11327700,0.0,0.0
1998-06-30,4.3674211432868715,4.481751441955566,4.293106211192144,4.481751441955566,67314800,0.0,0.0
1998-07-01,4.481752143894562,4.561783621762001,4.401721032119607,4.52748441696167,16993600,0.0,0.0
1998-07-02,4.521768204215869,4.578933183520308,4.493185531517395,4.567500114440918,9564100,0.0,0.0
1998-07-06,4.584648072453356,4.664679527282715,4.52748311366762,4.664679527282715,4299400,0.0,0.0
1998-07-07,4.658962649624734,4.658962649624734,4.533199310302734,4.533199310302734,10662000,0.0,0.0
1998-07-08,4.550350189208984,4.556066722884726,4.516050987154536,4.550350189208984,11023000,0.0,0.0
1998-07-09,4.561783764158359,4.567499932377694,4.45316961223358,4.45888614654541,6381900,0.0,0.0
1998-07-10,4.573215747206509,4.641814148156204,4.493184645524304,4.556066513061523,12213200,0.0,0.0
1998-07-13,4.4703196535202485,4.573216915130615,4.447453514030716,4.573216915130615,3852800,0.0,0.0
1998-07-14,4.573217552578051,4.687548265961939,4.538918704655467,4.658965587615967,6673200,0.0,0.0
1998-07-15,4.664680222564209,4.698979422603452,4.533200321839539,4.544633388519287,5062400,0.0,0.0
1998-07-16,4.527483707860014,4.527483707860014,4.4588853090033425,4.481751441955566,5710400,0.0,0.0
1998-07-17,4.493185451843506,4.493185451843506,4.407437801361084,4.407437801361084,7100400,0.0,0.0
1998-07-20,4.407436824203706,4.436019123965963,4.350271492494347,4.355988025665283,2242000,0.0,0.0
1998-07-21,4.3731376251780905,4.3731376251780905,4.287389627614053,4.355988025665283,5911800,0.0,0.0
1998-07-22,4.3788540996891845,4.38457063278354,4.298822636368197,4.344554901123047,7329600,0.0,0.0
1998-07-23,4.333123949671687,4.3559900932087015,4.287391662597656,4.287391662597656,5540000,0.0,0.0
1998-07-24,4.2873906534585675,4.321689860690958,4.2416587432412225,4.2759575843811035,7258200,0.0,0.0
1998-07-27,4.2416584929849614,4.3445557425187245,4.235941958783503,4.321689605712891,3710900,0.0,0.0
1998-07-28,4.3102555535413165,4.3102555535413165,4.173059130112385,4.247374057769775,2502200,0.0,0.0
1998-07-29,4.241657827503127,4.264523594629019,4.195925561066483,4.213075160980225,6447400,0.0,0.0
1998-07-30,4.201643100502895,4.230225773870248,4.195926565829424,4.224509239196777,4690500,0.0,0.0
1998-07-31,4.224508076275176,4.270239974981355,4.207358476975701,4.230224609375,4483200,0.0,0.0
1998-08-03,4.207357762887271,4.224507359276052,4.178775102239303,4.1844916343688965,3662300,0.0,0.0
1998-08-04,4.173059735266657,4.184492802718062,3.9100999160692456,3.944399118423462,4855000,0.0,0.0
1998-08-05,3.990132517460499,4.087313627216595,3.9215344531370255,3.9786994457244873,2806900,0.0,0.0
1998-08-06,3.96726493698941,4.024430274963379,3.955831869394616,4.024430274963379,3254300,0.0,0.0
1998-08-07,4.024430293600264,4.064446030367352,3.910099983215332,3.910099983215332,3759600,0.0,0.0
1998-08-10,3.910101044941699,4.00728178024292,3.8815183680611742,4.00728178024292,2461100,0.0,0.0
1998-08-11,3.9672644092878393,4.047295871806093,3.898666378936035,4.012996673583984,4983500,0.0,0.0
1998-08-12,4.0072805412501,4.138760448156276,3.9672648059896476,4.093028545379639,8156400,0.0,0.0
1998-08-13,4.0815970913485895,4.1158959404640285,3.9786994457244873,3.9786994457244873,3317300,0.0,0.0
1998-08-14,3.984414051478678,4.001563650775155,3.8072018915074977,3.8129184246063232,3203900,0.0,0.0
1998-08-17,3.8014852023545282,4.018713085100102,3.8014852023545282,3.921532392501831,2062400,0.0,0.0
1998-08-18,3.9215324218659866,3.9844139177501665,3.8929497573311753,3.927248954772949,4760200,0.0,0.0
1998-08-19,3.9443995828279244,3.9443995828279244,3.8472184980491018,3.8929507732391357,2902600,0.0,0.0
1998-08-20,3.8872340569689063,4.001564373502335,3.8758009887063154,3.904383659362793,4563800,0.0,0.0
1998-08-21,3.887233743745872,3.898666811087217,3.7271711670594994,3.841501474380493,3269400,0.0,0.0
1998-08-24,3.8643689687360427,3.927250861238346,3.8586524330540155,3.8758020401000977,6178800,0.0,0.0
1998-08-25,3.8872332652653347,3.8986663311993803,3.7957687377929688,3.7957687377929688,2681800,0.0,0.0
1998-08-26,3.7729030926339115,3.7729030926339115,3.6185570636823865,3.635706663131714,3192200,0.0,0.0
1998-08-27,3.589975118637085,3.6299908587188545,3.5213767070683377,3.589975118637085,4557100,0.0,0.0
1998-08-28,3.595692642150637,3.6242753215010373,3.407047324530592,3.418480396270752,5545900,0.0,0.0
1998-08-31,3.4413452412180963,3.504226745969117,3.2584165284931634,3.281282663345337,8158100,0.0,0.0
1998-09-01,3.327014138852318,3.5213755065145387,3.327014138852318,3.492792844772339,12303000,0.0,0.0
1998-09-02,3.442533923536969,3.5228595362655395,3.2933574706642172,3.3507328033447266,9073000,0.01668,0.0
1998-09-03,3.2130317607210697,3.3335207411068524,3.190081478742825,3.264669895172119,5365400,0.0,0.0
1998-09-04,3.396634808640087,3.396634808640087,3.1327072106708322,3.1613950729370117,5976500,0.0,0.0
1998-09-08,3.213031814821773,3.350733141570167,3.213031814821773,3.253194808959961,13794600,0.0,0.0
1998-09-09,3.2474573521484933,3.2474573521484933,3.098280878991131,3.104018449783325,11901800,0.0,0.0
1998-09-10,2.7999270559168306,2.949103482361597,2.742551549681102,2.8802528381347656,20315900,0.0,0.0
1998-09-11,2.857303585494974,3.0982810184547738,2.8228783429120625,3.0753307342529297,10790400,0.0,0.0
1998-09-14,3.0982808325161284,3.2015567377867704,3.0982808325161284,3.1900815963745117,8576900,0.0,0.0
1998-09-15,3.144181398165163,3.213031879199029,3.144181398165163,3.1900815963745117,6981200,0.0,0.0
1998-09-16,3.07533080422198,3.1212313736699846,3.0294304184938334,3.1097562313079834,13980200,0.0,0.0
1998-09-17,3.052380319333003,3.052380319333003,2.8917287139091696,2.9146788120269775,9169600,0.0,0.0
1998-09-18,2.8228786684624603,2.8630414867276373,2.748290419924381,2.8458287715911865,20842300,0.0,0.0
1998-09-21,2.731077321429667,2.794190417684331,2.685176754175475,2.7540276050567627,13442900,0.0,0.0
1998-09-22,2.7540279090895807,2.7540279090895807,2.524525598642105,2.5704259872436523,14796900,0.0,0.0
1998-09-23,2.627801308907572,2.7827153606716424,2.6220637378259504,2.7368149757385254,19963400,0.0,0.0
1998-09-24,2.736814678944747,2.93189152340521,2.719601967566514,2.9146788120269775,15624500,0.0,0.0
1998-09-25,2.914678630459061,3.1441810670991273,2.8917285337709133,3.1327059268951416,12521300,0.0,0.0
1998-09-28,3.075330225875213,3.201556400679408,3.06959265577322,3.1327059268951416,9470100,0.0,0.0
1998-09-29,3.1327060083303304,3.144181148832614,3.0982805868234786,3.1154932975769043,6954400,0.0,0.0
1998-09-30,3.1040172105320303,3.109754779033551,2.9491032284305048,2.9777910709381104,5762400,0.0,0.0
1998-10-01,2.845828146064879,2.9376290895611334,2.662226442792205,2.788452625274658,6972000,0.0,0.0
1998-10-02,2.788453044714702,2.897466715961846,2.7081272300378223,2.8859915733337402,6511200,0.0,0.0
1998-10-05,2.885991287188949,2.9835298061370854,2.8745161456985984,2.983529806137085,8295700,0.0,0.0
1998-10-06,3.1212310791015625,3.190081559336039,3.046642844507731,3.1212310791015625,8588700,0.0,0.0
1998-10-07,3.0868057121105523,3.1556565610526564,2.9318916694305073,2.983529806137085,11914400,0.0,0.0
1998-10-08,2.891729032483543,2.9204167042212097,2.765502652190303,2.9089417457580566,8709600,0.0,0.0
1998-10-09,2.8974669242465683,3.1212316704204004,2.8917293525200694,3.0982813835144043,9570800,0.0,0.0
1998-10-12,3.144181945014502,3.2933584418795823,3.0638561248779297,3.0638561248779297,6950200,0.0,0.0
1998-10-13,3.098280878991131,3.1327063037442975,3.052380496373422,3.104018449783325,7238100,0.0,0.0
1998-10-14,3.121231206450017,3.207294402114473,3.098280922955576,3.144181489944458,6951000,0.0,0.0
1998-10-15,3.1900807631479657,3.4540085792541504,3.178605992172523,3.4540085792541504,12648000,0.0,0.0
1998-10-16,3.4310596066540273,3.740887726754027,3.379421464157451,3.723675012588501,9226600,0.0,0.0
1998-10-19,3.6720371533588243,3.7064625843455086,3.6548244378654817,3.66629958152771,6058700,0.0,0.0
1998-10-20,3.672035724058927,3.6949860024502375,3.5572846995419893,3.585972547531128,4219600,0.0,0.0
1998-10-21,3.585973017885007,3.585973017885007,3.454009267265571,3.459746837615967,3512000,0.0,0.0
1998-10-22,3.459746877333437,3.5285973548889156,3.4367965956683877,3.528597354888916,2251200,0.0,0.0
1998-10-23,3.5285976488839452,3.5285976488839452,3.4253217402261704,3.517122507095337,2663400,0.0,0.0
1998-10-26,3.499908897784444,3.522859175482118,3.4884341263752114,3.5056464672088623,2678500,0.0,0.0
1998-10-27,3.4884341819481746,3.4884341819481746,3.4310584867899574,3.4654839038848877,5023800,0.0,0.0
1998-10-28,3.4425349112657364,3.7867884758802597,3.436797339607503,3.614661693572998,4902900,0.0,0.0
1998-10-29,3.6261352697151508,3.677773024882257,3.603184993001064,3.6720354557037354,2616400,0.0,0.0
1998-10-30,3.7064618056123404,3.7179369468636243,3.6376113255443183,3.677773952484131,2907600,0.0,0.0
1998-11-02,3.7179372180400083,3.7753129284812585,3.700724504907633,3.769575357437134,2739800,0.0,0.0
1998-11-03,3.7810493054823064,3.970388355266359,3.7810493054823064,3.8498997688293457,3045300,0.0,0.0
1998-11-04,3.8785881685833914,3.94743900919714,3.8671130284811,3.9359638690948486,1430300,0.0,0.0
1998-11-05,3.935964093149604,4.016289710998535,3.9015386708830624,4.016289710998535,1682100,0.0,0.0
1998-11-06,4.016290382365099,4.073666095733643,4.004815239691391,4.073666095733643,1097000,0.0,0.0
1998-11-09,4.09661638108106,4.09661638108106,3.947439893762575,4.073666095733643,1820600,0.0,0.0
1998-11-10,4.085140548475365,4.131040743978471,4.039239985532594,4.067927837371826,3375200,0.0,0.0
1998-11-11,4.079404189176688,4.079404189176688,3.953177971050445,3.9703903198242188,3791500,0.0,0.0
1998-11-12,3.964652747753036,3.9761278918954015,3.872851962053889,3.9703903198242188,3329000,0.0,0.0
1998-11-13,4.039240086212225,4.142515987967988,4.004814663147079,4.096615791320801,2844700,0.0,0.0
1998-11-16,4.062189682578396,4.1769407059864765,4.016289126239319,4.171203136444092,4509200,0.0,0.0
1998-11-17,4.159729636294457,4.440869919761463,4.119566633673526,4.297430992126465,5042200,0.0,0.0
1998-11-18,4.245792156444896,4.406443759498263,4.245792156444896,4.372018337249756,2504700,0.0,0.0
1998-11-19,4.372018658740064,4.372018658740064,4.285955096790232,4.354805946350098,1874300,0.0,0.0
1998-11-20,4.37775483816369,4.400705114056072,4.205628136410403,4.263003826141357,3760500,0.0,0.0
1998-11-23,4.303167492752742,4.394968618748761,4.300298891285199,4.372018337249756,6499400,0.0,0.0
1998-11-24,4.337595078985343,4.349070225459685,4.199893688733093,4.274481773376465,3250100,0.0,0.0
1998-11-25,4.303166868479326,4.326117146648864,4.148252858274553,4.171203136444092,2059800,0.0,0.0
1998-11-27,4.199893587013092,4.2343190256023435,4.108092784881592,4.108092784881592,1453000,0.0,0.0
1998-11-30,4.1080912110615815,4.142516269022668,4.03924036026001,4.03924036026001,1700600,0.0,0.0
1998-12-01,4.062188852241158,4.188414988932583,4.016288305284445,4.148252010345459,3639600,0.0,0.0
1998-12-02,4.121773750472971,4.202366910720273,4.098747027927026,4.173583507537842,1825600,0.01787,0.0
1998-12-03,4.162070068213611,4.236906915084517,4.075720228949141,4.104503631591797,3347500,0.0,0.0
1998-12-04,4.104502333189782,4.294471993210065,4.104502333189782,4.236905574798584,1573800,0.0,0.0
1998-12-07,4.23690587347219,4.4211192364341825,4.23690587347219,4.375065803527832,4696400,0.0,0.0
1998-12-08,4.352039710176235,4.352039710176235,4.2196364402771,4.2196364402771,3176200,0.0,0.0
1998-12-09,4.231148559445369,4.231148559445369,4.0757186153732,4.179338455200195,4219600,0.0,0.0
1998-12-10,4.185096837654019,4.185096837654019,4.0987469974130795,4.121773719787598,2592000,0.0,0.0
1998-12-11,4.098746601607546,4.1102599616829885,4.064206521381217,4.092989921569824,3683200,0.0,0.0
1998-12-14,4.075719356536865,4.081476035833172,4.035422601462712,4.075719356536865,2775000,0.0,0.0
1998-12-15,4.052692558415224,4.139042377471924,4.006639124964497,4.139042377471924,5099300,0.0,0.0
1998-12-16,4.139042902769073,4.156312942504883,4.0757197924012285,4.156312942504883,2432500,0.0,0.0
1998-12-17,4.156313691430661,4.403850603584132,4.121773974398792,4.259933948516846,4301000,0.0,0.0
1998-12-18,4.213879108428955,4.28295925699192,4.213879108428955,4.213879108428955,3804100,0.0,0.0
1998-12-21,4.282959578329936,4.41536283767938,4.254176180935833,4.305985927581787,2942900,0.0,0.0
1998-12-22,4.3175011849657245,4.3175011849657245,4.190854549407959,4.190854549407959,3833500,0.0,0.0
1998-12-23,4.190853040589579,4.254176519902124,4.190853040589579,4.2196364402771,2845500,0.0,0.0
1998-12-24,4.208123302039671,4.2714467846874005,4.190853261317563,4.242663383483887,1944000,0.0,0.0
1998-12-28,4.22539464146833,4.236908005488453,4.179341185387836,4.190854549407959,3194700,0.0,0.0
1998-12-29,4.196609912426001,4.386579990386963,4.196609912426001,4.386579990386963,1855000,0.0,0.0
1998-12-30,4.3635536621371385,4.444146823534336,4.329013577825407,4.415363788604736,1594000,0.0,0.0
1998-12-31,4.409605854938416,4.426875892187164,4.3405257059434215,4.421119213104248,1912100,0.0,0.0
1999-01-04,4.444146118141425,4.553523034434493,4.3865796887558925,4.392336368560791,4929700,0.0,0.0
1999-01-05,4.392338448389649,4.444148222502877,4.380825083328125,4.39809513092041,2641500,0.0,0.0
1999-01-06,4.386580209334356,4.50747013092041,4.357796806893988,4.50747013092041,3663900,0.0,0.0
1999-01-07,4.39809229082788,4.40960564845459,4.30598542981421,4.352038860321045,2768300,0.0,0.0
1999-01-08,4.352039007642054,4.3980924397078445,4.236905796140976,4.2944722175598145,2960500,0.0,0.0
1999-01-11,4.236906461271996,4.2599331809197425,4.058449752665418,4.156312942504883,7353900,0.0,0.0
1999-01-12,4.1793400133181295,4.248420178065771,4.10450353683834,4.1678266525268555,1938100,0.0,0.0
1999-01-13,4.133286662625314,4.2656903146871725,4.081476906568954,4.202366828918457,4480700,0.0,0.0
1999-01-14,4.144798528701888,4.179338599390328,4.018151971507642,4.0872321128845215,5599600,0.0,0.0
1999-01-15,4.0929885975612725,4.1620683670043945,4.052691850332499,4.1620683670043945,3684900,0.0,0.0
1999-01-19,4.179341185387836,4.352041277026095,4.179341185387836,4.190854549407959,5415800,0.0,0.0
1999-01-20,4.179339993611122,4.352040036002398,4.17358331324263,4.277203559875488,4277500,0.0,0.0
1999-01-21,4.277201930515177,4.277201930515177,4.1275286666145075,4.1620683670043945,4069400,0.0,0.0
1999-01-22,4.15631174220234,4.208121846447514,4.098745328371055,4.179338455200195,2176500,0.0,0.0
1999-01-25,4.144799673245851,4.162069713359015,4.092989921569824,4.092989921569824,2383000,0.0,0.0
1999-01-26,4.0929905551342465,4.139043633901225,4.046937107703744,4.133286952972412,2560100,0.0,0.0
1999-01-27,4.087233152225101,4.167826302328756,4.087233152225101,4.156312942504883,3867900,0.0,0.0
1999-01-28,4.144801698787931,4.248421990105591,4.029668410431955,4.064208507537842,5793500,0.0,0.0
1999-01-29,4.075719608777559,4.121773045998204,4.029666171556914,4.052692890167236,4432800,0.0,0.0
1999-02-01,4.052692689799636,4.064206048535569,3.96058618857559,3.983612537384033,2207600,0.0,0.0
1999-02-02,3.9375601480516473,3.9375601480516473,3.8224265408984652,3.8454532623291016,5008600,0.0,0.0
1999-02-03,3.8224272953237284,3.868480747274484,3.8109143009996,3.8627240657806396,4940700,0.0,0.0
1999-02-04,3.851210038745486,3.891506802254201,3.776373560892798,3.782130241394043,6561500,0.0,0.0
1999-02-05,3.787887316436469,3.822427034378052,3.718807143226232,3.8224270343780518,7604100,0.0,0.0
1999-02-08,3.9605869833494487,3.9605869833494487,3.8339400118398386,3.856966733932495,4970900,0.0,0.0
1999-02-09,3.8684783525920947,3.9318018098256204,3.8512083188011332,3.8857483863830566,4436200,0.0,0.0
1999-02-10,3.868478909606671,3.874235588365884,3.8224254795329653,3.8339388370513916,3604300,0.0,0.0
1999-02-11,3.822426636239261,3.839696677742996,3.730320116882838,3.782130241394043,5021200,0.0,0.0
1999-02-12,3.7993993877068877,3.856965810492398,3.7706159919824276,3.7763726711273193,1912900,0.0,0.0
1999-02-16,3.799399668301865,3.85120941576876,3.569132854163826,3.7072927951812744,3124200,0.0,0.0
1999-02-17,3.7015373286061535,3.7994009133667075,3.6957806471496504,3.7475907802581787,3817500,0.0,0.0
1999-02-18,3.7245628338913854,3.7763729500217176,3.690022756471164,3.7072927951812744,3132600,0.0,0.0
1999-02-19,3.7072922040449647,3.741832275957692,3.690022168088601,3.6957788467407227,4379100,0.0,0.0
1999-02-22,3.684266660728213,3.7245634241040952,3.672753299763675,3.718806743621826,6480100,0.0,0.0
1999-02-23,3.724563436381593,3.793643602396533,3.718806755880348,3.782130241394043,3886400,0.0,0.0
1999-02-24,3.790217758940888,3.9115508636596013,3.790217758940888,3.830662250518799,5925300,0.01787,0.0
1999-02-25,3.7959951613580754,3.905772686004639,3.7959951613580754,3.9057726860046387,6580000,0.0,0.0
1999-02-26,3.9057736674867196,3.9751070920641793,3.9057736674867196,3.9635515213012695,6115800,0.0,0.0
1999-03-01,3.986663003161131,3.986663003161131,3.9115517867901106,3.975107431411743,3201400,0.0,0.0
1999-03-02,3.975106166882005,4.009772501087279,3.9346616786250324,3.940439462661743,2721300,0.0,0.0
1999-03-03,3.9404405543375676,3.975107268162038,3.876884912326038,3.928884983062744,1948200,0.0,0.0
1999-03-04,3.9231082947119646,4.044441457019198,3.9231082947119646,4.015552520751953,4882700,0.0,0.0
1999-03-05,4.102219240579301,4.159996741845441,4.03288579504171,4.061774730682373,6824300,0.0,0.0
1999-03-08,4.038663582169843,4.067552517810506,4.0271080079135775,4.061774730682373,2342700,0.0,0.0
1999-03-09,4.050217609957035,4.113773244099446,4.044439825034997,4.102217674255371,5942900,0.0,0.0
1999-03-10,4.125329090947245,4.223551071202153,4.090662379087253,4.200439929962158,2885000,0.0,0.0
1999-03-11,4.188885162516461,4.2004407353521165,4.142663241188978,4.183107376098633,2397300,0.0,0.0
1999-03-12,4.20621928613138,4.211997073599157,4.073330544387706,4.15999698638916,2718800,0.0,0.0
1999-03-15,4.131107001642726,4.269773483276367,4.131107001642726,4.269773483276367,5527400,0.0,0.0
1999-03-16,4.252441198422775,4.26977455924682,4.1599966073612,4.1715521812438965,2767500,0.0,0.0
1999-03-17,4.18888528732142,4.18888528732142,4.027107632817324,4.073329925537109,3240000,0.0,0.0
1999-03-18,4.090662379087253,4.200439929962158,4.079106808467255,4.200439929962158,2033000,0.0,0.0
1999-03-19,4.200439879356601,4.240884376039329,4.1426623969677685,4.194662094116211,3231600,0.0,0.0
1999-03-22,4.1831067007342355,4.19466227170424,4.009773506199258,4.038662433624268,2138700,0.0,0.0
1999-03-23,3.9751067172824612,4.015550841124412,3.8826621598950557,3.8942177295684814,2731400,0.0,0.0
1999-03-24,3.8942179123263587,4.009773244468654,3.882662342110623,3.9693291187286377,5623900,0.0,0.0
1999-03-25,4.021329438320247,4.021329438320247,3.951996376288582,3.9577741622924805,3382700,0.0,0.0
1999-03-26,3.9519965849169623,4.067551941080054,3.94044101229914,4.05021858215332,4582200,0.0,0.0
1999-03-29,4.102218658933522,4.1426631630959,3.905774294445672,4.05021858215332,4491600,0.0,0.0
1999-03-30,4.032884920143577,4.032884920143577,3.975107431411743,3.975107431411743,1702300,0.0,0.0
1999-03-31,3.9866634484450283,4.003996437989985,3.8595521450042725,3.8595521450042725,4166700,0.0,0.0
1999-04-01,3.8826631509004415,3.888440937211868,3.8133300851784537,3.871107578277588,3386100,0.0,0.0
1999-04-05,3.8653288053849173,3.9635511476090355,3.8653288053849173,3.8942177295684814,2901800,0.0,0.0
1999-04-06,3.911551542624018,3.917329328138052,3.819107344414555,3.824885129928589,3243400,0.0,0.0
1999-04-07,3.7671087290082252,3.824886606452606,3.7671087290082252,3.8017754554748535,2729700,0.0,0.0
1999-04-08,3.8017751324047313,4.079108180539891,3.7959973451512825,4.015552520751953,5171500,0.0,0.0
1999-04-09,3.992440789844136,3.992440789844136,3.905774363689136,3.9346632957458496,2189900,0.0,0.0
1999-04-12,3.9173287833983252,3.975106630504138,3.8364397974501876,3.911550998687744,3256000,0.0,0.0
1999-04-13,3.8826624123118796,3.9288846940105517,3.8191071449912686,3.9231069087982178,4327900,0.0,0.0
1999-04-14,3.9462188003261356,3.957774372948989,3.8595520056547343,3.871107578277588,3309700,0.0,0.0
1999-04-15,3.8942179972703985,3.951995849609375,3.8479957153992177,3.951995849609375,3472500,0.0,0.0
1999-04-16,3.9519966874756975,3.9519966874756975,3.8653298905929283,3.8826632499694824,1865100,0.0,0.0
1999-04-19,3.882661735959705,3.9693284990475326,3.8711061675479947,3.8999950885772705,3190500,0.0,0.0
1999-04-20,3.923107722923164,3.95777444139122,3.8595520723983947,3.9346632957458496,2503000,0.0,0.0
1999-04-21,3.9346625943939944,4.00399564895638,3.9346625943939944,3.9635515213012695,2470300,0.0,0.0
1999-04-22,3.9519954916618127,3.9577732763723943,3.871106505713675,3.911550998687744,4470600,0.0,0.0
1999-04-23,3.8999965772777934,3.946218868568535,3.8653298588097376,3.9346632957458496,3497700,0.0,0.0
1999-04-26,3.917328337147338,3.9346616893045154,3.871106064728199,3.888439416885376,3110800,0.0,0.0
1999-04-27,3.923107926124104,3.986663579940796,3.8826634191498455,3.986663579940796,3380200,0.0,0.0
1999-04-28,3.9866634062288053,3.998218609131365,3.8826632499694824,3.8826632499694824,4212100,0.0,0.0
1999-04-29,3.894218790866451,4.055996440368905,3.888441004455108,3.9346632957458496,3291200,0.0,0.0
1999-04-30,3.9173293246376506,4.01555130827338,3.905773753619908,3.946218252182007,2920200,0.0,0.0
1999-05-03,3.934663080998584,4.0328850746154785,3.928885294902583,4.0328850746154785,2091700,0.0,0.0
1999-05-04,4.055995432458329,4.11377328221402,3.992439797727067,3.9982175827026367,5007800,0.0,0.0
1999-05-05,4.021329103450667,4.107995886292107,4.021329103450667,4.096440315246582,3287900,0.0,0.0
1999-05-06,4.067551791191484,4.102218507767489,4.027107288519478,4.0328850746154785,3141000,0.0,0.0
1999-05-07,4.04444184759347,4.136886452576086,4.0386640597820564,4.119553089141846,1747600,0.0,0.0
1999-05-10,4.096441453451169,4.096441453451169,4.021330220785445,4.061774730682373,2428300,0.0,0.0
1999-05-11,4.079108621958281,4.183108433759448,4.061775258322215,4.125330924987793,2179900,0.0,0.0
1999-05-12,4.055996218999482,4.067551791191484,3.9519964392865865,4.0328850746154785,2612200,0.0,0.0
1999-05-13,4.067551002409467,4.090662142311744,3.992439797727067,3.9982175827026367,1718200,0.0,0.0
1999-05-14,3.992440255059183,4.003995826334006,3.9173294117879203,3.928884983062744,2406500,0.0,0.0
1999-05-17,3.9288855416402924,3.9288855416402924,3.842218744757523,3.8826632499694824,2691100,0.0,0.0
1999-05-18,3.8711069551979893,4.0271067904822,3.8479958136721697,3.9635515213012695,6965300,0.0,0.0
1999-05-19,3.975107386391249,4.02710708865946,3.963551814772735,4.0097737312316895,3529600,0.0,0.0
1999-05-20,3.9982171573505285,4.044439432237705,3.9982171573505285,4.003994941711426,3981200,0.0,0.0
1999-05-21,4.003996570057462,4.032885503610504,3.986663579940796,3.986663579940796,4261600,0.0,0.0
1999-05-24,3.99821865146995,3.99821865146995,3.8479965719642037,3.8595521450042725,2116100,0.0,0.0
1999-05-25,3.8711085383928854,3.9519975668150185,3.8017754554748535,3.8017754554748535,3731100,0.0,0.0
1999-05-26,3.807552337646485,3.8306634831275757,3.7439966875734836,3.8075523376464844,8414100,0.0,0.0
1999-05-27,3.8133297104795467,3.8133297104795467,3.732440710067749,3.732440710067749,3111600,0.0,0.0
1999-05-28,3.7671089075100475,3.876886509840881,3.7671089075100475,3.836441993713379,1980100,0.0,0.0
1999-06-01,3.813329664880753,3.8942182943102086,3.772885165158479,3.876884937286377,2790100,0.0,0.0
1999-06-02,3.86180843372857,3.9081966345371013,3.8560099086275037,3.902398109436035,3663900,0.01787,0.0
1999-06-03,3.8966004022617637,3.925593033852875,3.8734062969888745,3.9139959812164307,5127000,0.0,0.0
1999-06-04,3.925592984527617,4.058958716827639,3.925592984527617,4.053160190582275,3256000,0.0,0.0
1999-06-07,4.053160538062773,4.145936965942383,4.053160538062773,4.145936965942383,2561800,0.0,0.0
1999-06-08,4.128541488036114,4.186526385554588,4.122742961149929,4.157534122467041,2534100,0.0,0.0
1999-06-09,4.140138106236737,4.145936632512877,4.058958738370784,4.082152843475342,2344400,0.0,0.0
1999-06-10,4.0705567998419605,4.0705567998419605,3.971982200058455,4.006772994995117,1797900,0.0,0.0
1999-06-11,4.0241671660195175,4.076353897126879,4.000973434648438,4.035764217376709,1432800,0.0,0.0
1999-06-14,4.047361560153721,4.070555664538135,3.989376670536015,4.041563034057617,1393400,0.0,0.0
1999-06-15,4.047360094632061,4.07055419061805,4.000972274003277,4.012568950653076,1405100,0.0,0.0
1999-06-16,4.000974267883416,4.1749293317822165,4.000974267883416,4.157534122467041,2253700,0.0,0.0
1999-06-17,4.151734230521593,4.430062686859411,4.151734230521593,4.343084812164307,4078600,0.0,0.0
1999-06-18,4.296698668791838,4.32569093371742,4.261907505269055,4.319892406463623,3841900,0.0,0.0
1999-06-21,4.372078773415325,4.424265514183584,4.2908997702302925,4.331489086151123,2647400,0.0,0.0
1999-06-22,4.33728670837803,4.406869014891243,4.314092977550254,4.3894734382629395,2985700,0.0,0.0
1999-06-23,4.360480573229285,4.360480573229285,4.302495692300738,4.337286472320557,2219300,0.0,0.0
1999-06-24,4.337286417347924,4.360480517962681,4.186525134695276,4.267704486846924,2337700,0.0,0.0
1999-06-25,4.232914302163924,4.354682986844027,4.232914302163924,4.296698093414307,3319800,0.0,0.0
1999-06-28,4.302494455729695,4.383673414235495,4.244509220123291,4.244509220123291,2456000,0.0,0.0
1999-06-29,4.209720030709015,4.22131708320758,4.157533665808811,4.198122978210449,5289800,0.0,0.0
1999-06-30,4.2213158905860455,4.267704087474544,4.134338392763345,4.250308513641357,6456600,0.0,0.0
1999-07-01,4.2561067013098555,4.290897846221924,4.19232293563773,4.290897846221924,5034700,0.0,0.0
1999-07-02,4.31409406535923,4.522840294848133,4.27350437632507,4.499646186828613,6319800,0.0,0.0
1999-07-06,4.546034420804957,4.569228528915994,4.499646204582883,4.52863883972168,4928900,0.0,0.0
1999-07-07,4.546034402867653,4.563429983882293,4.4706539231476015,4.499646186828613,1474800,0.0,0.0
1999-07-08,4.476450894476491,4.493846470888791,4.42426453658288,4.435861587524414,2205900,0.0,0.0
1999-07-09,4.447458190179584,4.493846017926717,4.418465565748094,4.476450443267822,2147100,0.0,0.0
1999-07-12,4.453257219233385,4.488048001146697,4.383674912720172,4.3894734382629395,1307700,0.0,0.0
1999-07-13,4.319890095638776,4.325688619790787,4.244509653005832,4.290897846221924,2268800,0.0,0.0
1999-07-14,4.302494491057619,4.302494491057619,4.198121066109077,4.273501873016357,4032400,0.0,0.0
1999-07-15,4.308295042765931,4.522839774580373,4.308295042765931,4.430063724517822,4470600,0.0,0.0
1999-07-16,4.4068688023668035,4.4706525802612305,4.366279125524896,4.4706525802612305,2097600,0.0,0.0
1999-07-19,4.459055476021344,4.505443306224318,4.366279072928851,4.412667274475098,2094300,0.0,0.0
1999-07-20,4.424263598347632,4.441659171070924,4.296696436386693,4.360479831695557,1899500,0.0,0.0
1999-07-21,4.3720789653422285,4.406870127381675,4.290899958593575,4.314094066619873,2325100,0.0,0.0
1999-07-22,4.31409425055323,4.348885042732609,4.2793030870304465,4.319892406463623,2440900,0.0,0.0
1999-07-23,4.319890095638776,4.354681240550844,4.27350227376589,4.290897846221924,1756800,0.0,0.0
1999-07-26,4.267705461027769,4.337287407412105,4.238712828641232,4.296698093414307,2082500,0.0,0.0
1999-07-27,4.2966982969823215,4.377877300167353,4.2908997702302925,4.331489086151123,1656100,0.0,0.0
1999-07-28,4.302496697789318,4.424265384674072,4.2966981712070265,4.424265384674072,2189900,0.0,0.0
1999-07-29,4.389474145707872,4.389474145707872,4.232914302163924,4.296698093414307,1409300,0.0,0.0
1999-07-30,4.279304006771863,4.279304006771863,4.174930493770742,4.22131872177124,1951600,0.0,0.0
1999-08-02,4.17492795909703,4.406868586940716,4.17492795909703,4.343084812164307,3408800,0.0,0.0
1999-08-03,4.3430858072772205,4.354682859893751,4.250309757688317,4.256108283996582,2979000,0.0,0.0
1999-08-04,4.250308420151229,4.279301042568817,4.145935350791141,4.151733875274658,3579200,0.0,0.0
1999-08-05,4.174930493770742,4.238714307271427,4.140139694113853,4.22131872177124,1804700,0.0,0.0
1999-08-06,4.19812353975389,4.19812353975389,4.134340113823413,4.180727958679199,3016800,0.0,0.0
1999-08-09,4.1749290588453825,4.221317270902227,4.1749290588453825,4.192324638366699,1315300,0.0,0.0
1999-08-10,4.180727839972894,4.209720474274171,4.116944415853464,4.128541469573975,1913800,0.0,0.0
1999-08-11,4.122742362256016,4.145936466431444,4.082152679949015,4.116943836212158,4130600,0.0,0.0
1999-08-12,4.128542120319674,4.1459377036423515,4.082153898125864,4.093750953674316,2328400,0.0,0.0
1999-08-13,4.116944367297656,4.232914531791616,4.116944367297656,4.215518951416016,2268800,0.0,0.0
1999-08-16,4.192325389173975,4.203922444265113,4.163332751446131,4.169131278991699,1635900,0.0,0.0
1999-08-17,4.198123143300078,4.296698093414307,4.186526090345463,4.296698093414307,2122800,0.0,0.0
1999-08-18,4.290899398198971,4.290899398198971,4.180727399462602,4.198122978210449,3601800,0.0,0.0
1999-08-19,4.203922474429134,4.227116584777832,4.169131308906086,4.227116584777832,1583900,0.0,0.0
1999-08-20,4.267704882976759,4.290898985744401,4.238712254517209,4.28510046005249,1115500,0.0,0.0
1999-08-23,4.285098595408011,4.401068687438965,4.256105979564487,4.401068687438965,1859200,0.0,0.0
1999-08-24,4.377877172015743,4.447459491003237,4.372078645433452,4.424265384674072,2017000,0.0,0.0
1999-08-25,4.430061303282489,4.453255395957308,4.3720760715954405,4.401068687438965,2533300,0.0,0.0
1999-08-26,4.389474546361952,4.406870127381675,4.314094066619873,4.314094066619873,1209500,0.0,0.0
1999-08-27,4.325689367040545,4.354681992808991,4.267704486846924,4.267704486846924,1526000,0.0,0.0
1999-08-30,4.273504774811942,4.314094467630924,4.169131278991699,4.169131278991699,1029100,0.0,0.0
1999-08-31,4.180726848454037,4.180726848454037,4.064756710096277,4.099547863006592,1840800,0.0,0.0
1999-09-01,4.136785584309863,4.276423870676278,4.107694197023479,4.241514205932617,2858100,0.01787,0.0
1999-09-02,4.235695427404924,4.235695427404924,4.142603371709241,4.171694755554199,1479000,0.0,0.0
1999-09-03,4.189148258378081,4.352059598167633,4.189148258378081,4.2996954917907715,2330100,0.0,0.0
1999-09-07,4.305514429651767,4.305514429651767,4.1716944464874155,4.189148902893066,3954400,0.0,0.0
1999-09-08,4.1658770295565395,4.189149767101216,4.084421144021361,4.183331489562988,4600700,0.0,0.0
1999-09-09,4.171696168832705,4.171696168832705,4.101876823951555,4.10769510269165,5010300,0.0,0.0
1999-09-10,4.148421634582107,4.212422306218446,4.096057143836591,4.1775126457214355,4616700,0.0,0.0
1999-09-13,4.1658782904568605,4.235697269439697,4.1658782904568605,4.235697269439697,1670400,0.0,0.0
1999-09-14,4.212422008244807,4.212422008244807,4.1367847884598055,4.189148902893066,3256000,0.0,0.0
1999-09-15,4.22405778430037,4.229876059568577,4.189148132691124,4.200784683227539,2135400,0.0,0.0
1999-09-16,4.189148902893066,4.226967885393721,4.177512350217196,4.189148902893066,1878500,0.0,0.0
1999-09-17,4.194967957688259,4.293878673787947,4.18914968027063,4.270605564117432,4390000,0.0,0.0
1999-09-20,4.2706034429081114,4.317149639129639,4.253148619325039,4.317149639129639,2017900,0.0,0.0
1999-09-21,4.305514153553191,4.410242748311965,4.282241049693879,4.293877601623535,2517300,0.0,0.0
1999-09-22,4.282242038957533,4.282242038957533,4.142603756151205,4.165876865386963,4036600,0.0,0.0
1999-09-23,4.183330132126064,4.194966683426607,4.0727832673790205,4.090238094329834,5498900,0.0,0.0
1999-09-24,4.061146716078477,4.096056369980105,3.9971460565336043,4.090238094329834,2565200,0.0,0.0
1999-09-27,4.096056186489938,4.165875491165513,4.072783084931413,4.078601360321045,1795400,0.0,0.0
1999-09-28,4.055329633063542,4.061147910424916,3.8865999621919336,3.9913289546966553,2780900,0.0,0.0
1999-09-29,4.002966826107719,4.078604084076574,4.002966826107719,4.037876129150391,1481500,0.0,0.0
1999-09-30,4.0495112958820485,4.090239236810022,4.002965450286865,4.002965450286865,2237800,0.0,0.0
1999-10-01,4.014601819581907,4.0320562779945215,3.9215093874709077,3.9447824954986572,2519800,0.0,0.0
1999-10-04,3.9331450243806203,4.090238094329834,3.9331450243806203,4.090238094329834,1268300,0.0,0.0
1999-10-05,4.084419708046881,4.183330018814247,4.078601432554207,4.113511085510254,2554200,0.0,0.0
1999-10-06,4.130966247216482,4.293877601623535,4.1251479712516534,4.293877601623535,2158900,0.0,0.0
1999-10-07,4.282242268582433,4.282242268582433,4.206604659510337,4.218241214752197,1362300,0.0,0.0
1999-10-08,4.241513117940083,4.293877601623535,4.229876566010427,4.293877601623535,1558700,0.0,0.0
1999-10-11,4.29969707115651,4.29969707115651,4.247332572937012,4.247332572937012,1149100,0.0,0.0
1999-10-12,4.2531504597066565,4.2531504597066565,4.055329412774017,4.061147689819336,1856700,0.0,0.0
1999-10-13,4.049511355702169,4.090239297231783,3.8865999621919336,3.9913289546966553,4546100,0.0,0.0
1999-10-14,4.0029654968498045,4.066966175015725,3.97969238747739,4.0436930656433105,2382200,0.0,0.0
1999-10-15,4.04369432415115,4.04369432415115,3.9447839511430045,3.9622387886047363,2780900,0.0,0.0
1999-10-18,3.950600954808042,4.002965450286865,3.88659990477837,4.002965450286865,2856400,0.0,0.0
1999-10-19,4.049511432647705,4.107694207366982,4.043693155175777,4.049511432647705,1934800,0.0,0.0
1999-10-20,4.037875170728444,4.136785894929067,4.037875170728444,4.130967617034912,2237000,0.0,0.0
1999-10-21,4.119329929351807,4.1251482056472355,4.072783718988375,4.119329929351807,2592000,0.0,0.0
1999-10-22,4.107694482070099,4.3287886681808505,4.107694482070099,4.322970390319824,4533500,0.0,0.0
1999-10-25,4.29969594394298,4.3055142199975975,4.189148698905238,4.206603527069092,5518200,0.0,0.0
1999-10-26,4.253150760847171,4.311333535419938,4.224059373560787,4.241514205932617,1964100,0.0,0.0
1999-10-27,4.25315008013647,4.363696961523628,4.25315008013647,4.357878684997559,4775300,0.0,0.0
1999-10-28,4.375333885251139,4.485881148611955,4.375333885251139,4.474244594573975,7244800,0.0,0.0
1999-10-29,4.485880877880881,4.6313374219688725,4.474244324545188,4.555699825286865,4701400,0.0,0.0
1999-11-01,4.561517238562682,4.561517238562682,4.427697273139476,4.433515548706055,3689100,0.0,0.0
1999-11-02,4.4218812188742245,4.50915502360619,4.4044263834061725,4.48588228225708,2890000,0.0,0.0
1999-11-03,4.474243775114765,4.497516506320118,4.404424463674311,4.421879291534424,2313300,0.0,0.0
1999-11-04,4.445154196482426,4.561519390091797,4.433517639860661,4.514973163604736,2907600,0.0,0.0
1999-11-05,4.549880687429525,4.561517238562682,4.421878997572898,4.433515548706055,4607400,0.0,0.0
1999-11-08,4.456790068873326,4.462608346290955,4.247332454446917,4.270605564117432,5653300,0.0,0.0
1999-11-09,4.270604114576906,4.311332042676319,4.212421360149174,4.2996954917907715,2546700,0.0,0.0
1999-11-10,4.282241615015208,4.497517108917236,4.276423338282278,4.497517108917236,5450200,0.0,0.0
1999-11-11,4.497517293160939,4.584791447730123,4.386970403314836,4.410243511199951,3504400,0.0,0.0
1999-11-12,4.4102440706627855,4.794249654263947,4.4102440706627855,4.770976543426514,10202000,0.0,0.0
1999-11-15,4.794248133399919,5.021160146865833,4.794248133399919,4.992068767547607,10373300,0.0,0.0
1999-11-16,4.8175204340989835,4.968795220438592,4.759338053265652,4.957159042358398,8156400,0.0,0.0
1999-11-17,4.933887628329714,4.939705905663659,4.823340358984779,4.881523132324219,4396700,0.0,0.0
1999-11-18,4.881522292802763,4.910613674469364,4.800066796744436,4.858249187469482,4474000,0.0,0.0
1999-11-19,4.858251006325316,4.957161741022444,4.829159613767338,4.852432727813721,2862300,0.0,0.0
1999-11-22,4.829158191339691,4.829158191339691,4.724429581587055,4.753520965576172,3541400,0.0,0.0
1999-11-23,4.7535223075236095,4.794250256606114,4.6953395231200314,4.747704029083252,2667600,0.0,0.0
1999-11-24,4.724431214294518,4.747704329528725,4.648793589783347,4.736067771911621,2728800,0.0,0.0
1999-11-26,4.736067771911621,4.747704329528725,4.677884983826106,4.736067771911621,903100,0.0,0.0
1999-11-29,4.712792923703667,4.712792923703667,4.637155699613897,4.6546101570129395,2266300,0.0,0.0
1999-11-30,4.596427711843278,4.6778832116967815,4.590609435238872,4.613882541656494,2791800,0.0,0.0
1999-12-01,4.628825978876465,4.675522571714815,4.593803253886472,4.617151737213135,4402600,0.01906,0.0
1999-12-02,4.628826286506284,4.64050052894548,4.535432346992715,4.570455074310303,2675100,0.0,0.0
1999-12-03,4.570452907134909,4.710543376163451,4.535430196424068,4.652172565460205,2625600,0.0,0.0
1999-12-06,4.652173474022065,4.6696844589825295,4.558779560553477,4.564616680145264,2031300,0.0,0.0
1999-12-07,4.517920744227218,4.552943469691262,4.442038546203436,4.4770612716674805,5407400,0.0,0.0
1999-12-08,4.477060599983838,4.51792006641352,4.366155319319911,4.395340919494629,2891700,0.0,0.0
1999-12-09,4.401178347046399,4.424526828817566,4.319459034662264,4.366155624389648,2448500,0.0,0.0
1999-12-10,4.38950252532959,4.424525235373295,4.319457479056994,4.38950252532959,3105700,0.0,0.0
1999-12-13,4.383666561215994,4.383666561215994,4.255250297724998,4.261087417602539,3312200,0.0,0.0
1999-12-14,4.266923774542387,4.348643064401419,3.940045867476565,3.992579936981201,6136000,0.0,0.0
1999-12-15,4.01592930517483,4.220227762151341,4.01592930517483,4.080137252807617,4275900,0.0,0.0
1999-12-16,4.097649824369871,4.132672555511417,4.004256248474121,4.004256248474121,2426700,0.0,0.0
1999-12-17,3.96923154620056,4.0684621946750035,3.9400459514095902,4.039276599884033,6437300,0.0,0.0
1999-12-20,4.074297921873321,4.150180442408752,4.039275220087737,4.091809272766113,3379400,0.0,0.0
1999-12-21,4.062626685053638,4.220228585541192,4.01593008870492,4.085975170135498,4562900,0.0,0.0
1999-12-22,4.109323655217358,4.156020625381079,4.085975170135498,4.085975170135498,2268800,0.0,0.0
1999-12-23,4.109321870920793,4.278597940448414,4.080136277241058,4.2027153968811035,2659200,0.0,0.0
1999-12-27,4.196878951627482,4.278598627044474,4.062625572971609,4.0742998123168945,3233300,0.0,0.0
1999-12-28,4.074299352450579,4.074299352450579,3.922534631906469,3.934208869934082,6377700,0.0,0.0
1999-12-29,3.9225357275805193,3.9692326927347406,3.893350124359131,3.893350124359131,3797400,0.0,0.0
1999-12-30,3.8991870267931876,3.9633953502869512,3.8933499064755726,3.9458839893341064,3731100,0.0,0.0
1999-12-31,3.9517211096517215,3.969232470604566,3.922535508063647,3.9458839893341064,1017300,0.0,0.0
2000-01-03,3.94588324518371,3.94588324518371,3.6540280319735494,3.718235969543457,6987100,0.0,0.0
2000-01-04,3.729910565064147,3.7474219243910105,3.5372863600984634,3.5839829444885254,9878000,0.0,0.0
2000-01-05,3.560633510800885,3.6423531657510164,3.5256111753513495,3.5431225299835205,3370100,0.0,0.0
2000-01-06,3.537285238892969,3.735746500728446,3.537285238892969,3.654027223587036,2872400,0.0,0.0
2000-01-07,3.712399363499304,3.8349784978386245,3.6948880051915602,3.82914137840271,4240600,0.0,0.0
2000-01-10,3.817467016871131,3.823304136119492,3.741584466642438,3.75325870513916,3812500,0.0,0.0
2000-01-11,3.7590962240795944,3.8700015015906386,3.700725399204484,3.7065625190734863,3350000,0.0,0.0
2000-01-12,3.718236109120333,3.8524898561463683,3.718236109120333,3.82914137840271,2720400,0.0,0.0
2000-01-13,3.922536148377478,4.085975170135498,3.8991876632956175,4.085975170135498,6146900,0.0,0.0
2000-01-14,4.097647800499262,4.097647800499262,4.015928508679363,4.056787967681885,5514800,0.0,0.0
2000-01-18,4.062625114422966,4.085973590478191,3.922534631906469,3.934208869934082,4046700,0.0,0.0
2000-01-19,3.9458833181590394,3.9458833181590394,3.805792828179918,3.840815544128418,3633700,0.0,0.0
2000-01-20,3.846652727133147,3.8641640853972916,3.811630010604859,3.8116300106048584,2146300,0.0,0.0
2000-01-21,3.9108606669534587,3.9108606669534587,3.7707701746551887,3.8116300106048584,3247600,0.0,0.0
2000-01-24,3.805792757662986,3.8291412345293656,3.642353793413199,3.6773765087127686,4248200,0.0,0.0
2000-01-25,3.6715386480504435,3.7415836906895255,3.6248417037478586,3.642353057861328,3114100,0.0,0.0
2000-01-26,3.6657025727022705,3.683213931796753,3.566471537833536,3.648191213607788,5428300,0.0,0.0
2000-01-27,3.6832136280575396,3.7590958040610434,3.630679555106357,3.718235969543457,2915200,0.0,0.0
2000-01-28,3.706561646356694,3.706561646356694,3.589819276463854,3.595656394958496,4706500,0.0,0.0
2000-01-31,3.595656030468631,3.735746486324314,3.560633323051013,3.6365158557891846,2344400,0.0,0.0
2000-02-01,3.677376859570236,3.8291415998666634,3.677376859570236,3.794118881225586,4116400,0.0,0.0
2000-02-02,3.747420808727348,3.7590950448029945,3.642353057861328,3.642353057861328,3475900,0.0,0.0
2000-02-03,3.6657025727022705,3.7123995302875574,3.5723086575316967,3.648191213607788,2601300,0.0,0.0
2000-02-04,3.648190461410274,3.659864698399558,3.525611346837617,3.595656394958496,3784000,0.0,0.0
2000-02-07,3.5489594075176925,3.5489594075176925,3.426379933405356,3.4438912868499756,4191900,0.0,0.0
2000-02-08,3.4672401101335906,3.4672401101335906,3.321312523760716,3.344660997390747,7012300,0.0,0.0
2000-02-09,3.3446613482214858,3.3446613482214858,3.2512674439050175,3.2687788009643555,6130900,0.0,0.0
2000-02-10,3.2629416130484277,3.2629416130484277,3.0644801312886827,3.1228511333465576,7670400,0.0,0.0
2000-02-11,3.1403625563440705,3.297964396063252,3.1286883183045116,3.2687788009643555,8244500,0.0,0.0
2000-02-14,3.2454296391496147,3.2921265814411256,3.087828019637936,3.1111764907836914,2771600,0.0,0.0
2000-02-15,3.1345264357749327,3.2571056004209686,3.128689314895837,3.2162461280822754,4004700,0.0,0.0
2000-02-16,3.227919186483621,3.2687786438432163,3.1637108803523644,3.214785575866699,2585300,0.0,0.0
2000-02-17,3.2337563923806285,3.2512673752553676,3.081991487978273,3.1228511333465576,2747300,0.0,0.0
2000-02-18,3.0995035563879916,3.1111777968617367,2.889367601675521,2.941901683807373,2612200,0.0,0.0
2000-02-22,3.0119464195194556,3.029457777205514,2.906878460310542,2.976923704147339,4354800,0.0,0.0
2000-02-23,2.982760824358979,2.982760824358979,2.8835301712534864,2.88936710357666,1838200,0.0,0.0
2000-02-24,2.90687752191706,2.90687752191706,2.737601492745448,2.8543436527252197,5053100,0.0,0.0
2000-02-25,2.8835294946636334,2.895203543478224,2.772624442212189,2.8718552589416504,6534700,0.0,0.0
2000-02-28,2.848507068228962,2.94190077630174,2.830995712920177,2.8952038288116455,6729400,0.0,0.0
2000-02-29,2.9302276751267136,2.9652502124109064,2.860182413650844,2.9243905544281006,5216800,0.0,0.0
2000-03-01,2.9687447202133175,3.039149710321583,2.927675033060859,3.0274155139923096,3942600,0.01906,0.0
2000-03-02,3.0215479530001055,3.027415050266046,2.927674584612406,2.939408779144287,2597100,0.0,0.0
2000-03-03,2.962876632328226,2.9687437285330156,2.8866045695332723,2.9276740550994873,2601300,0.0,0.0
2000-03-06,2.927674572056809,2.927674572056809,2.851402495794031,2.9100732803344727,3745400,0.0,0.0
2000-03-07,2.898339038724812,2.9100730443876373,2.7985985815858103,2.810332775115967,3419700,0.0,0.0
2000-03-08,2.8103315553057358,2.863135215404948,2.7751289899947613,2.780996084213257,3172900,0.0,0.0
2000-03-09,2.804465678350889,2.8514022646041846,2.7281936082722003,2.810332775115967,4181800,0.0,0.0
2000-03-10,2.833801391996754,2.833801391996754,2.734061108023877,2.769263505935669,3836000,0.0,0.0
2000-03-13,2.7985984760682348,2.7985984760682348,2.6988580226898193,2.6988580226898193,2707900,0.0,0.0
2000-03-14,2.722326534863405,2.7927315087810562,2.675389760340082,2.7633960247039795,3282000,0.0,0.0
2000-03-15,2.816199637077862,2.8279336417623546,2.7457944817670144,2.82206654548645,8564300,0.0,0.0
2000-03-16,2.886604472085911,3.1799585209529595,2.8396677040321068,3.0802180767059326,13247400,0.0,0.0
2000-03-17,3.0039459536029076,3.285565804561235,2.980477570067279,3.2034268379211426,9893100,0.0,0.0
2000-03-20,3.250364288010915,3.250364288010915,3.068484465257602,3.103687047958374,4176000,0.0,0.0
2000-03-21,3.0860851081103036,3.2034268379211426,3.062616724574675,3.2034268379211426,3205600,0.0,0.0
2000-03-22,3.191693188842262,3.2796992663300824,3.1858260919607626,3.244497060775757,3068000,0.0,0.0
2000-03-23,3.2444971718450604,3.3794400290043924,3.1799591039392268,3.291433572769165,4369000,0.0,0.0
2000-03-24,3.3677052718470115,3.432242953229141,3.2973001186287387,3.3266355991363525,4575500,0.0,0.0
2000-03-27,3.3266356177998775,3.355971098472073,3.273831752589926,3.2796988487243652,3803300,0.0,0.0
2000-03-28,3.262097253270436,3.3501036870032626,3.2386292466762696,3.314901113510132,2184100,0.0,0.0
2000-03-29,3.297300322254538,3.3207687081099264,3.226895540423017,3.2679648399353027,2253700,0.0,0.0
2000-03-30,3.2562305681294887,3.367705009644636,3.2444963768400426,3.297299861907959,2916000,0.0,0.0
2000-03-31,3.303166890886793,3.303166890886793,3.127154588699341,3.127154588699341,8418300,0.0,0.0
2000-04-03,3.1506231767890713,3.4087750364831075,3.127154979617417,3.397040843963623,7462200,0.0,0.0
2000-04-04,3.496781238399724,3.5085154313680524,3.3325029125777688,3.373572587966919,5236100,0.0,0.0
2000-04-05,3.3735722770916237,3.443977052679137,3.3383697014305613,3.4087748527526855,4997700,0.0,0.0
2000-04-06,3.3970416003153447,3.4087757954474496,3.355971917352978,3.3794403076171875,4934800,0.0,0.0
2000-04-07,3.391173865676091,3.4087751550676324,3.226895540423017,3.2679648399353027,2398100,0.0,0.0
2000-04-10,3.285566673050777,3.3970415243116925,3.262098283311637,3.309035062789917,4498300,0.0,0.0
2000-04-11,3.2855662912989763,3.332503065323646,3.2620979042866414,3.3031675815582275,2667600,0.0,0.0
2000-04-12,3.3031686897296484,3.467447078194657,3.3031686897296484,3.367706775665283,8223600,0.0,0.0
2000-04-13,3.3559715808712585,3.3559715808712585,3.2151616291388248,3.2562313079833984,6180500,0.0,0.0
2000-04-14,3.215162348986275,3.2327636438604435,3.080219276151695,3.1095547676086426,4170900,0.0,0.0
2000-04-17,3.144756539908599,3.197560413959757,3.0743515623743973,3.103687047958374,4134000,0.0,0.0
2000-04-18,3.086086307771301,3.109554700429849,3.0156813176630357,3.0274155139923096,4986000,0.0,0.0
2000-04-19,3.027415050266046,3.0508834393298074,2.8807379943522307,2.939408779144287,4779500,0.0,0.0
2000-04-20,2.910073639990112,3.027415411440597,2.910073639990112,3.0039470195770264,2785900,0.0,0.0
2000-04-24,2.9804780420088597,3.109553984025947,2.9804780420088597,3.068484306335449,2228600,0.0,0.0
2000-04-25,3.121288276638988,3.1799590587615967,3.0626173066490407,3.1799590587615967,4335500,0.0,0.0
2000-04-26,3.1447565512477342,3.1447565512477342,2.992212401395708,3.0156807899475098,3083900,0.0,0.0
2000-04-27,3.0391486798787803,3.0391486798787803,2.9159398480635255,2.986344814300537,3488500,0.0,0.0
2000-04-28,2.992212466670403,3.015680855734165,2.9335416818783466,2.939408779144287,1787000,0.0,0.0
2000-05-01,2.915939862689908,3.0039461178944404,2.9042056702803283,2.9276740550994873,3684900,0.0,0.0
2000-05-02,2.910072390371412,2.933540772157389,2.8103321435155895,2.863135814666748,4550300,0.0,0.0
2000-05-03,2.9570102221981998,2.9570102221981998,2.7927318660834466,2.8162002563476562,3744500,0.0,0.0
2000-05-04,2.8103324074498484,2.8161995034473546,2.7340603473495713,2.75752854347229,3218200,0.0,0.0
2000-05-05,2.78099784668558,2.78099784668558,2.722327055184943,2.7751307487487793,4628400,0.0,0.0
2000-05-08,2.816199308148431,2.88660426736873,2.8044651169671657,2.8279333114624023,2525700,0.0,0.0
2000-05-09,2.7927324231413,2.857270321373698,2.6753906362817994,2.739928722381592,2399000,0.0,0.0
2000-05-10,2.739927432443266,2.7809969163950643,2.6108515088791013,2.6577882766723633,4495800,0.0,0.0
2000-05-11,2.7457952175659304,2.8514027909648623,2.728194111888914,2.792732000350952,10924700,0.0,0.0
2000-05-12,2.810332595005158,2.8455349854722183,2.7692629202817147,2.833800792694092,6320600,0.0,0.0
2000-05-15,2.851402997970581,2.8572700962446476,2.8103334979194963,2.851402997970581,5984000,0.0,0.0
2000-05-16,2.910072390371412,2.915939485817906,2.833800337434277,2.863135814666748,3217400,0.0,0.0
2000-05-17,2.792731918797352,2.874871098405137,2.7809977234437593,2.8396685123443604,3985400,0.0,0.0
2000-05-18,2.8396675436787024,2.939407982293479,2.8396675436787024,2.8866043090820312,2545900,0.0,0.0
2000-05-19,2.827933311462403,2.857268789415566,2.7809967346046345,2.8279333114624023,3764700,0.0,0.0
2000-05-22,2.8103328746669782,2.8690036565287382,2.8103328746669782,2.8191335201263428,4000500,0.0,0.0
2000-05-23,2.822065632198073,2.880736575969783,2.8103316313109863,2.8660688400268555,3973700,0.0,0.0
2000-05-24,2.8924719237696657,3.0274147727831835,2.8924719237696657,2.971677541732788,4252400,0.0,0.0
2000-05-25,2.9687443767357387,3.068484658260068,2.9628772792499127,2.9775450229644775,6985400,0.0,0.0
2000-05-26,2.968744592539853,3.1916937496057995,2.968744592539853,3.0772855281829834,8650800,0.0,0.0
2000-05-30,3.174091540471282,3.221028310233409,3.1095536699156714,3.19169282913208,4299400,0.0,0.0
2000-05-31,3.165518651718182,3.242151502044444,3.1596238170777005,3.1773083209991455,4039100,0.01906,0.0
2000-06-01,3.183203854699885,3.301100195889594,3.141940191910153,3.242152214050293,4807200,0.0,0.0
2000-06-02,3.5368919056788855,3.5604712404183525,3.430785276862246,3.448469400405884,6346700,0.0,0.0
2000-06-05,3.4307858329136294,3.4484699593234565,3.3600478172302246,3.3600478172302246,2573600,0.0,0.0
2000-06-06,3.348259347860835,3.389523205130494,3.259837174079868,3.3836283683776855,4394200,0.0,0.0
2000-06-07,3.377732771106038,3.4366807478504366,3.3629954937866327,3.4013121128082275,4577200,0.0,0.0
2000-06-08,3.3954168250719268,3.3954168250719268,3.3305736440288056,3.3600478172302246,2940400,0.0,0.0
2000-06-09,3.371836779137371,3.4602589026806365,3.371836779137371,3.4248902797698975,3962800,0.0,0.0
2000-06-12,3.4425745010375977,3.489733169616757,3.4307852114037636,3.4425745010375977,3078000,0.0,0.0
2000-06-13,3.4484697260397783,3.4779438972473145,3.4484697260397783,3.4779438972473145,2114400,0.0,0.0
2000-06-14,3.5133149866929325,3.5840530395507817,3.5015253112166245,3.5840530395507812,1876800,0.0,0.0
2000-06-15,3.6076308459684108,3.6076308459684108,3.4425758202045698,3.4543654918670654,7437000,0.0,0.0
2000-06-16,3.4602589026806365,3.5486814037348466,3.4189954463662833,3.4248902797698975,12021800,0.0,0.0
2000-06-19,3.4189956094925127,3.548681573048619,3.4189956094925127,3.448469400405884,6574100,0.0,0.0
2000-06-20,3.4484702441438784,3.501523760288295,3.4425754090167207,3.4602599143981934,3638700,0.0,0.0
2000-06-21,3.4425757419276484,3.572262127266307,3.436680906230437,3.5133137702941895,3510300,0.0,0.0
2000-06-22,3.519207954406738,3.5368924582240706,3.418996143619541,3.5192079544067383,4429500,0.0,0.0
2000-06-23,3.5251031380758144,3.530997973265311,3.4484702806123555,3.507418632507324,1897000,0.0,0.0
2000-06-26,3.5015241303037477,3.5015241303037477,3.4484706085530226,3.4720499515533447,2695300,0.0,0.0
2000-06-27,3.460259185733978,3.6194193231401015,3.45436435184816,3.566366195678711,3554000,0.0,0.0
2000-06-28,3.5722611518249807,3.648893617452387,3.5251024791244294,3.5280497074127197,3264400,0.0,0.0
2000-06-29,3.584051452068499,3.584051452068499,3.4543650792710356,3.4602599143981934,4030700,0.0,0.0
2000-06-30,3.4661543360608973,3.5354185461649674,3.4484698327889425,3.5309975147247314,4449600,0.0,0.0
2000-07-03,3.5251023584779815,3.584050697336166,3.477943687391434,3.566366195678711,972800,0.0,0.0
2000-07-05,3.5722619674660336,3.578156802899548,3.5192084485644046,3.542787790298462,1807200,0.0,0.0
2000-07-06,3.5604718003976,3.6371042728424077,3.507418288889718,3.6371042728424072,3880500,0.0,0.0
2000-07-07,3.6547899113353495,3.6960537664299316,3.6194208926828506,3.6312105655670166,2742300,0.0,0.0
2000-07-10,3.6312090925891822,3.654788428792701,3.613524590436543,3.6488935947418213,3053700,0.0,0.0
2000-07-11,3.6312110525283137,3.67247491315656,3.6312110525283137,3.6547904014587402,4798000,0.0,0.0
2000-07-12,3.6665784869177536,3.684262990951538,3.5958404707826146,3.684262990951538,5498900,0.0,0.0
2000-07-13,3.6665774207697415,3.7491050822637795,3.601734258167283,3.7373154163360596,4327100,0.0,0.0
2000-07-14,3.7255279554322445,3.9141619669005197,3.713738282526585,3.819844961166382,2943700,0.0,0.0
2000-07-17,4.079216018849987,4.17353337917686,3.949530025911585,3.999635934829712,11633200,0.0,0.0
2000-07-18,3.979004246357545,4.043847432321208,3.9495300709195162,4.032057762145996,5817800,0.0,0.0
2000-07-19,4.037952293647959,4.037952293647959,3.9731091125594054,4.026162624359131,4849200,0.0,0.0
2000-07-20,4.026161972630399,4.197111772135146,4.002582637869612,4.126373767852783,4643500,0.0,0.0
2000-07-21,4.149953323002457,4.208901663034957,4.138163654995957,4.167637825012207,4746800,0.0,0.0
2000-07-24,4.167638475823436,4.267850292016607,4.161743640899658,4.161743640899658,3154400,0.0,0.0
2000-07-25,4.126373383731225,4.173532048862828,4.091004384882521,4.155847549438477,3495200,0.0,0.0
2000-07-26,4.149954479896597,4.149954479896597,4.020268473183157,4.067427158355713,4740000,0.0,0.0
2000-07-27,4.043847357135679,4.2147971939867945,4.026162852201662,4.208902359008789,6068800,0.0,0.0
2000-07-28,4.185321715145729,4.220690713994433,4.07331988545817,4.155847549438477,4079400,0.0,0.0
2000-07-31,4.161743352992256,4.161743352992256,4.0556367092157135,4.0615315437316895,3159500,0.0,0.0
2000-08-01,4.096900201530515,4.161743381652799,4.085110532417373,4.138164043426514,2847200,0.0,0.0
2000-08-02,4.13226860154298,4.167637603684161,4.067425808461778,4.126373767852783,1192700,0.0,0.0
2000-08-03,4.114584107543928,4.191216945648193,4.1086892738436,4.191216945648193,3109900,0.0,0.0
2000-08-04,4.179429162684617,4.350379039561704,4.149954980893544,4.3326945304870605,7816400,0.0,0.0
2000-08-07,4.332694404123069,4.35037891268194,4.309115059377908,4.320904731750488,3939300,0.0,0.0
2000-08-08,4.279640151883647,4.326798833367749,4.250165975956083,4.2973246574401855,1643500,0.0,0.0
2000-08-09,4.291429559169403,4.338588237762451,4.238376045752224,4.338588237762451,2758200,0.0,0.0
2000-08-10,4.197110939364242,4.197110939364242,3.867001073233981,3.961318016052246,13912200,0.0,0.0
2000-08-11,3.8905805125943673,3.979002625375649,3.760894193499169,3.77268385887146,12133500,0.0,0.0
2000-08-14,3.772684735586402,3.802158905866481,3.6371039298090264,3.7137367725372314,7040800,0.0,0.0
2000-08-15,3.719633579254151,3.7255284164364193,3.637105858702391,3.7196335792541504,4130600,0.0,0.0
2000-08-16,3.7196323243956337,3.7844751340139724,3.707842654008471,3.7667906284332275,5049800,0.0,0.0
2000-08-17,3.7196307422070505,3.7962631896160413,3.7196307422070505,3.77268385887146,3852000,0.0,0.0
2000-08-18,3.737317839279832,3.7491075128509253,3.6076314299978067,3.696053981781006,5091800,0.0,0.0
2000-08-21,3.631209478850184,3.6901578256294663,3.6076301401384714,3.684262990951538,3047000,0.0,0.0
2000-08-22,3.6665787971801986,3.678368467533686,3.613525280589506,3.625314950942993,3334000,0.0,0.0
2000-08-23,3.678367651428725,3.7078418207731247,3.5663661854309785,3.5958399772644043,4155800,0.0,0.0
2000-08-24,3.5958410925440627,3.6253152710301215,3.483839591808131,3.5133137702941895,3043600,0.0,0.0
2000-08-25,3.513314372452825,3.5663679028207516,3.513314372452825,3.52510404586792,6775600,0.0,0.0
2000-08-28,3.572261572205503,3.7255268990074306,3.572261572205503,3.690157890319824,6184600,0.0,0.0
2000-08-29,3.690159096176149,3.690159096176149,3.5722627395360993,3.601736545562744,8277300,0.0,0.0
2000-08-30,3.6228085740215765,3.705683479424007,3.6050500448203895,3.634647846221924,4582200,0.01906,0.0
2000-08-31,3.652407741351407,3.72344339374632,3.6228095528535267,3.711604118347168,4755200,0.0,0.0
2000-09-01,3.7116031155241807,3.741201296025049,3.6228085740215765,3.634647846221924,5038900,0.0,0.0
2000-09-05,3.6583268002365696,3.717523167866379,3.6346482531846456,3.6760857105255127,6460800,0.0,0.0
2000-09-06,3.676086450816161,3.8477555724139765,3.6642471749060044,3.7530417442321777,8557600,0.0,0.0
2000-09-07,3.729361235648658,3.7471201401959506,3.6760845220067795,3.7234416007995605,5592000,0.0,0.0
2000-09-08,3.7412016930343235,3.901031505600516,3.7412016930343235,3.8536744117736816,7883600,0.0,0.0
2000-09-11,3.853674236971646,3.9720665870691003,3.8477546005118053,3.9424684047698975,6798300,0.0,0.0
2000-09-12,4.0490229635217645,4.125977879353748,3.9661480305186716,4.114138603210449,7765200,0.0,0.0
2000-09-13,4.090457573210446,4.232528800873211,4.0845383178237284,4.1970109939575195,8264700,0.0,0.0
2000-09-14,4.202933174285192,4.202933174285192,4.001665858948568,4.114138603210449,5552600,0.0,0.0
2000-09-15,4.226609159787747,4.226609159787747,4.143734277113871,4.149653911590576,14143000,0.0,0.0
2000-09-18,4.149654728742588,4.155574364384991,4.060860573205848,4.078619480133057,3512000,0.0,0.0
2000-09-19,4.072699029129305,4.197010973632999,4.0667793946720225,4.188131332397461,4427800,0.0,0.0
2000-09-20,4.191091359471572,4.220689531901314,4.1378146490980345,4.1970109939575195,4696400,0.0,0.0
2000-09-21,4.191091507159478,4.2680463790893555,4.18517187246493,4.2680463790893555,10604100,0.0,0.0
2000-09-22,4.297646022901681,4.451556198517465,4.285806749462053,4.392360210418701,10986900,0.0,0.0
2000-09-25,4.404199800156424,4.510752889666061,4.392360525866531,4.466355800628662,3403700,0.0,0.0
2000-09-26,4.469315429651435,4.487074341086275,4.42787796963681,4.466355800628662,2954600,0.0,0.0
2000-09-27,4.47523414459422,4.5403501397703145,4.457475236818921,4.534430503845215,3810000,0.0,0.0
2000-09-28,4.540349584438471,4.635063368556263,4.522590678835271,4.5906662940979,5687700,0.0,0.0
2000-09-29,4.569947798914361,4.623224520592016,4.5403499993038645,4.561068534851074,2806100,0.0,0.0
2000-10-02,4.5225916542290525,4.646903641162722,4.487073835362474,4.611385822296143,4734200,0.0,0.0
2000-10-03,4.522589974438418,4.652821549478943,4.469313265926705,4.481152534484863,4546100,0.0,0.0
2000-10-04,4.481154153912653,4.59362686676204,4.368681441063267,4.427877426147461,3978700,0.0,0.0
2000-10-05,4.4515553124166924,4.5285105744560035,4.398278971642622,4.433796405792236,4575500,0.0,0.0
2000-10-06,4.445636839415408,4.445636839415408,4.2680481058304425,4.273967742919922,6562400,0.0,0.0
2000-10-09,4.279886088147077,4.558108568273108,4.279886088147077,4.487072944641113,5414100,0.0,0.0
2000-10-10,4.4752355291754435,4.4811551669320036,4.398280617439596,4.457476615905762,4264100,0.0,0.0
2000-10-11,4.481153428063629,4.510751605361144,4.433796344387605,4.498912334442139,3941800,0.0,0.0
2000-10-12,4.498912335765146,4.510751606687634,4.250288025492196,4.451555252075195,9670700,0.0,0.0
2000-10-13,4.451555249484305,4.605465392287774,4.421957072195313,4.546269416809082,4821500,0.0,0.0
2000-10-16,4.552190664830736,4.599547386169434,4.504833564392611,4.599547386169434,3741200,0.0,0.0
2000-10-17,4.599545758154398,4.735696994623676,4.457474886225617,4.498912334442139,7783700,0.0,0.0
2000-10-18,4.522590125083733,4.8540888975557985,4.475233049273657,4.818571090698242,14550900,0.0,0.0
2000-10-19,4.7356978523551785,4.919206205737588,4.71201968532786,4.901447296142578,11037200,0.0,0.0
2000-10-20,4.848169378927132,4.9132849806227,4.688339623348207,4.783053398132324,7806400,0.0,0.0
2000-10-23,4.806733137818084,4.8422509544003365,4.759376049041748,4.759376049041748,4162500,0.0,0.0
2000-10-24,4.741616112491497,5.043517108871548,4.723857587150789,4.99616003036499,9131800,0.0,0.0
2000-10-25,4.996161763096191,5.120473758189602,4.948804668165603,5.061277389526367,6738700,0.0,0.0
2000-10-26,5.019838892568737,5.155990122935103,5.013919257374578,5.108633041381836,4915500,0.0,0.0
2000-10-27,5.114553511706594,5.416454197706016,5.102714239385101,5.4046149253845215,8884200,0.0,0.0
2000-10-30,5.256624575415609,5.469731105195752,5.256624575415609,5.398695468902588,17394800,0.0,0.0
2000-10-31,5.398696439373556,5.398696439373556,5.244786245504117,5.29214334487915,5644100,0.0,0.0
2000-11-01,5.303981483019941,5.463811280057934,5.303981483019941,5.451972007751465,5561800,0.0,0.0
2000-11-02,5.487490003115729,5.57628416920236,5.209267853065022,5.339499473571777,12742900,0.0,0.0
2000-11-03,5.303982037134025,5.369098041622361,5.1500718601700655,5.232946395874023,6734500,0.0,0.0
2000-11-06,5.244786377172254,5.327661303159102,5.185590380566791,5.256625652313232,7062700,0.0,0.0
2000-11-07,5.262543201446533,5.268462836667819,5.209266863554243,5.262543201446533,2265500,0.0,0.0
2000-11-08,5.351337463917949,5.534845388462792,5.256623305082666,5.505247592926025,7355600,0.0,0.0
2000-11-09,5.493409467795727,5.576283994946847,5.339499306715643,5.4046149253845215,12398700,0.0,0.0
2000-11-10,5.422374428832979,5.5407667859391,5.36317843982961,5.416454792022705,4125600,0.0,0.0
2000-11-13,5.428294903811588,5.4756520056060705,5.114554862622022,5.161911964416504,5430000,0.0,0.0
2000-11-14,5.067195362975261,5.2211054918759325,5.067195362975261,5.179668426513672,7115500,0.0,0.0
2000-11-15,5.161910527658785,5.274383234015772,5.114553439045597,5.209267616271973,7301900,0.0,0.0
2000-11-16,5.209268285797526,5.221107180373094,5.114554096397931,5.155991554260254,2393100,0.0,0.0
2000-11-17,5.179670101610152,5.179670101610152,5.0908755490480315,5.155991554260254,3914100,0.0,0.0
2000-11-20,5.132312422233761,5.144151694559972,4.960643352603036,5.096794605255127,3789000,0.0,0.0
2000-11-21,5.096795236893476,5.2033487010343915,5.00208142564538,5.185589790344238,4716500,0.0,0.0
2000-11-22,5.173750859637079,5.179670496926344,5.00800139463705,5.0494384765625,2592900,0.0,0.0
2000-11-24,5.090875265558549,5.120473448097724,5.067196719527209,5.102714538574219,825900,0.0,0.0
2000-11-27,5.138232631569312,5.25070535211537,5.073116626511427,5.203348636627197,8034700,0.0,0.0
2000-11-28,5.203347980195324,5.298061778322366,5.150071255505488,5.209267616271973,7005600,0.0,0.0
2000-11-29,5.214020608847466,5.297159703369961,5.214020608847466,5.2496514320373535,4437900,0.02085,0.0
2000-11-30,5.2258983336562554,5.510947236867786,5.2258983336562554,5.499070167541504,11355400,0.0,0.0
2000-12-01,5.499070167541504,5.558455133863296,5.463438959562659,5.499070167541504,9489400,0.0,0.0
2000-12-04,5.594084257882695,5.629715452587882,5.499068118978339,5.605961322784424,9350000,0.0,0.0
2000-12-05,5.665346775404273,6.009780904724194,5.653469710233966,5.962272644042969,24021900,0.0,0.0
2000-12-06,5.9385198281532405,5.956335429852062,5.6712865632900495,5.700979232788086,31487500,0.0,0.0
2000-12-07,5.695040698888478,5.760364191474591,5.683163631089264,5.700979232788086,20018800,0.0,0.0
2000-12-08,5.8435011192078,5.8435011192078,5.712853430358595,5.718791961669922,11723800,0.0,0.0
2000-12-11,5.79599601944936,6.140430262123714,5.772241881291182,5.891012191772461,8130400,0.0,0.0
2000-12-12,5.76036419545103,5.81381100058439,5.659409499397585,5.695040702819824,7709800,0.0,0.0
2000-12-13,5.748486743472206,6.057289725208512,5.736609676458538,6.009781837463379,19495000,0.0,0.0
2000-12-14,5.962274363935385,6.098860272484335,5.86131966117562,6.0869832038879395,9350900,0.0,0.0
2000-12-15,6.03353387931368,6.271074771881103,6.003841600513507,6.2710747718811035,16122300,0.0,0.0
2000-12-18,6.187938314176005,6.484864269772776,6.15230710823009,6.437355995178223,12471800,0.0,0.0
2000-12-19,6.401723272099664,6.407662185326126,5.986027108841175,6.057289123535156,10055100,0.0,0.0
2000-12-20,6.057289129444134,6.081043261135134,5.873194989148378,6.045412063598633,16158400,0.0,0.0
2000-12-21,6.092920773402686,6.1404290402655715,6.057289573255523,6.104797840118408,7702300,0.0,0.0
2000-12-22,6.0810419376792835,6.199812189976059,5.896947837449099,5.9800872802734375,6498600,0.0,0.0
2000-12-26,6.003841600513507,6.288890367346867,5.968210409581978,6.2710747718811035,5241200,0.0,0.0
2000-12-27,6.199814910045262,6.217630512752502,6.063229002932684,6.176061153411865,6183000,0.0,0.0
2000-12-28,6.15230729588152,6.312647347219073,6.14636876137607,6.306708812713623,3372700,0.0,0.0
2000-12-29,6.342339341123002,6.461109638214111,6.1819993069416554,6.461109638214111,4998600,0.0,0.0
2001-01-02,6.413601514040023,6.419540428355545,5.950397002504864,5.968212604522705,4644400,0.0,0.0
2001-01-03,5.980088380021858,6.449231324164257,5.902887454630448,6.277014255523682,11713800,0.0,0.0
2001-01-04,6.282954210944083,6.330462483481078,5.760364353965869,5.879134654998779,10854200,0.0,0.0
2001-01-05,5.8435035592915,6.027597726505829,5.695040594823732,5.712855815887451,12874700,0.0,0.0
2001-01-08,5.736609400373485,5.891010883810778,5.724732333931422,5.843502998352051,12132600,0.0,0.0
2001-01-09,5.85537927975249,5.938518353390794,5.665346622467041,5.665346622467041,5767500,0.0,0.0
2001-01-10,5.617837309686757,5.813808462651163,5.570329059196136,5.718791961669922,7297700,0.0,0.0
2001-01-11,5.712855293138248,5.825687424844425,5.689101540457,5.795994758605957,4097100,0.0,0.0
2001-01-12,5.795994785058234,5.80193331833303,5.724732385760678,5.748486518859863,5543300,0.0,0.0
2001-01-16,5.7366089652720635,5.849441087913744,5.730670432501449,5.772240161895752,4990200,0.0,0.0
2001-01-17,5.724732379188515,5.819748911476174,5.724732379188515,5.760363578796387,2712100,0.0,0.0
2001-01-18,5.7484853616233025,5.760362425781905,5.439682454118543,5.52282190322876,10508400,0.0,0.0
2001-01-19,5.558454985850218,5.594086192880259,5.309037297259142,5.564393520355225,9778100,0.0,0.0
2001-01-22,5.605961758404659,5.790055898377313,5.4960990896813495,5.689101219177246,4838300,0.0,0.0
2001-01-23,5.689101042616424,5.8791333292942625,5.594084518968012,5.861318111419678,6255200,0.0,0.0
2001-01-24,5.795994593649112,6.021658470329436,5.766301928255713,5.926641941070557,7981000,0.0,0.0
2001-01-25,5.926642389430294,6.0097818588214444,5.87913412120678,5.974150657653809,5691100,0.0,0.0
2001-01-26,5.891010711988012,6.027596972087932,5.891010711988012,5.986027240753174,7824800,0.0,0.0
2001-01-29,5.977475298988486,6.006930269293471,5.819748401641846,5.819748401641846,4395900,0.0,0.0
2001-01-30,5.829251141151198,5.994579315185547,5.786493697393529,5.994579315185547,5123600,0.0,0.0
2001-01-31,5.994579006297185,6.01453270720833,5.896712429777307,5.969874858856201,4050900,0.0,0.0
2001-02-01,5.9860260050477425,6.294828899168789,5.951820213877249,6.2710747718811035,12426400,0.0,0.0
2001-02-02,6.271074861046625,6.366090991238924,6.223566605795755,6.290078163146973,6799100,0.0,0.0
2001-02-05,6.291029370375508,6.347089274337351,6.247321919371351,6.303381443023682,2514000,0.0,0.0
2001-02-06,6.318584376318641,6.413600525458595,6.255873619005796,6.3698930740356445,5388100,0.0,0.0
2001-02-07,6.35659070029176,6.594131266753159,6.347089427518064,6.514317989349365,12679100,0.0,0.0
2001-02-08,6.503866378590933,6.746157773661854,6.4611089393515275,6.518118858337402,15208200,0.0,0.0
2001-02-09,6.503866436730737,6.641639648225811,6.503866436730737,6.584630489349365,6552300,0.0,0.0
2001-02-12,6.58462986208566,6.701499729546772,6.563725770557237,6.698648929595947,5343600,0.0,0.0
2001-02-13,6.721453460241835,6.73665595280249,6.476311271076307,6.569427013397217,9311400,0.0,0.0
2001-02-14,6.556126792408511,6.71765416813927,6.508618517011464,6.546625137329102,5974800,0.0,0.0
2001-02-15,6.537123245747594,6.613135723013665,6.486764171400949,6.55517578125,3317300,0.0,0.0
2001-02-16,6.555174560210837,6.798416724010816,6.541872854553981,6.733805179595947,7829000,0.0,0.0
2001-02-20,6.66254272265789,6.817419190559677,6.541872049097551,6.804116725921631,7459700,0.0,0.0
2001-02-21,6.8411734604223104,7.078713999574896,6.837372647502175,6.877279281616211,18716900,0.0,0.0
2001-02-22,6.8459247866485695,6.898183876416874,6.747107446599248,6.865878105163574,8287300,0.0,0.0
2001-02-23,6.841173819120177,7.088216023216593,6.817419687897542,7.078714370727539,21565000,0.0,0.0
2001-02-26,6.751858106306776,6.794615542334686,6.679645699805661,6.741406440734863,31685600,0.0,0.0
2001-02-27,6.746156208142396,6.8269202412968735,6.730953718731209,6.7699103355407715,12638000,0.0,0.0
2001-02-28,6.834209058308649,6.981846607447113,6.764675871059922,6.908504009246826,10684700,0.02085,0.0
2001-03-01,6.9389825246795285,7.086620807647706,6.898977617517224,7.086620807647705,7212100,0.0,0.0
2001-03-02,7.073286445576319,7.143771980460245,7.038996412049367,7.106624126434326,5672600,0.0,0.0
2001-03-05,7.1390069661628575,7.141864023173803,7.058044055157704,7.134244441986084,7645200,0.0,0.0
2001-03-06,7.1437704170775955,7.177108090639799,6.986607098855779,7.101860046386719,5959700,0.0,0.0
2001-03-07,7.081858096320837,7.24854647593757,7.062807995793211,7.243783950805664,6239200,0.0,0.0
2001-03-08,7.210447275127197,7.286646925316226,7.126626516181083,7.172347068786621,7983500,0.0,0.0
2001-03-09,7.21520726860996,7.21520726860996,7.019943779645828,7.084714412689209,3954400,0.0,0.0
2001-03-12,7.015181164499109,7.016133516812595,6.838968536797586,6.8408732414245605,5203400,0.0,0.0
2001-03-13,6.8618297225312626,6.874211829246357,6.596081454473809,6.8161091804504395,7432800,0.0,0.0
2001-03-14,6.6579939060086595,6.821824460232831,6.5970341962921255,6.766579627990723,5822900,0.0,0.0
2001-03-15,6.762769192107462,6.934219322122396,6.748481617731887,6.909454345703125,5171500,0.0,0.0
2001-03-16,6.7627684947762825,6.953268704315549,6.7627684947762825,6.926599025726318,9165400,0.0,0.0
2001-03-19,6.891357092850315,6.921836945333264,6.830396625392485,6.915169715881348,8961400,0.0,0.0
2001-03-20,6.881834855285877,7.02566224216523,6.781821797694124,6.984704971313477,6622800,0.0,0.0
2001-03-21,6.981844796453723,7.000894896238927,6.800869610986267,6.824682235717773,3502800,0.0,0.0
2001-03-22,6.786580275397988,6.813249950682748,6.6417998595898915,6.7446699142456055,9520400,0.0,0.0
2001-03-23,6.729430425128777,6.810393333435059,6.677042660930595,6.810393333435059,5651600,0.0,0.0
2001-03-26,6.810393434616084,6.877068771858902,6.610367422887632,6.705617904663086,6141000,0.0,0.0
2001-03-27,6.791344196525223,7.038994717946683,6.762769048381369,7.002799987792969,7371600,0.0,0.0
2001-03-28,6.967556837051376,6.9904171080302815,6.893261909484863,6.893261909484863,5738900,0.0,0.0
2001-03-29,6.858020429862597,6.870402538165779,6.815157702098875,6.862782955169678,4311900,0.0,0.0
2001-03-30,6.896120217152826,6.967557329966264,6.83611209689946,6.919932842254639,4338800,0.0,0.0
2001-04-02,6.915167923376599,7.188535697423538,6.915167923376599,7.124718189239502,6297100,0.0,0.0
2001-04-03,7.086621991191779,7.196160090397724,7.04852178277232,7.077096939086914,8872400,0.0,0.0
2001-04-04,7.062808395430387,7.077095971634545,6.724669854424028,6.948507785797119,11143000,0.0,0.0
2001-04-05,6.9627960662436,6.9627960662436,6.758008215763072,6.858021259307861,6501100,0.0,0.0
2001-04-06,6.8865958111950825,7.024708287210847,6.805632878276697,6.85325813293457,5158900,0.0,0.0
2001-04-09,6.872308836957116,6.910409044021798,6.822778110277748,6.858021259307861,4350600,0.0,0.0
2001-04-10,6.858973382741509,6.934220679185589,6.817063003872685,6.867546081542969,5373800,0.0,0.0
2001-04-11,6.858019812513741,6.881832436905564,6.644659307956581,6.756102085113525,10623400,0.0,0.0
2001-04-12,6.762769074962824,6.803726329968167,6.6865686796130355,6.738956451416016,3650500,0.0,0.0
2001-04-16,6.753245564926041,6.853258606620309,6.653232523231772,6.72467041015625,2874900,0.0,0.0
2001-04-17,6.691332853399878,6.858021259307861,6.686570327516793,6.858021259307861,4644400,0.0,0.0
2001-04-18,6.819919655415076,6.953269590337136,6.73800437950199,6.952317237854004,5934500,0.0,0.0
2001-04-19,6.738956303596988,6.806584000488122,6.71514368057251,6.71514368057251,8713800,0.0,0.0
2001-04-20,6.7151435644869535,6.729431138054649,6.286517501193943,6.6198930740356445,18039500,0.0,0.0
2001-04-23,6.5246442398147115,6.665614527497449,6.5246442398147115,6.602749347686768,5834600,0.0,0.0
2001-04-24,6.610367774963378,6.6484679697028195,6.5103555262642345,6.610367774963379,7705600,0.0,0.0
2001-04-25,6.610368007634662,6.810394037057232,6.587508499979902,6.800868988037109,6493500,0.0,0.0
2001-04-26,6.810394909190309,6.872307735749606,6.772294708230743,6.834207534790039,5322600,0.0,0.0
2001-04-27,6.834208383102279,6.848495960235596,6.813252812478149,6.848495960235596,4599900,0.0,0.0
2001-04-30,6.867544537558277,6.881832111517824,6.738956371922352,6.772294044494629,4122200,0.0,0.0
2001-05-01,6.753245564926041,6.777058193900866,6.638944945846877,6.72467041015625,4551200,0.0,0.0
2001-05-02,6.596082563338678,6.677997086894542,6.524644680885463,6.591320037841797,7484000,0.0,0.0
2001-05-03,6.548455950641846,6.54940830304535,6.4293928379058425,6.4484429359436035,7577200,0.0,0.0
2001-05-04,6.3341423209725916,6.667517871422369,6.3341423209725916,6.652277946472168,7113000,0.0,0.0
2001-05-07,6.648466756228482,6.667516850121189,6.444631361569901,6.467491626739502,3755400,0.0,0.0
2001-05-08,6.515119363171338,6.515119363171338,6.345573538672563,6.357956409454346,7133200,0.0,0.0
2001-05-09,6.357957483002399,6.44844509777159,6.300807169729592,6.342717170715332,3815900,0.0,0.0
2001-05-10,6.3427142426928995,6.343666976221949,6.053153399109331,6.215078830718994,14961400,0.0,0.0
2001-05-11,6.253180232442128,6.362718303518911,6.206507717861349,6.224605083465576,8296600,0.0,0.0
2001-05-14,6.248416500804527,6.380814436743858,6.219841357346929,6.305566787719727,7271700,0.0,0.0
2001-05-15,6.305568071784895,6.343668270820414,6.262705347869936,6.281755447387695,3742000,0.0,0.0
2001-05-16,6.262704657538656,6.41510505563581,6.257942133184184,6.387482643127441,6866200,0.0,0.0
2001-05-17,6.448442874257832,6.515118216752178,6.405580154082895,6.487495422363281,6336600,0.0,0.0
2001-05-18,6.481782387660263,6.535122524316893,6.290329383544639,6.329381942749023,6443200,0.0,0.0
2001-05-21,6.334144222422454,6.378911658369654,6.286518966099008,6.326524257659912,5720500,0.0,0.0
2001-05-22,6.325571716682675,6.329381889803161,6.276994106249816,6.278899192810059,7636000,0.0,0.0
2001-05-23,6.286517239733634,6.467492782818272,6.243654520813234,6.438917636871338,8142100,0.0,0.0
2001-05-24,6.419868413304769,6.529406487675931,6.296043145261626,6.382720947265625,5981500,0.0,0.0
2001-05-25,6.382720835702294,6.4532059753180455,6.36462308862412,6.377005577087402,3292100,0.0,0.0
2001-05-29,6.31033344088957,6.457971397450342,6.309380706736669,6.383676052093506,2750700,0.0,0.0
2001-05-30,6.398477279837467,6.551277102395202,6.398477279837467,6.5235819816589355,4850800,0.02085,0.0
2001-05-31,6.5465028506808665,6.8759767409634165,6.537907706789145,6.695481777191162,9643000,0.0,0.0
2001-06-01,6.684975195666045,6.684975195666045,6.565601116405751,6.646775245666504,6010900,0.0,0.0
2001-06-04,6.656325145059138,6.656325145059138,6.521671240479043,6.59998083114624,6042000,0.0,0.0
2001-06-05,6.599983617449427,6.637227972338755,6.579928788396269,6.612398147583008,1871000,0.0,0.0
2001-06-06,6.575152867599058,6.661102013664418,6.470102976922145,6.618127822875977,5107700,0.0,0.0
2001-06-07,6.637226156279386,6.73081635223768,6.6353164643163085,6.7279510498046875,4437000,0.0,0.0
2001-06-08,6.72795215983409,6.75182713575351,6.723177164650206,6.742277145385742,1474800,0.0,0.0
2001-06-11,6.7040773592947795,6.751827312382769,6.689752373368383,6.716492652893066,2673400,0.0,0.0
2001-06-12,6.716493182354026,6.7231778705178895,6.664923076056023,6.6754279136657715,4317000,0.0,0.0
2001-06-13,6.665877571850245,6.7327275079287086,6.653463042414513,6.667788028717041,2360300,0.0,0.0
2001-06-14,6.5894777889533165,6.6276769843415,6.546502834092081,6.610487461090088,7173500,0.0,0.0
2001-06-15,6.610487315582354,6.631496987256668,6.584702649028563,6.599027633666992,9115800,0.0,0.0
2001-06-18,6.594251574337741,6.651550739153721,6.5904314261531205,6.609531402587891,4918000,0.0,0.0
2001-06-19,6.613355411594282,6.7231795757203106,6.613355411594282,6.702169895172119,6736100,0.0,0.0
2001-06-20,6.684977176615265,6.871201988046748,6.684977176615265,6.825361728668213,7474800,0.0,0.0
2001-06-21,6.818675806412558,7.043099774033022,6.790025840611431,6.990574836730957,9296300,0.0,0.0
2001-06-22,7.014451503753662,7.05647161665002,6.97243215534585,7.014451503753662,4766900,0.0,0.0
2001-06-25,7.009676829584611,7.081301764683385,7.004901833911359,7.023046970367432,6245100,0.0,0.0
2001-06-26,6.971475116256005,7.062200011300533,6.967655732265894,7.0345048904418945,5670900,0.0,0.0
2001-06-27,7.028776890881572,7.162476771227804,7.0230470489073085,7.0956268310546875,5215100,0.0,0.0
2001-06-28,7.095625352047483,7.162475278286447,7.076525373122064,7.113770484924316,5321700,0.0,0.0
2001-06-29,7.090849986398577,7.100399975361733,6.899850971623851,6.971475124359131,8144600,0.0,0.0
2001-07-02,6.98102494593973,7.216909361878571,6.980070099963986,7.192079544067383,7204500,0.0,0.0
2001-07-03,7.1691580920440625,7.238873302702864,7.1385984395430215,7.158653259277344,1871000,0.0,0.0
2001-07-05,7.14337757671995,7.191127539256519,7.100402610437038,7.124277591705322,3230000,0.0,0.0
2001-07-06,7.127139350662196,7.1529240118128055,7.057424134235299,7.065064430236816,3338200,0.0,0.0
2001-07-09,7.065063216699549,7.1137679930005975,7.023043124885409,7.084163188934326,7225500,0.0,0.0
2001-07-10,7.066976753821626,7.100401723421621,7.009676805935921,7.086076736450195,6173700,0.0,0.0
2001-07-11,7.066975841901732,7.186350717926196,7.062200846860753,7.176800727844238,4242300,0.0,0.0
2001-07-12,7.210225556042593,7.296174700657572,7.181575586341445,7.270390033721924,6756300,0.0,0.0
2001-07-13,7.248425027396135,7.377349117878613,7.23410004351048,7.376394271850586,3491000,0.0,0.0
2001-07-16,7.372574893858036,7.476669940538529,7.34487976921996,7.445154666900635,4536100,0.0,0.0
2001-07-17,7.397402569926363,7.592222467522579,7.3630227678772115,7.550202369689941,5035500,0.0,0.0
2001-07-18,7.54447538908363,7.6170551685778625,7.415550509176887,7.57312536239624,6418000,0.0,0.0
2001-07-19,7.573124691422875,7.573124691422875,7.420324847293579,7.468074798583984,5968900,0.0,0.0
2001-07-20,7.468072943326413,7.468072943326413,7.152924107589149,7.303813457489014,6889700,0.0,0.0
2001-07-23,7.305724160595308,7.380214382210101,7.238875000630382,7.331509590148926,5321700,0.0,0.0
2001-07-24,7.281850514155637,7.429875373840332,7.277075518681937,7.429875373840332,9087300,0.0,0.0
2001-07-25,7.429873899503183,7.745022773742676,7.420323910450822,7.745022773742676,19420300,0.0,0.0
2001-07-26,7.59222263286297,7.601771856067881,7.471892940826313,7.544472694396973,18279600,0.0,0.0
2001-07-27,7.544475584480902,7.60941506697824,7.511050614750505,7.543519973754883,5303300,0.0,0.0
2001-07-30,7.515824839097328,7.604639290858732,7.472849882425793,7.56357479095459,6319000,0.0,0.0
2001-07-31,7.5540264531056,7.6781755906049005,7.5540264531056,7.650481224060059,2848900,0.0,0.0
2001-08-01,7.635198965758159,7.6819940715464945,7.596999004214783,7.6256489753723145,4134000,0.0,0.0
2001-08-02,7.6495214520115615,7.676261722150487,7.61609649658203,7.616096496582031,3188800,0.0,0.0
2001-08-03,7.630423283083071,7.716373188811794,7.620873293557658,7.672443389892578,3193900,0.0,0.0
2001-08-06,7.673396156704558,7.73069607833061,7.615141389282385,7.635196208953857,4142400,0.0,0.0
2001-08-07,7.783220877939938,7.821420825059727,7.730695950650228,7.772716045379639,7665400,0.0,0.0
2001-08-08,7.711600511031169,7.759350473004909,7.673400541452176,7.707780361175537,2997400,0.0,0.0
2001-08-09,7.697273416764942,7.697273416764942,7.620873498506998,7.668623447418213,2957200,0.0,0.0
2001-08-10,7.668624216948191,7.83097405953778,7.592225055512211,7.783224105834961,4018200,0.0,0.0
2001-08-13,7.76889547426638,7.8118704124334615,7.702045570450918,7.797545433044434,3527900,0.0,0.0
2001-08-14,7.80136864940136,7.826198470545765,7.766033227648367,7.793728351593018,6707600,0.0,0.0
2001-08-15,7.79754797507793,7.826197943195996,7.783222991018898,7.811872959136963,5906000,0.0,0.0
2001-08-16,7.80518699958967,8.02197143843678,7.802322461657462,7.9551215171813965,8283100,0.0,0.0
2001-08-17,7.950347426731361,8.07927228952503,7.934112749804579,7.973267555236816,6192200,0.0,0.0
2001-08-20,7.972312067140731,8.011466869419833,7.926471813821335,7.978996753692627,2698600,0.0,0.0
2001-08-21,7.974221794301639,8.00955721270018,7.859622689474902,7.878722667694092,4713200,0.0,0.0
2001-08-22,7.921696433880924,7.946527015839104,7.764122386421746,7.820467472076416,7683800,0.0,0.0
2001-08-23,7.819511914587431,7.859622325684218,7.783222416343708,7.825242519378662,5881600,0.0,0.0
2001-08-24,7.8214246621904575,7.835749649388107,7.603685315479339,7.618965148925781,9474300,0.0,0.0
2001-08-27,7.6877238077945185,7.6877238077945185,7.415549850006896,7.445154666900635,15351700,0.0,0.0
2001-08-28,7.434649682958588,7.5177342907353015,7.343924777333874,7.4107747077941895,8242900,0.0,0.0
2001-08-29,7.448974075437295,7.487174032661248,7.411728964246257,7.421278953552246,5264700,0.0,0.0
2001-08-30,7.4441976615016126,7.551157215540809,7.430827526124645,7.550202369689941,6669800,0.0,0.0
2001-08-31,7.53969769650534,7.622782283596286,7.534922702661302,7.56452751159668,6606000,0.0,0.0
2001-09-04,7.563573330879436,7.693452257473104,7.472848439864208,7.620872497558594,7642700,0.0,0.0
2001-09-05,7.747165551665189,7.875587729023301,7.66641551458063,7.835699081420898,10552000,0.1749,0.0
2001-09-06,7.870725021597738,7.904776446809354,7.8318091070701765,7.856131553649902,8060700,0.0,0.0
2001-09-07,7.797756923908131,7.904775678456587,7.7880279462219075,7.824025630950928,7979300,0.0,0.0
2001-09-10,7.788026227963285,7.858075319139278,7.676143788072803,7.724788665771484,9125900,0.0,0.0
2001-09-17,7.608045145630193,7.666419030988909,7.501999098131811,7.505890846252441,8822900,0.0,0.0
2001-09-18,7.501023756598385,7.94855594378892,7.501023756598385,7.844456195831299,9043600,0.0,0.0
2001-09-19,7.929095726209543,7.9884423163954645,7.860992902989143,7.893098831176758,14460300,0.0,0.0
2001-09-20,7.8512639134754325,7.877531833713038,7.716031787816715,7.758838653564453,7902900,0.0,0.0
2001-09-21,7.491294909674306,7.661552019275611,7.251962993043317,7.339523792266846,22115600,0.0,0.0
2001-09-24,7.394004794346075,7.598312516180205,7.394004794346075,7.511724472045898,9575000,0.0,0.0
2001-09-25,7.564263513345946,7.802622728021422,7.530212085704194,7.777327537536621,8821200,0.0,0.0
2001-09-26,7.8318093839488645,7.899912236779744,7.685875478128027,7.710197925567627,5210900,0.0,0.0
2001-09-27,7.744247556636777,7.97774302140773,7.740356588610588,7.895046710968018,8972300,0.0,0.0
2001-09-28,7.904773807344671,8.099352536194415,7.904773807344671,8.066274642944336,9371900,0.0,0.0
2001-10-01,8.066273268008146,8.201505379732005,7.94855284169941,8.172318458557129,7879400,0.0,0.0
2001-10-02,8.172321444026249,8.357172012329102,8.172321444026249,8.357172012329102,6056200,0.0,0.0
2001-10-03,8.337713654974444,8.425273667439656,8.25501735209719,8.416518211364746,8317600,0.0,0.0
2001-10-04,8.416517930001145,8.43500236226721,8.235559123164851,8.250152587890625,5618900,0.0,0.0
2001-10-05,8.179129233980154,8.269608222625902,8.12464713670696,8.24139404296875,5497200,0.0,0.0
2001-10-08,8.202482215758094,8.289070280895492,8.15772907004721,8.271557807922363,4499100,0.0,0.0
2001-10-09,8.259882529859377,8.363982278878003,8.211237641754101,8.321174621582031,3853600,0.0,0.0
2001-10-10,8.289068363563128,8.346468700862545,8.263773180865945,8.270583152770996,8258000,0.0,0.0
2001-10-11,8.269613575825538,8.313393986070373,8.109085404927807,8.16259479522705,8328500,0.0,0.0
2001-10-12,8.12367724221079,8.161620412560056,8.03611721813688,8.121731758117676,6548900,0.0,0.0
2001-10-15,8.109083773630985,8.366901693207804,8.104219284582367,8.330904006958008,3961100,0.0,0.0
2001-10-16,8.279340269664592,8.35230759992382,8.225830894141158,8.245288848876953,4628400,0.0,0.0
2001-10-17,8.225827506595216,8.28906583344385,8.075028419494629,8.075028419494629,5612200,0.0,0.0
2001-10-18,8.113948614475012,8.20734665249461,8.0215240973607,8.038063049316406,6136000,0.0,0.0
2001-10-19,7.9680115914162535,8.065301338461556,7.938824667302662,8.006927490234375,5023800,0.0,0.0
2001-10-22,8.026385769616162,8.207343771980087,8.026385769616162,8.177184104919434,4782000,0.0,0.0
2001-10-23,8.177185723315347,8.234586843555777,8.128540838165256,8.14508056640625,3893100,0.0,0.0
2001-10-24,8.182050093845886,8.191779070735613,8.089624813393476,8.099353790283203,3135900,0.0,0.0
2001-10-25,7.977741216761424,8.107136123594886,7.954391519802936,8.094488143920898,4568000,0.0,0.0
2001-10-26,8.095463840249543,8.13827072089226,8.045846207637892,8.123677253723145,3627000,0.0,0.0
2001-10-29,8.104216926297978,8.104216926297978,7.870722298726651,7.904773712158203,10313700,0.0,0.0
2001-10-30,7.895043137622712,8.050706710349052,7.826940324554938,8.00206184387207,7890300,0.0,0.0
2001-10-31,8.006929200039446,8.006929200039446,7.873642529651823,7.934934616088867,6110800,0.0,0.0
2001-11-01,7.933962077018343,8.021522870295538,7.880452703348947,7.973850727081299,6047800,0.0,0.0
2001-11-02,7.94953174133199,8.075034976550686,7.948558998969237,8.02541732788086,6104100,0.0,0.0
2001-11-05,8.055575963960386,8.357173535774594,8.055575963960386,8.280314445495605,4995200,0.0,0.0
2001-11-06,8.269610540858325,8.277393254755468,8.18302249438875,8.250152587890625,3636200,0.0,0.0
2001-11-07,8.259883739600951,8.430140094088486,8.250154760554992,8.279341697692871,3760500,0.0,0.0
2001-11-08,8.298796387047222,8.381492676365392,8.25015151097771,8.337712287902832,3711800,0.0,0.0
2001-11-09,8.318254951091333,8.347441878886086,8.230694167707078,8.285176277160645,2373800,0.0,0.0
2001-11-12,8.269611895087419,8.371766164896593,8.191780070470905,8.327985763549805,2023700,0.0,0.0
2001-11-13,8.352307613998853,8.485594292637,8.352307613998853,8.454461097717285,3510300,0.0,0.0
2001-11-14,8.464189195178026,8.517698565228883,8.439866754245818,8.479755401611328,2895000,0.0,0.0
2001-11-15,8.522562435750592,8.546884874920055,8.405814727737175,8.465161323547363,4413500,0.0,0.0
2001-11-16,8.465161041091514,8.53715561439419,8.368844808247413,8.435001373291016,3505300,0.0,0.0
2001-11-19,8.435002266059376,8.493376124296676,8.418463317752096,8.479755401611328,3180400,0.0,0.0
2001-11-20,8.479756283153117,8.528401170074577,8.435003142948702,8.454461097717285,3407100,0.0,0.0
2001-11-21,8.444733080005072,8.468082784144196,8.308528159963087,8.38538646697998,2749000,0.0,0.0
2001-11-23,8.40581315550883,8.468078743899758,8.397057702098644,8.448620796203613,876300,0.0,0.0
2001-11-26,8.448625893937793,8.503108024597168,8.415547207132054,8.503108024597168,3674000,0.0,0.0
2001-11-27,8.50310209633099,8.560503192413202,8.444728258718488,8.498237609863281,3716800,0.0,0.0
2001-11-28,8.493377401715948,8.502133637531806,8.392196655273438,8.392196655273438,2963900,0.0,0.0
2001-11-29,8.381493088200626,8.39219480569847,8.269609867743226,8.347441673278809,5285700,0.0,0.0
2001-11-30,8.352304997262404,8.366898458766782,8.269608715404265,8.276418685913086,2918500,0.0,0.0
2001-12-03,8.259881509116552,8.386358202560482,8.220965603441497,8.295878410339355,3653000,0.0,0.0
2001-12-04,8.27934013376361,8.410680547257703,8.27934013376361,8.333822250366211,3903200,0.0,0.0
2001-12-05,8.362102958251496,8.464495514031377,8.264585494995117,8.264585494995117,8061500,0.02383,0.0
2001-12-06,8.265563398238083,8.327974752632018,8.162195007237909,8.188525199890137,8573600,0.0,0.0
2001-12-07,8.181695651227196,8.306517535811771,8.171943904901559,8.264585494995117,4464700,0.0,0.0
2001-12-10,8.254838069703098,8.327001186414801,8.215831063982147,8.220706939697266,3397800,0.0,0.0
2001-12-11,8.220703940818638,8.327973167419884,8.208027136967608,8.31432056427002,4448800,0.0,0.0
2001-12-12,8.308471407072531,8.309446425935581,8.123188158788272,8.22460651397705,3741200,0.0,0.0
2001-12-13,8.220706939697266,8.296770132469286,8.20120343683679,8.220706939697266,3579200,0.0,0.0
2001-12-14,8.230455066733512,8.235330940301473,8.09588142464142,8.11830997467041,4291800,0.0,0.0
2001-12-17,8.079305416386962,8.162194503327092,8.040298419878884,8.062726974487305,6219100,0.0,0.0
2001-12-18,8.02079297470807,8.103682041528229,7.967158367528388,7.97691011428833,7529400,0.0,0.0
2001-12-19,7.976912479464914,8.035422977373091,7.947657230510826,7.99544095993042,11201700,0.0,0.0
2001-12-20,7.996412409004105,8.190471515922571,7.961306282059215,8.02956771850586,5510600,0.0,0.0
2001-12-21,8.045173432904658,8.132938385009766,8.031520829460947,8.132938385009766,7676300,0.0,0.0
2001-12-24,8.113434451699565,8.118310325478221,7.990563369244709,7.9944634437561035,1539400,0.0,0.0
2001-12-26,7.9671619166537875,8.064679427694259,7.9622860411017635,7.9720377922058105,4244000,0.0,0.0
2001-12-27,7.957406620768445,8.006165354568157,7.872566736212688,7.97691011428833,5709500,0.0,0.0
2001-12-28,8.011044708107613,8.181699569903166,8.003242995054697,8.142692565917969,3292100,0.0,0.0
2001-12-31,8.191449564830744,8.220704811547956,8.157318443660666,8.193400382995605,4011400,0.0,0.0
2002-01-02,8.152442191365529,8.152442191365529,7.933028631795164,8.024694442749023,7510900,0.0,0.0
2002-01-03,7.986661428526875,8.006164920990539,7.702885769308431,7.80137825012207,13026600,0.0,0.0
2002-01-04,7.889145133966307,7.889145133966307,7.508827755269282,7.789677619934082,19375000,0.0,0.0
2002-01-07,7.790654355284384,7.830636373435445,7.64535390741635,7.718492031097412,10955800,0.0,0.0
2002-01-08,7.801378563688581,7.845261423495639,7.742868864585175,7.816006183624268,6649700,0.0,0.0
2002-01-09,7.806256072782047,7.849163923045829,7.777000826780311,7.778951644897461,9350000,0.0,0.0
2002-01-10,7.7779733152512645,7.848185563511866,7.7779733152512645,7.836483001708984,4763500,0.0,0.0
2002-01-11,7.84038791551084,7.869643164208082,7.786753292899231,7.859891414642334,6816700,0.0,0.0
2002-01-14,7.908649921417236,7.9856888967664235,7.864767049708915,7.908649921417236,5330100,0.0,0.0
2002-01-15,7.879395113742055,8.05492661038025,7.879395113742055,8.050050735473633,5440900,0.0,0.0
2002-01-16,8.050051530398905,8.186575260625998,8.02567215345841,8.10368537902832,6861200,0.0,0.0
2002-01-17,8.167069885664013,8.264587371056864,8.143666313681322,8.236307144165039,7834900,0.0,0.0
2002-01-18,8.274336881903213,8.367953486434988,8.26946100895219,8.316268920898438,9516200,0.0,0.0
2002-01-22,8.410863919104914,8.532759999843552,8.386484546829283,8.503504753112793,8643300,0.0,0.0
2002-01-23,8.503504753112793,8.576642869939688,8.475225305784678,8.503504753112793,6088100,0.0,0.0
2002-01-24,8.51325609525469,8.51325609525469,8.35722890078524,8.386484146118164,8283100,0.0,0.0
2002-01-25,8.38160657005373,8.578590755736851,8.35235133066093,8.552261352539062,6423000,0.0,0.0
2002-01-28,8.5425125220189,8.57664364629432,8.484002023261034,8.568841934204102,5616400,0.0,0.0
2002-01-29,8.562012041198345,8.678057965913933,8.420611734935969,8.532756805419922,9481800,0.0,0.0
2002-01-30,8.51325924406399,8.909179440575006,8.49863161598719,8.878949165344238,11997500,0.0,0.0
2002-01-31,8.844812514737201,8.845787533206037,8.695611269826873,8.77655029296875,12660600,0.0,0.0
2002-02-01,8.776550882974671,8.83018548939834,8.747295643107215,8.752171516418457,6580000,0.0,0.0
2002-02-04,8.70048649391285,8.714139093376163,8.533731806443203,8.595168113708496,6517900,0.0,0.0
2002-02-05,8.586393093132187,8.620524208253308,8.476198818410486,8.581517219543457,5781700,0.0,0.0
2002-02-06,8.654657716520298,8.654657716520298,8.366981875877732,8.57469367980957,7405100,0.0,0.0
2002-02-07,8.484000971394964,8.773627592081981,8.467423311058077,8.665383338928223,6682400,0.0,0.0
2002-02-08,8.727791689221151,8.962807812631475,8.727791689221151,8.922825813293457,9502800,0.0,0.0
2002-02-11,8.971587586159012,9.151994153642747,8.958910000791853,9.088607788085938,10092900,0.0,0.0
2002-02-12,9.034970883502588,9.117859937365761,8.917949940675667,8.922825813293457,5044700,0.0,0.0
2002-02-13,8.971588512115495,9.069106007652278,8.922829764347105,9.049602508544922,9948500,0.0,0.0
2002-02-14,9.015471035497255,9.083732499086326,8.9637864526112,8.999868392944336,3899000,0.0,0.0
2002-02-15,9.000843732495746,9.078856948040478,8.97158848392663,9.021322250366211,3565700,0.0,0.0
2002-02-19,9.005716114774636,9.030095479127736,8.911124493340317,8.916000366210938,4853400,0.0,0.0
2002-02-20,8.864317107547688,8.996940713040747,8.747296141411567,8.991089820861816,10233100,0.0,0.0
2002-02-21,8.991090720818708,8.996941613583278,8.835062750353039,8.858467102050781,7123900,0.0,0.0
2002-02-22,8.85846582147336,8.961834180836071,8.83993734653114,8.887721061706543,5588700,0.0,0.0
2002-02-25,8.903324191343447,9.061302185058594,8.903324191343447,9.061302185058594,5886700,0.0,0.0
2002-02-26,9.069108009338379,9.20075587673009,9.054480381779328,9.069108009338379,6584200,0.0,0.0
2002-02-27,9.088653302639331,9.123835111692337,9.00656189330089,9.064221382141113,6224100,0.02383,0.0
2002-02-28,9.064221382141113,9.108198056715764,9.042720822709397,9.064221382141113,3824300,0.0,0.0
2002-03-01,9.065199592906767,9.148268132592634,9.059336087746331,9.147290229797363,6565700,0.0,0.0
2002-03-04,9.186378960389073,9.269447478852852,9.170742689848534,9.265538215637207,7976800,0.0,0.0
2002-03-05,9.245015409866069,9.408220301121764,9.220583493071981,9.269447326660156,9168700,0.0,0.0
2002-03-06,9.254790340310947,9.396495490846664,9.254790340310947,9.2938814163208,5547500,0.0,0.0
2002-03-07,9.303654344222773,9.347631805484959,9.159017829909356,9.201040267944336,5768300,0.0,0.0
2002-03-08,9.201041206752574,9.201041206752574,8.955745614359724,9.073018074035645,9074700,0.0,0.0
2002-03-11,9.113083151013903,9.291925096677689,9.09940190332896,9.1375150680542,7975900,0.0,0.0
2002-03-12,9.15705938396395,9.27530969024944,9.117968321897877,9.25185489654541,4906200,0.0,0.0
2002-03-13,9.230355857755553,9.245015007193517,9.035878434402823,9.197128295898438,4815600,0.0,0.0
2002-03-14,9.197130258327919,9.28410805334971,9.167811953196223,9.255766868591309,5128700,0.0,0.0
2002-03-15,9.28410815391128,9.463926468142335,9.28117601043749,9.460017204284668,9779000,0.0,0.0
2002-03-18,9.450244707057486,9.543086010311683,9.290949045604123,9.397472381591797,6778900,0.0,0.0
2002-03-19,9.396495225861523,9.420927147678691,9.325153701226519,9.358381271362305,2505600,0.0,0.0
2002-03-20,9.352517468938691,9.41017617673442,9.288994474235729,9.2948579788208,2613800,0.0,0.0
2002-03-21,9.313427820983767,9.3183142059397,9.191268197085453,9.285086631774902,2128700,0.0,0.0
2002-03-22,9.323201605775676,9.443406219383162,9.236223787627623,9.380860328674316,4625000,0.0,0.0
2002-03-25,9.381837788502379,9.396496944273515,9.303655624389648,9.303655624389648,3982100,0.0,0.0
2002-03-26,9.30463041244537,9.480540237601058,9.303653292103375,9.441449165344238,3794900,0.0,0.0
2002-03-27,9.441449127445605,9.587062745160049,9.435584840772917,9.578267097473145,5029600,0.0,0.0
2002-03-28,9.582179769634495,9.69847512464155,9.508883983375053,9.557747840881348,6277000,0.0,0.0
2002-04-01,9.518655292582936,9.543087217582753,9.479564212583226,9.508882522583008,2410700,0.0,0.0
2002-04-02,9.50399398803711,9.528425907511089,9.46490291687874,9.50399398803711,3134300,0.0,0.0
2002-04-03,9.50399472602482,9.528426647395944,9.417017711801348,9.431676864624023,3122500,0.0,0.0
2002-04-04,9.430696497038834,9.486401732598793,9.311469064838723,9.363265037536621,8990800,0.0,0.0
2002-04-05,9.367175518104725,9.372061901737027,9.291925523096104,9.316356658935547,4996900,0.0,0.0
2002-04-08,9.245014352190655,9.332969242586895,9.235241586591071,9.243060111999512,6010900,0.0,0.0
2002-04-09,9.245017194940973,9.438517543918962,9.227426680845978,9.401381492614746,10655300,0.0,0.0
2002-04-10,9.43069822961517,9.616380817617417,9.418971221196502,9.50399398803711,6972000,0.0,0.0
2002-04-11,9.552859239755545,9.632018514093668,9.460995834805406,9.474677085876465,7694700,0.0,0.0
2002-04-12,9.474677806302171,9.518655271203066,9.441451014234877,9.471746444702148,2740600,0.0,0.0
2002-04-15,9.474677585734508,9.482496114463789,9.288995742797852,9.288995742797852,3185500,0.0,0.0
2002-04-16,9.33297109499417,9.509857248668634,9.330038951803548,9.499107360839844,2953000,0.0,0.0
2002-04-17,9.498131286448455,9.499108406845561,8.912743854564688,9.152175903320312,41528400,0.0,0.0
2002-04-18,9.152173461480348,9.293878568596401,8.990923604670256,9.242082595825195,14849800,0.0,0.0
2002-04-19,9.308539709377822,9.459039712246332,9.28410778913006,9.391608238220215,5776700,0.0,0.0
2002-04-22,9.411155544571754,9.509859582151492,9.398450630724385,9.430700302124023,5459400,0.0,0.0
2002-04-23,9.43167826544141,9.5772919125825,9.411155604906021,9.508882522583008,7500000,0.0,0.0
2002-04-24,9.513766470774716,9.606607761994125,9.507902966741065,9.531357765197754,3468400,0.0,0.0
2002-04-25,9.489336206249202,9.508881744650013,9.381836527366964,9.435585975646973,4092900,0.0,0.0
2002-04-26,9.436562531357675,9.440471012622124,9.289971014277498,9.347630500793457,4795400,0.0,0.0
2002-04-29,9.40626750285385,9.40626750285385,9.259675979614258,9.259675979614258,5469500,0.0,0.0
2002-04-30,9.284108474606898,9.396495316044502,9.238176774078667,9.36717700958252,8317600,0.0,0.0
2002-05-01,9.347629851703452,9.354470475763344,9.25478856399948,9.339811325073242,3344100,0.0,0.0
2002-05-02,9.357401580436171,9.408219650927068,9.332969665330555,9.402356147766113,7917200,0.0,0.0
2002-05-03,9.420924991163668,9.478583687595961,9.372061158714603,9.440469741821289,5709500,0.0,0.0
2002-05-06,9.36229268967841,9.484451544552087,9.36229268967841,9.380860328674316,3652200,0.0,0.0
2002-05-07,9.380857936036103,9.489335509733927,9.374017311026808,9.460017204284668,5058200,0.0,0.0
2002-05-08,9.51376537980805,9.56751559487667,9.43069686561109,9.5528564453125,5699500,0.0,0.0
2002-05-09,9.508880823797705,9.591949353956686,9.469789750781713,9.563608169555664,4550300,0.0,0.0
2002-05-10,9.55285779704183,9.621267171354546,9.462948646588245,9.46685791015625,3547300,0.0,0.0
2002-05-13,9.447313332929546,9.591949841040133,9.406268017107315,9.573381423950195,2809400,0.0,0.0
2002-05-14,9.58901531626531,9.742447434614084,9.528424477988953,9.721924781799316,3877100,0.0,0.0
2002-05-15,9.721928025039094,9.75808695956956,9.580223648398967,9.596837043762207,3945100,0.0,0.0
2002-05-16,9.67501643666302,9.747334285065612,9.65253876011279,9.712152481079102,3541400,0.0,0.0
2002-05-17,9.704336660494757,9.74831411977499,9.665245585578996,9.73169994354248,3230000,0.0,0.0
2002-05-20,9.69944821072353,9.714107360695412,9.5039928777651,9.577288627624512,4305200,0.0,0.0
2002-05-21,9.577287091452579,9.645696447015347,9.553832298795252,9.55871868133545,4696400,0.0,0.0
2002-05-22,9.587062247156123,9.670130771053394,9.531357785236201,9.637880325317383,7076100,0.0,0.0
2002-05-23,9.645700159642965,9.651563664483685,9.526472692700276,9.58217716217041,4110500,0.0,0.0
2002-05-24,9.55774559065204,9.640814128855485,9.428745350135577,9.435585975646973,4667900,0.0,0.0
2002-05-28,9.445359457029936,9.504973197182855,9.396496389665842,9.430700302124023,4594000,0.0,0.0
2002-05-29,9.430699890665341,9.53820035528515,9.430699890665341,9.50106430053711,4421900,0.0,0.0
2002-05-30,9.500086851780454,9.548950701670337,9.435586726390264,9.471746444702148,6245100,0.0,0.0
2002-05-31,9.484444944271209,9.493240588492856,9.412127115235446,9.428740501403809,3492700,0.0,0.0
2002-06-03,9.420925849810896,9.474675288081723,9.186379432678223,9.186379432678223,5608800,0.0,0.0
2002-06-04,9.113083839416504,9.152174909633919,8.933265542274063,9.113083839416504,9712600,0.0,0.0
2002-06-05,9.18654249520305,9.357933622951496,9.181645605838808,9.308964729309082,5101000,0.02383,0.0
2002-06-06,9.34324272564721,9.352057283087415,9.250201830009134,9.304067611694336,3470000,0.0,0.0
2002-06-07,9.289374332191702,9.318755659395599,9.221797122821975,9.261951446533203,4244000,0.0,0.0
2002-06-10,9.261950354744481,9.299167011750553,9.218858373794793,9.221796035766602,4170900,0.0,0.0
2002-06-11,9.196333447715588,9.20612722343425,8.956386726612218,9.000458717346191,6177100,0.0,0.0
2002-06-12,9.00143989985648,9.142469673737626,9.00046067887197,9.127779006958008,7625900,0.0,0.0
2002-06-13,9.127778654521416,9.13267554325888,9.00046033135132,9.01123332977295,3957700,0.0,0.0
2002-06-14,8.863344409608292,9.01123024200467,8.844736865985118,8.982828140258789,4792100,0.0,0.0
2002-06-17,8.982832423374687,9.17185188359606,8.980873981218553,9.16695499420166,5324300,0.0,0.0
2002-06-18,9.147367155882842,9.34324272564721,9.142470266638732,9.304067611694336,5153000,0.0,0.0
2002-06-19,9.304063732945147,9.402001476998295,9.28251774285494,9.343238830566406,9058800,0.0,0.0
2002-06-20,9.284479422264702,9.377520311564888,9.236489754140651,9.297211647033691,6535500,0.0,0.0
2002-06-21,9.108191538591846,9.255097411147561,9.108191538591846,9.136592864990234,8059000,0.0,0.0
2002-06-24,9.137569155408936,9.397104165429372,9.080765736825539,9.22277545928955,7599000,0.0,0.0
2002-06-25,9.206128818865267,9.29231437372705,9.157159931785607,9.197314262390137,8200900,0.0,0.0
2002-06-26,9.010254266662564,9.242366483282764,9.010254266662564,9.225716590881348,7145800,0.0,0.0
2002-06-27,9.206129272902162,9.4999418258667,9.181644828154784,9.4999418258667,8660900,0.0,0.0
2002-06-28,9.452928857013658,9.59983469012638,9.392207768873684,9.490144729614258,11488800,0.0,0.0
2002-07-01,9.328552057914882,9.544993621699659,9.2844800547179,9.304067611694336,10552000,0.0,0.0
2002-07-02,9.299169906517847,9.303087574370197,8.924068693733822,8.956388473510742,7322000,0.0,0.0
2002-07-03,8.956391728117543,8.956391728117543,8.624383173054921,8.831031799316406,14347800,0.0,0.0
2002-07-05,8.912316895357707,9.113089346237985,8.912316895357707,9.084687232971191,3277800,0.0,0.0
2002-07-08,9.093500597786324,9.152262474628245,8.892728173229745,8.957366943359375,4007200,0.0,0.0
2002-07-09,8.936800251655843,9.10917056826635,8.818295707986364,8.823192596435547,6539700,0.0,0.0
2002-07-10,8.833963426370328,8.917210509577648,8.780098450651668,8.814375877380371,10488300,0.0,0.0
2002-07-11,8.789895617266076,8.871184297796544,8.657680382771469,8.863348960876465,9726100,0.0,0.0
2002-07-12,8.843761219044833,8.882936334824036,8.726236655711304,8.739947319030762,5779200,0.0,0.0
2002-07-15,8.716439413745576,8.716439413745576,8.500976362562927,8.618501663208008,13067700,0.0,0.0
2002-07-16,8.618504405564492,8.767369520148076,8.525463512948747,8.677267074584961,6930900,0.0,0.0
2002-07-17,8.74582347896448,8.775204813330893,8.349176249021923,8.427526473999023,16708200,0.0,0.0
2002-07-18,8.447114172367392,8.598916951810617,8.216960382624784,8.273764610290527,10266700,0.0,0.0
2002-07-19,8.273764486774356,8.371701484177457,8.202269592745557,8.233610153198242,10019000,0.0,0.0
2002-07-22,8.233608494708347,8.337421581284078,8.089640298640905,8.096495628356934,9806700,0.0,0.0
2002-07-23,8.177784809383787,8.226753698063328,7.90355981678234,7.957425594329834,10749300,0.0,0.0
2002-07-24,7.93294138334223,8.324691720298144,7.810519158042256,8.316856384277344,16188600,0.0,0.0
2002-07-25,8.314895718165394,8.421647242869351,8.030877015444162,8.303143501281738,12047000,0.0,0.0
2002-07-26,8.300205144185284,8.528399643153778,8.285514480921071,8.525461196899414,7702300,0.0,0.0
2002-07-29,8.505875966730512,8.93680142272274,8.505875966730512,8.824172973632812,8941200,0.0,0.0
2002-07-30,8.745821555677114,8.960304622181898,8.706646451803532,8.815357208251953,9755500,0.0,0.0
2002-07-31,8.814379490900865,8.912317276000977,8.721339379059803,8.912317276000977,8179900,0.0,0.0
2002-08-01,8.907418647695724,9.191437385031275,8.794790216819738,9.07880973815918,8964700,0.0,0.0
2002-08-02,9.010254123217765,9.108191898123469,8.946594569529058,9.038656234741211,9455800,0.0,0.0
2002-08-05,9.038655790894087,9.038655790894087,8.715461933579801,8.71644115447998,6604300,0.0,0.0
2002-08-06,8.721339146343665,8.87314192519416,8.646906588454513,8.760514259338379,9141900,0.0,0.0
2002-08-07,8.843759471601413,8.858450137115875,8.53525627980159,8.71644115447998,6868800,0.0,0.0
2002-08-08,8.759531629677818,9.020045896233556,8.716439645498571,8.978912353515625,6497700,0.0,0.0
2002-08-09,8.954427067562396,9.128755781249295,8.819272667419902,9.082724571228027,3849400,0.0,0.0
2002-08-12,9.059221532368879,9.073912196207482,8.945613888817775,9.044530868530273,3656400,0.0,0.0
2002-08-13,9.029840371773629,9.255096437463038,9.022005037313194,9.06509780883789,7256600,0.0,0.0
2002-08-14,9.034736687655188,9.395146369934082,8.994582365097026,9.395146369934082,6688300,0.0,0.0
2002-08-15,9.328551482109605,9.3902518123745,9.259995036923724,9.353035926818848,4905400,0.0,0.0
2002-08-16,9.333445231386623,9.441176751867632,9.283497137782538,9.340300559997559,5344400,0.0,0.0
2002-08-19,9.339322319491655,9.558702266110062,9.307982551118686,9.557723045349121,4739200,0.0,0.0
2002-08-20,9.490146958542544,9.570456398497186,9.414735190979142,9.55478572845459,5506400,0.0,0.0
2002-08-21,9.548907331168259,9.548907331168259,9.108189049916797,9.205146789550781,23582100,0.0,0.0
2002-08-22,9.25999512073312,9.27566500868806,9.10819234616589,9.191438674926758,8384700,0.0,0.0
2002-08-23,9.167931449940586,9.18555977453322,8.941695404306907,8.98968505859375,5936200,0.0,0.0
2002-08-26,9.044532382739074,9.059223049037145,8.809481721969927,9.019068717956543,6953500,0.0,0.0
2002-08-27,9.039633000009816,9.11406553191724,8.857468944972142,8.898602485656738,6420500,0.0,0.0
2002-08-28,8.882936698458343,9.00633816141361,8.847679249614568,8.986750602722168,4856700,0.0,0.0
2002-08-29,8.961285171936366,9.107211828303303,8.93288306061522,9.054326057434082,6477600,0.0,0.0
2002-08-30,9.04453339436204,9.109172176502552,8.975976943969727,8.975976943969727,4429500,0.0,0.0
2002-09-03,8.961284200683897,9.003396968626701,8.809480667114258,8.809480667114258,8141300,0.0,0.0
2002-09-04,8.814392074699729,9.079413409699256,8.760407032951106,9.052910804748535,5252900,0.02383,0.0
2002-09-05,9.020519343436074,9.143213614250659,8.93217890270868,9.06567096710205,7646000,0.0,0.0
2002-09-06,9.099043523241706,9.192290973753709,9.049965504155818,9.081375122070312,7376600,0.0,0.0
2002-09-09,9.084321748976347,9.369954928451879,9.064690537816407,9.30124568939209,4045000,0.0,0.0
2002-09-10,9.307133836793462,9.344433448054607,9.211922787799665,9.280632019042969,4731600,0.0,0.0
2002-09-11,9.364063950434186,9.40823416718639,9.319893733681981,9.369953155517578,3622000,0.0,0.0
2002-09-12,9.36995391496498,9.39940072851982,9.272779273083762,9.374861717224121,7980100,0.0,0.0
2002-09-13,9.335599228708011,9.722333415209091,9.335599228708011,9.711536407470703,12442400,0.0,0.0
2002-09-16,9.673255279783675,9.674236683066365,9.47007258446673,9.496574401855469,7131500,0.0,0.0
2002-09-17,9.580005999929195,9.580005999929195,9.226645068137671,9.26099967956543,6604300,0.0,0.0
2002-09-18,9.089229622242582,9.214868903189585,9.030335988306112,9.156956672668457,11474500,0.0,0.0
2002-09-19,9.089227870241407,9.183457509226185,9.006776641473033,9.084320068359375,4359000,0.0,0.0
2002-09-20,9.084321045432423,9.154011682502686,8.944939771291898,8.989109992980957,7432800,0.0,0.0
2002-09-23,8.98910896036515,9.268852879842598,8.90862053863814,9.226645469665527,9089000,0.0,0.0
2002-09-24,9.202106864569185,9.207014666630839,8.858561506004547,8.909603118896484,9039400,0.0,0.0
2002-09-25,8.95671800154471,9.123583280104802,8.814391734537573,8.942975997924805,9848600,0.0,0.0
2002-09-26,8.956716851933077,9.176585738625961,8.888007628403763,9.069596290588379,6631200,0.0,0.0
2002-09-27,9.03033770017498,9.138308597108406,9.005798681382956,9.045061111450195,5874100,0.0,0.0
2002-09-30,8.976350730981583,9.226647905459677,8.878194668146493,9.142233848571777,9351700,0.0,0.0
2002-10-01,9.275726647343824,9.550562858581543,9.168737159259912,9.550562858581543,11418300,0.0,0.0
2002-10-02,9.472036101664573,9.614362375117995,9.374862240114645,9.40725326538086,6519600,0.0,0.0
2002-10-03,9.408233655095106,9.481849893257326,9.18934617544341,9.261981010437012,9018500,0.0,0.0
2002-10-04,9.280633043227432,9.280633043227432,9.09119232762978,9.136343955993652,9402900,0.0,0.0
2002-10-07,9.113767459847743,9.496574459513948,9.113767459847743,9.210941314697266,10182700,0.0,0.0
2002-10-08,9.30516883429241,9.717423338713845,9.30516883429241,9.57706069946289,11730600,0.0,0.0
2002-10-09,9.501482407872459,9.535837023762236,9.270816486935194,9.279650688171387,9277800,0.0,0.0
2002-10-10,9.269838679633905,9.364068362621099,9.214871430037338,9.236465454101562,12679900,0.0,0.0
2002-10-11,9.324802827165778,9.516206340519686,9.324802827165778,9.479888916015625,10610000,0.0,0.0
2002-10-14,9.472035725216507,9.64871660937822,9.451423112547893,9.560376167297363,6914900,0.0,0.0
2002-10-15,9.668347552874259,9.791042607946087,9.570191508816796,9.663439750671387,11423300,0.0,0.0
2002-10-16,9.663438675617217,9.691904082377361,9.410196581572798,9.54565143585205,11472900,0.0,0.0
2002-10-17,9.692886128379719,9.899013025887713,9.47203503917344,9.888216018676758,16736700,0.0,0.0
2002-10-18,9.877417963108593,10.360344526865047,9.864657365008341,10.32108211517334,15168700,0.0,0.0
2002-10-21,10.322065089079526,10.365253905662904,10.144402806288944,10.257282257080078,9935900,0.0,0.0
2002-10-22,10.218018093075921,10.453592558813328,10.1709036713791,10.325989723205566,7620900,0.0,0.0
2002-10-23,10.34071306259506,10.492854118347168,10.215073819772105,10.492854118347168,8251300,0.0,0.0
2002-10-24,10.493836426295708,10.493836426295708,10.134585521368178,10.22783374786377,8629800,0.0,0.0
2002-10-25,10.236673584503139,10.462431787216422,10.18366914310457,10.420225143432617,6306400,0.0,0.0
2002-10-28,10.38488473819279,10.497763399142455,10.181702048431703,10.242558479309082,5341100,0.0,0.0
2002-10-29,10.085510949587423,10.132625383933433,9.938276868972434,10.02072811126709,7902100,0.0,0.0
2002-10-30,10.021709972922727,10.197408688556507,10.021709972922727,10.126736640930176,6324800,0.0,0.0
2002-10-31,10.102198282639028,10.155202714677765,10.018765627722013,10.084529876708984,4710700,0.0,0.0
2002-11-01,9.962815274991751,10.118882762327411,9.962815274991751,10.104159355163574,6028500,0.0,0.0
2002-11-04,10.095327008270962,10.242560309745839,10.023672771520328,10.08060359954834,5060700,0.0,0.0
2002-11-05,10.100231411635688,10.243538265399943,10.090415809124348,10.187589645385742,4264100,0.0,0.0
2002-11-06,10.164034066640983,10.250411700245563,10.004040185289846,10.18366527557373,7528500,0.0,0.0
2002-11-07,10.159127814309185,10.159127814309185,10.085511555331548,10.124773979187012,7313600,0.0,0.0
2002-11-08,10.125753484732469,10.24746634727031,10.125753484732469,10.144402503967285,4544500,0.0,0.0
2002-11-11,10.110049850871357,10.129681061402252,10.03741421475679,10.07078742980957,3454100,0.0,0.0
2002-11-12,10.080602432706238,10.110049246742976,10.011893199953844,10.012874603271484,7166700,0.0,0.0
2002-11-13,10.011896837452262,10.065882682800293,9.987357816839522,10.065882682800293,6023500,0.0,0.0
2002-11-14,10.154219740520093,10.31715863802451,10.139496331966958,10.247467994689941,6700900,0.0,0.0
2002-11-15,10.248448021736035,10.375069475437904,10.208204200912508,10.306360244750977,5806100,0.0,0.0
2002-11-18,10.379978970154072,10.403535795915415,10.097289989255714,10.100234985351562,6342500,0.0,0.0
2002-11-19,10.208204200912508,10.446722915989248,10.186610185568538,10.306360244750977,5812800,0.0,0.0
2002-11-20,10.23274428001494,10.433964190888098,10.23274428001494,10.302434921264648,4953200,0.0,0.0
2002-11-21,10.286727377842325,10.427090026455222,10.139493335817612,10.20329475402832,11571900,0.0,0.0
2002-11-22,9.913737257463428,10.088454551135465,9.665402927925044,9.678163528442383,22516000,0.0,0.0
2002-11-25,9.717426870103191,9.912756795211365,9.6290864186769,9.890180587768555,14935400,0.0,0.0
2002-11-26,9.889196337601973,9.890177740740597,9.594729036698931,9.604544639587402,10137400,0.0,0.0
2002-11-27,9.605526467801733,9.668346486218164,9.492647815340174,9.57215404510498,10705700,0.0,0.0
2002-11-29,9.598655966688858,9.63399198189445,9.530928145856631,9.592766761779785,1732500,0.0,0.0
2002-12-02,9.619269287819854,9.864658606012647,9.592767470894387,9.812636375427246,6874600,0.0,0.0
2002-12-03,9.717426259591488,9.992262416566065,9.712518457042812,9.953981399536133,6567400,0.0,0.0
2002-12-04,9.93331497377661,10.05631322296636,9.909699152393594,9.91363525390625,6434000,0.02978,0.0
2002-12-05,9.933312522256221,9.948072308516307,9.716836444801016,9.879193305969238,5024600,0.0,0.0
2002-12-06,9.880183652336472,10.007117257639957,9.750297772991575,9.902814865112305,3543900,0.0,0.0
2002-12-09,9.902809762333991,9.912649620477453,9.77194012164163,9.826059341430664,2692700,0.0,0.0
2002-12-10,9.826058804247474,10.023838996887207,9.808346745480438,10.023838996887207,3717700,0.0,0.0
2002-12-11,10.024822745095202,10.153724721160165,9.903792970128919,10.118301391601562,7545300,0.0,0.0
2002-12-12,10.075992110561135,10.110431617489567,9.89395471679657,9.899858474731445,3830100,0.0,0.0
2002-12-13,9.899857207228058,10.036631389056573,9.869353805392587,9.979559898376465,4190200,0.0,0.0
2002-12-16,10.051388430133073,10.129122655858811,9.961845905582228,10.124202728271484,3418000,0.0,0.0
2002-12-17,10.105510379505244,10.3082105059506,10.105510379505244,10.294434547424316,8164800,0.0,0.0
2002-12-18,10.29443768632291,10.306245991957113,10.120273252071566,10.199975967407227,4086100,0.0,0.0
2002-12-19,10.184228276931252,10.2531072806683,10.120269989725305,10.244251251220703,4579700,0.0,0.0
2002-12-20,10.282629782598766,10.420387829311807,10.282629782598766,10.388899803161621,7979300,0.0,0.0
2002-12-23,10.38988527626208,10.396772864088595,10.28066297347016,10.30329418182373,4409300,0.0,0.0
2002-12-24,10.301323427472385,10.325923073303912,10.25507640838623,10.25507640838623,1519300,0.0,0.0
2002-12-26,10.267871960518582,10.449909414291072,10.266888131820597,10.417437553405762,3793200,0.0,0.0
2002-12-27,10.41054843530999,10.430228157150808,10.170456459006404,10.221623420715332,2736400,0.0,0.0
2002-12-30,10.221623371383574,10.317069706773701,10.179311654552821,10.280662536621094,3225800,0.0,0.0
2002-12-31,10.258029861632775,10.287549442294974,10.11338423146518,10.21965503692627,4688000,0.0,0.0
2003-01-02,10.135031135004395,10.353474901943668,10.107479214738703,10.33281135559082,12690000,0.0,0.0
2003-01-03,10.292469568185552,10.463682509128711,10.263933815464041,10.383979797363281,6666500,0.0,0.0
2003-01-06,10.356428953665267,10.666383777585256,10.356428953665267,10.583728790283203,6578300,0.0,0.0
2003-01-07,10.584713506261606,10.60931315820876,10.415468215942383,10.415468215942383,4261600,0.0,0.0
2003-01-08,10.416450838449247,10.661462713320665,10.390867360924899,10.500089645385742,7479000,0.0,0.0
2003-01-09,10.532560023061015,10.586679247551219,10.366267036145391,10.47253704071045,7000500,0.0,0.0
2003-01-10,10.469586423997935,10.689998653685253,10.395787475390243,10.607343673706055,6048700,0.0,0.0
2003-01-13,10.63095617529937,10.706722757134774,10.38200827234543,10.402671813964844,7253200,0.0,0.0
2003-01-14,10.403656848898523,10.573885917663574,10.36626586155772,10.573885917663574,5536600,0.0,0.0
2003-01-15,10.573886819475169,10.573886819475169,10.274756532158657,10.336747169494629,11453600,0.0,0.0
2003-01-16,10.337732060965294,10.419403211838157,10.292468863725531,10.405627250671387,7389200,0.0,0.0
2003-01-17,10.523703181020785,10.828737998753795,10.497135878851136,10.820866584777832,12923400,0.0,0.0
2003-01-21,10.823820716588656,10.875971501600759,10.633911104866664,10.71656608581543,7035800,0.0,0.0
2003-01-22,10.717548240597406,10.758875330771614,10.507959729438499,10.508943557739258,5617200,0.0,0.0
2003-01-23,10.528626104759756,10.62308861318843,10.470571554788439,10.574873924255371,3973700,0.0,0.0
2003-01-24,10.459746626637994,10.508945138310642,10.251141912405181,10.268853187561035,4866800,0.0,0.0
2003-01-27,9.967756336165461,10.346590226387363,9.967756336165461,10.233431816101074,7986000,0.0,0.0
2003-01-28,10.262950943401123,10.390869140625,10.187184326276498,10.390869140625,9606000,0.0,0.0
2003-01-29,10.341667930803098,10.57585611462212,10.204894513711901,10.530592918395996,6596000,0.0,0.0
2003-01-30,10.636860880460766,10.674252654491779,10.346585868379648,10.362329483032227,8327600,0.0,0.0
2003-01-31,10.361345858795914,10.45777599274936,10.233427707224665,10.452856063842773,5990700,0.0,0.0
2003-02-03,10.453842710671632,10.496154425753543,10.28853352745498,10.331829071044922,7428600,0.0,0.0
2003-02-04,10.331827409440137,10.331827409440137,10.099606897322642,10.247204780578613,6557300,0.0,0.0
2003-02-05,10.246220640934832,10.30821127740328,10.08583141861855,10.10452651977539,5699500,0.0,0.0
2003-02-06,10.09567063054143,10.125190204404952,9.957912619178332,9.991368293762207,5840500,0.0,0.0
2003-02-07,9.992352907797892,10.17438950657851,9.992352907797892,10.080911636352539,5722100,0.0,0.0
2003-02-10,10.0818964629726,10.342651957398967,10.0818964629726,10.341668128967285,5482900,0.0,0.0
2003-02-11,10.321985401462403,10.439079067644997,10.200955635007269,10.249170303344727,8880000,0.0,0.0
2003-02-12,10.25016010484411,10.437116691600071,10.246224002580252,10.384965896606445,8190000,0.0,0.0
2003-02-13,10.385949691393698,10.40858090087423,10.246223969180276,10.314118385314941,6995500,0.0,0.0
2003-02-14,10.371187544800204,10.620135518741375,10.341667966157091,10.611279487609863,7894500,0.0,0.0
2003-02-18,10.622101276246664,10.622101276246664,10.453839865606158,10.5286226272583,6129200,0.0,0.0
2003-02-19,10.529606664654146,10.636860478498923,10.460727663920883,10.619149208068848,5846400,0.0,0.0
2003-02-20,10.620135349373518,10.62603910746941,10.490249520492377,10.577823638916016,7610000,0.0,0.0
2003-02-21,10.592582952064728,10.657525863587335,10.469585502899282,10.647686004638672,6130100,0.0,0.0
2003-02-24,10.648672145308781,10.659496622657072,10.483362951690761,10.51583480834961,6496900,0.0,0.0
2003-02-25,10.515834064159906,10.689999277967932,10.420387733463839,10.670319557189941,5856400,0.0,0.0
2003-02-26,10.661465148697953,10.731328010559082,10.627025632092446,10.731328010559082,6599300,0.0,0.0
2003-02-27,10.7323117643133,10.804143070666454,10.654577486100658,10.726408004760742,6921600,0.0,0.0
2003-02-28,10.735263599192578,10.769703114150227,10.678192087899832,10.720503807067871,6559000,0.0,0.0
2003-03-03,10.77658910216932,10.81398088507793,10.617183685965076,10.6339111328125,6197200,0.0,0.0
2003-03-04,10.633908913922673,10.67622061798027,10.563062252102199,10.597501754760742,5054000,0.0,0.0
2003-03-05,10.592568787243959,10.681333541870117,10.56396744237358,10.681333541870117,5762400,0.02978,0.0
2003-03-06,10.680346045152074,10.693167145449003,10.527473431931236,10.528459548950195,7829000,0.0,0.0
2003-03-07,10.290771324340598,10.453505946055747,10.12014618505814,10.346002578735352,28489200,0.0,0.0
2003-03-10,10.326274368033712,10.327260485089816,10.073788925407761,10.094500541687012,17335200,0.0,0.0
2003-03-11,10.119156216003475,10.390381008640448,10.094499344897825,10.277945518493652,16108000,0.0,0.0
2003-03-12,10.217782987242385,10.417010191454478,10.208907145198172,10.40517520904541,10121400,0.0,0.0
2003-03-13,10.503804528029228,10.69908650902354,10.489010402672449,10.66160774230957,14679400,0.0,0.0
2003-03-14,10.662596246475566,10.726704137373519,10.59257086201521,10.698101997375488,6823400,0.0,0.0
2003-03-17,10.699087858699942,10.84308308290704,10.61624058834583,10.814481735229492,10636000,0.0,0.0
2003-03-18,10.815467561301757,10.823357288559725,10.671471551445862,10.72966194152832,10100500,0.0,0.0
2003-03-19,10.729662076365642,10.874644205260068,10.720785442254158,10.869712829589844,9236700,0.0,0.0
2003-03-20,10.866752963876428,10.942695828324503,10.68626510009484,10.828288078308105,9766400,0.0,0.0
2003-03-21,10.942697450997493,11.155732739433363,10.829276590850688,11.131075859069824,12697600,0.0,0.0
2003-03-24,11.132061907892314,11.132061907892314,10.978203133275509,10.996942520141602,9862100,0.0,0.0
2003-03-25,11.021597580527425,11.159676086914976,10.988064071071097,11.065979957580566,8945400,0.0,0.0
2003-03-26,11.05808906628403,11.075842332313178,10.937763830609638,10.976228713989258,6162800,0.0,0.0
2003-03-27,10.952558586983653,11.125156724059838,10.908176208878348,11.087677955627441,6447400,0.0,0.0
2003-03-28,10.99201092995937,11.137979184254535,10.987079554013071,11.046256065368652,5807800,0.0,0.0
2003-03-31,10.94762895538845,11.085707487042692,10.918040698605397,10.939739227294922,8334400,0.0,0.0
2003-04-01,10.957490380549393,11.189264241086878,10.94368237115121,11.18334674835205,7055900,0.0,0.0
2003-04-02,11.292823512741727,11.336219776820665,11.233647004322833,11.272111892700195,8609700,0.0,0.0
2003-04-03,11.337205379640418,11.431887630909443,11.279014991097092,11.366793632507324,7718200,0.0,0.0
2003-04-04,11.391447636030314,11.438788354958893,11.223780912083937,11.235616683959961,8350300,0.0,0.0
2003-04-07,11.342138242231997,11.370740381658557,11.206032734914103,11.207018852233887,6857800,0.0,0.0
2003-04-08,11.144881423968577,11.341149516966249,11.144881423968577,11.292821884155273,5769100,0.0,0.0
2003-04-09,11.317476933512967,11.365804558528334,11.1655912399292,11.1655912399292,5046400,0.0,0.0
2003-04-10,11.193207557023085,11.273095668893442,11.184330924698546,11.241535186767578,3782300,0.0,0.0
2003-04-11,11.282962431779904,11.33720757252821,11.24548444461457,11.258305549621582,2719600,0.0,0.0
2003-04-14,11.273098333111948,11.373698084497892,11.273098333111948,11.354959487915039,6293800,0.0,0.0
2003-04-15,11.369757445492837,11.539395726299443,11.327347283146914,11.490082740783691,8417500,0.0,0.0
2003-04-16,11.573912570703172,11.573912570703172,11.264222769934475,11.301701545715332,7392500,0.0,0.0
2003-04-17,11.342135504338462,11.403284237709938,11.316492512586724,11.347066879272461,8258800,0.0,0.0
2003-04-21,11.348054968358241,11.37665710585082,11.258304086868087,11.28789234161377,8388900,0.0,0.0
2003-04-22,11.26816767242227,11.438792813701987,11.213922534707097,11.414135932922363,7280100,0.0,0.0
2003-04-23,11.42104042509688,11.538406546931295,11.393424402591437,11.418081283569336,8411600,0.0,0.0
2003-04-24,11.430903349769679,11.430903349769679,11.192225054116541,11.224772453308105,9294600,0.0,0.0
2003-04-25,11.241537891069832,11.241537891069832,11.14488339785456,11.167567253112793,4997700,0.0,0.0
2003-04-28,11.192224326156756,11.322412335404382,11.184333808827922,11.248441696166992,6187200,0.0,0.0
2003-04-29,11.248440544735857,11.32734255184571,11.021598063820399,11.102472305297852,10164200,0.0,0.0
2003-04-30,11.080775696992742,11.165595205363983,11.035407196191885,11.046256065368652,10931500,0.0,0.0
2003-05-01,11.061048454032566,11.081760071845355,10.900286097175846,11.064006805419922,5553400,0.0,0.0
2003-05-02,11.064004061063939,11.350023750031792,11.064004061063939,11.32142162322998,7808900,0.0,0.0
2003-05-05,11.346082743462166,11.415122004593902,11.261263237691116,11.35200023651123,6196400,0.0,0.0
2003-05-06,11.327345484328426,11.370741757378573,11.19419831286071,11.229704856872559,5761600,0.0,0.0
2003-05-07,11.233641943075083,11.233641943075083,11.134028356688644,11.186301231384277,4721600,0.0,0.0
2003-05-08,11.036388991781894,11.124166817633089,10.916063781620046,10.944665908813477,5373800,0.0,0.0
2003-05-09,10.97721589232915,10.987078643404322,10.761222275403183,10.784893035888672,12061300,0.0,0.0
2003-05-12,10.79968856205584,11.08077621459961,10.74544342411265,11.08077621459961,9463300,0.0,0.0
2003-05-13,11.056120429642242,11.15474796295166,11.046257676311301,11.15474796295166,6019300,0.0,0.0
2003-05-14,11.04625445666806,11.120225085089961,10.996940704386791,11.065979957580566,8644900,0.0,0.0
2003-05-15,11.09063782785409,11.132061067673282,11.000886948562238,11.072884559631348,7494100,0.0,0.0
2003-05-16,11.125156309975171,11.169538686428538,11.100499434167745,11.121211051940918,9402100,0.0,0.0
2003-05-19,11.095568656921387,11.123183885598634,11.030474659187076,11.095568656921387,5441800,0.0,0.0
2003-05-20,11.105431273742349,11.234633150471236,11.09951378120617,11.223783493041992,7140700,0.0,0.0
2003-05-21,11.194193981848578,11.21589250474132,11.11529277436445,11.130086898803711,7145800,0.0,0.0
2003-05-22,11.133047648526642,11.237592659182647,11.095569665587927,11.23068904876709,5825400,0.0,0.0
2003-05-23,11.230686134431267,11.391448472540626,11.108387886549302,11.233644485473633,4829900,0.0,0.0
2003-05-27,11.199127079062139,11.288877956558752,11.138964454994653,11.252386093139648,6633700,0.0,0.0
2003-05-28,11.307617310403662,11.5147350838355,11.301699817639259,11.37468433380127,7787900,0.0,0.0
2003-05-29,11.371726547277285,11.430903061021311,11.245483791671985,11.342138290405273,7854200,0.0,0.0
2003-05-30,11.490078242065959,11.84710872824169,11.480215490919239,11.835273742675781,23127900,0.0,0.0
2003-06-02,11.684372264755162,11.835272659296997,11.499939940529627,11.638017654418945,16208800,0.0,0.0
2003-06-03,11.55911519989016,11.869791030883789,11.509802240126728,11.869791030883789,9584200,0.0,0.0
2003-06-04,11.862861116545389,11.984688758850098,11.806404500951189,11.984688758850098,7488200,0.06076,0.0
2003-06-05,11.895547979646294,12.113451155182148,11.895547979646294,12.01539421081543,9000000,0.0,0.0
2003-06-06,12.054020659073021,12.177829710048231,12.002516411021483,12.047087669372559,6064600,0.0,0.0
2003-06-09,11.66773743195845,11.934173880350713,11.647927983430527,11.8361177444458,11916900,0.0,0.0
2003-06-10,11.91535714213675,11.972804871576002,11.771739404309715,11.870786666870117,7061000,0.0,0.0
2003-06-11,11.870785213734429,11.99162254211187,11.727166700602584,11.984688758850098,6048700,0.0,0.0
2003-06-12,12.0144040335472,12.143165470898014,11.865833937181781,12.125336647033691,9847800,0.0,0.0
2003-06-13,12.177830197349488,12.403657439633625,12.140191927192763,12.330362319946289,9255200,0.0,0.0
2003-06-16,12.405638885505997,12.752303472085114,12.404648571570334,12.669103622436523,10777800,0.0,0.0
2003-06-17,12.669105493501611,12.674057856796791,12.538363419663078,12.554211616516113,7802200,0.0,0.0
2003-06-18,12.529447018341637,12.529447018341637,12.400685601253638,12.41257095336914,7476500,0.0,0.0
2003-06-19,12.430400735460422,12.462095538809116,12.18674465517164,12.202592849731445,10198700,0.0,0.0
2003-06-20,12.139201964824508,12.154059051966248,11.898517628859592,11.95992660522461,13871900,0.0,0.0
2003-06-23,11.989639829509409,12.031240145941336,11.745984571153416,11.811355590820312,5115500,0.0,3.0
2003-06-24,11.751931095252914,11.945072483152684,11.66278855027504,11.885644912719727,7437300,0.0,0.0
2003-06-25,11.959927870561636,12.004499136702407,11.844042895749839,11.861871719360352,7398400,0.0,0.0
2003-06-26,11.879700933814508,12.025300100561426,11.879700933814508,11.930214881896973,4041900,0.0,0.0
2003-06-27,11.92427021251385,12.06689841312808,11.84998477395284,11.933184623718262,3791800,0.0,0.0
2003-06-30,11.959924734487997,11.959924734487997,11.639012336730957,11.639012336730957,6146000,0.0,0.0
2003-07-01,11.647929550505165,12.102555821076644,11.633072462110396,12.07284164428711,5172100,0.0,0.0
2003-07-02,12.072843916791768,12.58392610942608,12.072843916791768,12.494784355163574,8955800,0.0,0.0
2003-07-03,12.361068916083793,12.52449689779213,12.32541206046999,12.414554595947266,5663400,0.0,0.0
2003-07-07,12.479922661603707,12.726549650120193,12.417522584457757,12.604722023010254,9286800,0.0,0.0
2003-07-08,12.509638220830741,12.54232333729271,12.349181994490863,12.408610343933105,6708200,0.0,0.0
2003-07-09,12.40860835697604,12.417521973656712,12.257065773010254,12.257065773010254,3878800,0.0,0.0
2003-07-10,12.25706964652608,12.343241242382378,12.182784991028056,12.331355094909668,3733600,0.0,0.0
2003-07-11,12.257067509555814,12.372952471675909,12.218439717439399,12.26301097869873,2986800,0.0,0.0
2003-07-14,12.420497879968385,12.52449750977358,12.375926610051872,12.459126472473145,4264400,0.0,0.0
2003-07-15,12.494780344895048,12.494780344895048,12.33432412868194,12.402666091918945,2962500,0.0,0.0
2003-07-16,12.346210087609618,12.405638436222713,12.129297249480166,12.167925834655762,3839100,0.0,0.0
2003-07-17,12.078786649058523,12.164957461202004,12.03421537528383,12.063929557800293,5000000,0.0,0.0
2003-07-18,12.108497319611992,12.20655345916748,11.974783537070419,12.20655345916748,4065700,0.0,0.0
2003-07-21,12.20655575764113,12.280841206374273,12.156041811079707,12.274898529052734,3823400,0.0,0.0
2003-07-22,12.36106716624352,12.569066386245998,12.274896377968094,12.524495124816895,6949900,0.0,0.0
2003-07-23,12.52449689779213,12.539353987038343,12.364040651087251,12.414554595947266,3474500,0.0,0.0
2003-07-24,12.465067169584096,12.476952522519397,12.16792621023246,12.176839828491211,4570800,0.0,0.0
2003-07-25,12.242209631914898,12.367008996804886,12.102553973783252,12.33432388305664,3245600,0.0,0.0
2003-07-28,12.331352944988035,12.331352944988035,12.09661207906181,12.26301097869873,2369900,0.0,0.0
2003-07-29,12.22735630395865,12.396726175418651,12.123356675848234,12.31352710723877,4066000,0.0,0.0
2003-07-30,12.331350864424616,12.447235806992436,12.263008909666066,12.378893852233887,3068800,0.0,0.0
2003-07-31,12.438323447899496,12.479923767310988,12.301638722967107,12.319467544555664,3219600,0.0,0.0
2003-08-01,12.28975347358135,12.40861017080754,12.084725988020343,12.167925834655762,3088100,0.0,0.0
2003-08-04,12.108498256254563,12.289754255322796,11.977756198143528,12.245182991027832,3113600,0.0,0.0
2003-08-05,12.233297080865732,12.33135322354293,12.037184002625892,12.105525970458984,3546100,0.0,0.0
2003-08-06,12.13524149010412,12.173870080259283,12.004499423455677,12.04312801361084,2344100,0.0,0.0
2003-08-07,12.102556594473544,12.280840873718262,12.013414058408411,12.280840873718262,2559300,0.0,0.0
2003-08-08,12.310553592416673,12.331353356454645,12.182783273518213,12.292725563049316,2622800,0.0,0.0
2003-08-11,12.32540927405613,12.361066121608964,12.167924797957335,12.242209434509277,2818700,0.0,0.0
2003-08-12,12.227354332513416,12.34026756194815,12.185754012245226,12.277868270874023,2282300,0.0,0.0
2003-08-13,12.361066542524613,12.361066542524613,12.117411277135808,12.161982536315918,2102600,0.0,0.0
2003-08-14,12.072842155039869,12.206555163364131,11.995584974964444,12.19169807434082,3882700,0.0,0.0
2003-08-15,12.176841911418117,12.182785381787891,12.040157157739525,12.138214111328125,891400,0.0,0.0
2003-08-18,12.150096845915204,12.301638657064405,12.111468261270554,12.20655345916748,1888000,0.0,0.0
2003-08-19,12.20061137947939,12.33729611036234,12.159011851142287,12.32838249206543,3081700,0.0,0.0
2003-08-20,12.328381876339874,12.375924078795633,12.257067383328108,12.28381061553955,2894200,0.0,0.0
2003-08-21,12.283811019523625,12.289753695915358,12.075811795614877,12.105525970458984,2938700,0.0,0.0
2003-08-22,12.087695739645643,12.105523765573666,11.814325539448262,11.86781120300293,3995800,0.0,0.0
2003-08-25,11.826213013519041,11.855927186294185,11.668727739233695,11.76678466796875,4866200,0.0,0.0
2003-08-26,11.751928178125688,11.974783692366348,11.707356916700471,11.95992660522461,2708100,0.0,0.0
2003-08-27,11.885645205117779,12.081758333162295,11.885645205117779,11.989644050598145,3053400,0.0,0.0
2003-08-28,11.989642561601196,11.998556973788327,11.796501192936244,11.980728149414062,2175700,0.0,0.0
2003-08-29,11.974784775847432,11.998556276002152,11.861871537662143,11.939127922058105,2196700,0.0,0.0
2003-09-02,11.956957758600323,12.040156826863685,11.832158363319715,11.882672309875488,5230500,0.0,0.0
2003-09-03,11.906545152645373,11.930417343743448,11.787181012072795,11.915496826171875,6039700,0.06076,0.0
2003-09-04,11.8170222539276,12.010988189480479,11.763308230476227,12.005020141601562,5548400,0.0,0.0
2003-09-05,11.966227394588687,11.99905285440956,11.89460922296029,11.948323249816895,4841300,0.0,0.0
2003-09-08,11.858799151789754,11.900576282389924,11.470866492053826,11.71556282043457,10283200,0.0,0.0
2003-09-09,11.685723868760858,11.69765996641165,11.566359707170188,11.62305736541748,5358400,0.0,0.0
2003-09-10,11.643945340826688,11.781213632508443,11.488772108535288,11.503692626953125,5091800,0.0,0.0
2003-09-11,11.548455523813294,11.548455523813294,11.50369396335974,11.53353500366211,6571900,0.0,0.0
2003-09-12,11.52159562406043,11.590230161202507,11.220202456063458,11.303756713867188,11856200,0.0,0.0
2003-09-15,11.205284402887342,11.348520759913763,11.205284402887342,11.306743621826172,7791500,0.0,0.0
2003-09-16,11.330616140308939,11.605152745236484,11.330616140308939,11.581279754638672,5270500,0.0,0.0
2003-09-17,11.563376599405819,11.75734257441759,11.548456078537933,11.703628540039062,5044500,0.0,0.0
2003-09-18,11.71556618023918,12.025911919266928,11.691693186076806,11.879691123962402,7453800,0.0,0.0
2003-09-19,11.882672158749946,11.939369806982558,11.623055312401299,11.831942558288574,5871300,0.0,0.0
2003-09-22,11.712576511693054,11.84686114791015,11.646926404352115,11.799115180969238,3580300,0.0,0.0
2003-09-23,11.799118914558765,11.975180730357499,11.787182817181812,11.93638801574707,5011200,0.0,0.0
2003-09-24,11.951307911041647,12.070671267385386,11.879688941710647,11.927434921264648,4956300,0.0,0.0
2003-09-25,11.712581081525919,11.769278742653047,11.539503675444902,11.542488098144531,6181000,0.0,0.0
2003-09-26,11.545468403223428,11.727498228767057,11.497723227659582,11.667816162109375,4038900,0.0,0.0
2003-09-29,11.637975002018374,11.802100683539324,11.637975002018374,11.733466148376465,2356700,0.0,0.0
2003-09-30,11.727500627919385,11.751373618720374,11.491756734902456,11.626041412353516,6405700,0.0,0.0
2003-10-01,11.629024871777078,11.969211578369139,11.626040449572603,11.96921157836914,3481800,0.0,0.0
2003-10-02,11.936386466972827,12.079622801993684,11.817022323608398,11.817022323608398,5161400,0.0,0.0
2003-10-03,12.010987114533695,12.06768555498547,11.817021196340177,11.876703262329102,4695600,0.0,0.0
2003-10-06,11.85283225458045,11.894609389235919,11.655881881713867,11.655881881713867,4434200,0.0,0.0
2003-10-07,11.48877162969884,11.623055493592021,11.458930594106898,11.461915016174316,8062100,0.0,0.0
2003-10-08,11.461916683994726,11.778230433263149,11.461916683994726,11.5991849899292,5762400,0.0,0.0
2003-10-09,11.787182065224552,11.799118161840047,11.485788061112412,11.50070858001709,5386400,0.0,0.0
2003-10-10,11.518613988222535,11.56635917289092,11.303758666538174,11.30972671508789,6824600,0.0,0.0
2003-10-13,11.393282169675036,11.5096619072855,11.393282169675036,11.455947875976562,4866200,0.0,0.0
2003-10-14,11.470868740102729,11.470868740102729,11.202300168042697,11.247061729431152,9766400,0.0,0.0
2003-10-15,11.217218352864107,11.33956611742163,11.181409270463623,11.211250305175781,7101600,0.0,0.0
2003-10-16,11.369407416830121,11.48578713640881,11.235123553769627,11.39029598236084,9287400,0.0,0.0
2003-10-17,11.458931975253831,11.697659492492678,11.449979504243093,11.697659492492676,7135100,0.0,0.0
2003-10-20,11.694676979450389,11.71556554961654,11.494742157110261,11.548456192016602,5093100,0.0,0.0
2003-10-21,11.551439768324821,11.614106274822039,11.509662628173828,11.509662628173828,9635700,0.0,0.0
2003-10-22,11.518614341361253,11.667818744761098,11.512646292628569,11.5991849899292,6528800,0.0,0.0
2003-10-23,11.578298334174278,11.936390076276101,11.563377811742084,11.870739936828613,6963600,0.0,0.0
2003-10-24,11.757339722189588,11.86775139057288,11.432073560955454,11.820005416870117,3712900,0.0,0.0
2003-10-27,11.8200080471876,11.891627023679183,11.751374289588723,11.757342338562012,2849700,0.0,0.0
2003-10-28,11.757342389504263,11.80210395140393,11.55442394590901,11.796135902404785,4594800,0.0,0.0
2003-10-29,11.796131917729953,11.891623058272,11.614102105255835,11.855813980102539,3958300,0.0,0.0
2003-10-30,11.858801218591028,11.936388241822732,11.778230569093912,11.849848747253418,3827900,0.0,0.0
2003-10-31,11.861785116088862,11.89162615504625,11.617088755892413,11.685723304748535,3029900,0.0,0.0
2003-11-03,11.694673442487908,11.828957294734556,11.682736551524087,11.733466148376465,4015900,0.0,0.0
2003-11-04,11.652894721684392,11.652894721684392,11.542483862644888,11.590229034423828,6585600,0.0,0.0
2003-11-05,11.593216017668233,11.972196239116565,11.587247173140353,11.948323249816895,4122500,0.0,0.0
2003-11-06,11.948322667512624,11.948322667512624,11.73346736682784,11.861783981323242,3449000,0.0,0.0
2003-11-07,11.861785259189919,11.921467337824701,11.614105269872098,11.620073318481445,2603200,0.0,0.0
2003-11-10,11.649913355781832,11.667817500069923,11.557405823346292,11.614104270935059,2402300,0.0,0.0
2003-11-11,11.578293221420552,11.65587942604488,11.491753751765527,11.575308799743652,3239800,0.0,0.0
2003-11-12,11.575309310472669,11.742418617531706,11.500706727963147,11.733466148376465,4457200,0.0,0.0
2003-11-13,11.667818790144226,11.679755683926704,11.557407101212718,11.60515308380127,2878500,0.0,0.0
2003-11-14,11.605152493377302,11.605152493377302,11.33956756895093,11.36940860748291,4207300,0.0,0.0
2003-11-17,11.29480643521198,11.35150488831385,11.20826773872843,11.288838386535645,3900600,0.0,0.0
2003-11-18,11.291822412873467,11.339567596879846,10.99639644918749,11.026237487792969,6217900,0.0,0.0
2003-11-19,11.038175239222397,11.267950298824958,10.981476783701263,11.247061729431152,6067700,0.0,0.0
2003-11-20,11.1724584133618,11.396266206006064,11.100840238223897,11.30972671508789,5367400,0.0,0.0
2003-11-21,11.30972586396812,11.399248974288714,11.21721912773253,11.354487419128418,3925500,0.0,0.0
2003-11-24,11.37835946587973,11.506675276367218,11.369406996334652,11.387311935424805,4776700,0.0,0.0
2003-11-25,11.399251387520104,11.4022358103375,11.196332931518555,11.196332931518555,6187700,0.0,0.0
2003-11-26,11.223189029260151,11.276903063577103,11.06204772258002,11.115761756896973,6340200,0.0,0.0
2003-11-28,11.130684723799908,11.145605247929586,11.05608210315152,11.079955101013184,3519000,0.0,0.0
2003-12-01,11.070997306763378,11.094870293152123,10.942681497931089,10.966553688049316,7179100,0.0,0.0
2003-12-02,10.89195256544612,11.038173322077375,10.89195256544612,10.981474876403809,7802700,0.0,0.0
2003-12-03,11.04143637171534,11.296261616251323,11.023449130906691,11.266282081604004,5640200,0.06076,0.0
2003-12-04,11.191335854502615,11.272280451145233,11.158358041071816,11.245298385620117,6816200,0.0,0.0
2003-12-05,11.242300548992805,11.464148814111141,11.221315032016692,11.362217903137207,4513100,0.0,0.0
2003-12-08,11.332237141582823,11.377206444521057,11.212319800380447,11.28726863861084,2510600,0.0,0.0
2003-12-09,11.347227191733513,11.350225465323875,11.176344796273371,11.179342269897461,2849700,0.0,0.0
2003-12-10,11.176343917846681,11.203325178174211,11.005460735851166,11.17634391784668,4329000,0.0,0.0
2003-12-11,11.077409977551184,11.092399742607249,10.93051059998818,10.93350887298584,8362900,0.0,0.0
2003-12-12,11.00246219507915,11.065419534268143,10.897534629707815,10.942503929138184,4015100,0.0,0.0
2003-12-15,11.09240105942292,11.11338657299945,10.987473491540273,10.99346923828125,5031600,0.0,0.0
2003-12-16,10.972481713859912,10.97547918669797,10.756629270978882,10.819585800170898,4866500,0.0,0.0
2003-12-17,10.747635252532577,10.825582345779145,10.717655724355598,10.819585800170898,3900100,0.0,0.0
2003-12-18,10.837577060600266,10.855565102843254,10.672689606582644,10.702669143676758,4739800,0.0,0.0
2003-12-19,10.70267279534547,11.047436789592263,10.696677045874203,11.038443565368652,10860100,0.0,0.0
2003-12-22,11.09240046588598,11.272277658287647,10.951496825164574,11.242298126220703,5824300,0.0,0.0
2003-12-23,11.194332602254521,11.488131430270405,11.134373527154738,11.455154418945312,5599000,0.0,0.0
2003-12-24,11.377205848693848,11.401189635664787,11.317247581215817,11.377205848693848,2476700,0.0,0.0
2003-12-26,11.257288499191567,11.380204107313341,11.257288499191567,11.353222846984863,1785400,0.0,0.0
2003-12-29,11.353224041997558,11.587063789367678,11.353224041997558,11.587063789367676,2889700,0.0,0.0
2003-12-30,11.527104211318203,11.527104211318203,11.233305403125604,11.30825424194336,6698100,0.0,0.0
2003-12-31,11.332235156120213,11.34422744811572,11.27227689600713,11.296259880065918,4792600,0.0,0.0
2004-01-02,11.182341231234087,11.293265361405577,11.092402617586986,11.104394912719727,4535500,0.0,0.0
2004-01-05,11.179341566530425,11.260286148748461,11.131374791866438,11.212319374084473,6627600,0.0,0.0
2004-01-06,11.212318602138053,11.308252944827357,11.161353557581188,11.254289627075195,6834300,0.0,0.0
2004-01-07,11.248294651470548,11.248294651470548,11.083407213685579,11.206323623657227,4333200,0.0,0.0
2004-01-08,11.221313999750814,11.362216857909457,11.197330211141704,11.335235595703125,4041100,0.0,0.0
2004-01-09,11.347226225322506,11.494125619413833,11.332236458579874,11.356220245361328,5763300,0.0,0.0
2004-01-12,11.39219630144624,11.413181816321961,11.284270453528427,11.30825424194336,6203400,0.0,0.0
2004-01-13,11.356222039752828,11.515113752324389,11.341232270641667,11.512115478515625,4679000,0.0,0.0
2004-01-14,11.512114081343382,11.647021986970673,11.461149032544098,11.596056938171387,3816700,0.0,0.0
2004-01-15,11.69198979109115,11.69198979109115,11.392195263110985,11.4761381149292,5656400,0.0,0.0
2004-01-16,11.54509179852048,11.602053397708175,11.362217106306382,11.368213653564453,5289000,0.0,0.0
2004-01-20,11.419177045429208,11.419177045429208,11.242298126220703,11.242298126220703,7415500,0.0,0.0
2004-01-21,11.242300911650458,11.320247234357055,11.22131539399739,11.245298385620117,8155600,0.0,0.0
2004-01-22,11.311251810351916,11.392196396960495,11.260286759521792,11.341231346130371,5133700,0.0,0.0
2004-01-23,11.392194652246966,11.467143480214702,11.179340460798283,11.365213394165039,9171200,0.0,0.0
2004-01-26,11.29626312469391,11.560082424846355,11.29626312469391,11.536099433898926,3136800,0.0,0.0
2004-01-27,11.467144784408276,11.566077408570827,11.395194221362548,11.419178009033203,3200600,0.0,0.0
2004-01-28,11.482134201850053,11.674002897436646,11.353222846984863,11.353222846984863,4193300,0.0,0.0
2004-01-29,11.491128221948284,11.491128221948284,11.242298732349921,11.353222846984863,5329900,0.0,0.0
2004-01-30,11.272279972703396,11.542095016737944,11.239302160672311,11.512115478515625,3901200,0.0,0.0
2004-02-02,11.494125878728793,11.916836830427966,11.4731403648089,11.760943412780762,5841100,0.0,0.0
2004-02-03,11.901845946180659,12.150675416392792,11.901845946180659,12.07872486114502,7616100,0.0,0.0
2004-02-04,12.066733084942635,12.066733084942635,11.91983369504028,11.997780799865723,6050100,0.0,0.0
2004-02-05,11.961806654794149,11.961806654794149,11.718972897444914,11.856878280639648,5483800,0.0,0.0
2004-02-06,11.856876317714462,12.081721996569996,11.856876317714462,12.036752700805664,5043900,0.0,0.0
2004-02-09,12.006777077607039,12.08772087097168,11.928829958123092,12.08772087097168,5352500,0.0,0.0
2004-02-10,12.081724238915497,12.177658594358084,11.99178643066067,12.072731018066406,4330700,0.0,0.0
2004-02-11,12.042751307690873,12.24661151006843,12.036754760589906,12.231621742248535,5754600,0.0,0.0
2004-02-12,12.2615983209354,12.27658808514043,12.132686188778935,12.216629028320312,4770800,0.0,0.0
2004-02-13,12.201641954459287,12.291580559520055,12.150676904918102,12.192647933959961,3173400,0.0,0.0
2004-02-17,12.3665275416604,12.3665275416604,12.20164091308779,12.342544555664062,2417400,0.0,0.0
2004-02-18,12.336549598113603,12.348541091878651,12.255605015283946,12.324557304382324,2615500,0.0,0.0
2004-02-19,12.342545430732802,12.426487487603705,12.294577855406944,12.339547157287598,3488200,0.0,0.0
2004-02-20,12.441475238512956,12.525418081745512,12.291578389837387,12.318559646606445,3243400,0.0,0.0
2004-02-23,12.357534581288993,12.408499627550269,12.318561028277596,12.387514114379883,2362900,0.0,0.0
2004-02-24,12.38751412955972,12.45646641578031,12.321559316672177,12.411497116088867,3652700,0.0,0.0
2004-02-25,12.471456527709963,12.50443433505007,12.36053241205921,12.471456527709961,3527100,0.0,0.0
2004-02-26,12.43248384285224,12.537412219041274,12.426488095634694,12.46246337890625,2830400,0.0,0.0
2004-02-27,12.4684585412102,12.579381852330181,12.456466248140824,12.558396339416504,6249300,0.0,0.0
2004-03-01,12.582383318946498,12.633348377519061,12.564395274760235,12.606367111206055,4295200,0.0,0.0
2004-03-02,12.606363911761639,12.68431021686475,12.558396339416504,12.558396339416504,5379700,0.0,0.0
2004-03-03,12.570442707046162,12.645696166901407,12.534320018186104,12.636666297912598,3084200,0.06076,0.0
2004-03-04,12.621613797501277,12.705897918567956,12.606562946849929,12.699877738952637,3657800,0.0,0.0
2004-03-05,12.669776803317875,12.883498413547139,12.645695280175186,12.871458053588867,2837700,0.0,0.0
2004-03-08,12.844363431855289,12.943699192640608,12.802221377328662,12.83232307434082,2696900,0.0,0.0
2004-03-09,12.799212001051698,12.817272537762934,12.642683333424305,12.720947265625,2073500,0.0,0.0
2004-03-10,12.754062070152468,12.937681982118141,12.657736778259276,12.657736778259277,2902300,0.0,0.0
2004-03-11,12.657732955023047,12.660742642570101,12.218248692497289,12.338655471801758,3683500,0.0,0.0
2004-03-12,12.302533598655604,12.383808014040934,12.254371368869371,12.338655471801758,3639000,0.0,0.0
2004-03-15,12.311566209100542,12.377789787515294,12.082793774283576,12.353708267211914,4149400,0.0,0.0
2004-03-16,12.362738453856958,12.401870019189046,12.242331660278785,12.302535057067871,4586400,0.0,0.0
2004-03-17,12.377790008454088,12.407891708564103,12.299525266877625,12.341668128967285,2629800,0.0,0.0
2004-03-18,12.335647550067002,12.36574925116214,12.224272219886306,12.362739562988281,3265800,0.0,0.0
2004-03-19,12.371770782365981,12.447024235213494,12.278455183544216,12.29952621459961,3296600,0.0,0.0
2004-03-22,12.302534876506952,12.347687423436076,12.194169245812661,12.329626083374023,5133200,0.0,0.0
2004-03-23,12.398861958993718,12.44702420081206,12.200191205444074,12.224272727966309,3370100,0.0,0.0
2004-03-24,12.22126116841892,12.311566267565892,12.07978334040054,12.179119110107422,3036600,0.0,0.0
2004-03-25,12.251362238742791,12.251362238742791,12.091823881026649,12.170087814331055,3700000,0.0,0.0
2004-03-26,12.170087909238207,12.19115893747579,12.055702097883893,12.070752143859863,2325400,0.0,0.0
2004-03-29,12.14600910555451,12.329629024938136,12.121928384028017,12.25738525390625,3750700,0.0,0.0
2004-03-30,12.284474966131992,12.51625790669823,12.233302234301954,12.483145713806152,3047300,0.0,0.0
2004-03-31,12.392842284296401,12.642685781372972,12.359730089075425,12.597533226013184,4421300,0.0,0.0
2004-04-01,12.582478834368159,12.745027666642688,12.546356960887811,12.66074275970459,3472000,0.0,0.0
2004-04-02,12.708907592192766,12.714927771420697,12.576460436274072,12.615592002868652,2813900,0.0,0.0
2004-04-05,12.615592124159743,12.790182142804632,12.573450065933002,12.702887535095215,3389700,0.0,0.0
2004-04-06,12.627634377682357,12.639674737294934,12.561410793360936,12.618603706359863,2764400,0.0,0.0
2004-04-07,12.453043882011873,12.648704123581975,12.401870350792047,12.627633094787598,4498300,0.0,0.0
2004-04-08,12.642685961815639,12.751051614290084,12.597533405811411,12.630644798278809,2019300,0.0,0.0
2004-04-12,12.630642429245183,12.754059713798767,12.549368004326833,12.723958015441895,2796800,0.0,0.0
2004-04-13,12.726968524000531,12.726968524000531,12.3898304445355,12.43197250366211,7046700,0.0,0.0
2004-04-14,12.37177015383712,12.4831454832965,12.221261649336192,12.230292320251465,7001700,0.0,0.0
2004-04-15,12.305545346586438,12.410900486015203,11.890142558128424,11.935295104980469,6279800,0.0,0.0
2004-04-16,11.995501286394045,11.995501286394045,11.667393024365857,11.685454368591309,8108800,0.0,0.0
2004-04-19,11.709535234127003,11.727595774109794,11.540965374930707,11.559026718139648,4675100,0.0,0.0
2004-04-20,11.62825713341113,11.62825713341113,11.378412914924104,11.402494430541992,6662000,0.0,0.0
2004-04-21,11.37239510278276,11.393466132122397,11.0773990855757,11.248978614807129,12977900,0.0,0.0
2004-04-22,11.282090422465435,11.522903210878233,11.279079931279535,11.432598114013672,8312800,0.0,0.0
2004-04-23,11.486780335306099,11.881111272210724,11.30316046956201,11.607186317443848,10323500,0.0,0.0
2004-04-26,11.66438174973307,11.66438174973307,11.408517292945794,11.471731185913086,5000000,0.0,0.0
2004-04-27,11.501831014575423,11.646318512309351,11.456678470727082,11.486780166625977,3750700,0.0,0.0
2004-04-28,11.48076163607138,11.540964233284859,11.396476714810797,11.483771324157715,3826200,0.0,0.0
2004-04-29,11.483770680841625,11.679431721309312,11.420557595856911,11.604177474975586,5142400,0.0,0.0
2004-04-30,11.604178499728919,11.673411769889046,11.408517441982601,11.53193473815918,6111900,0.0,0.0
2004-05-03,11.516882729811467,11.667390417414065,11.513872238704488,11.646319389343262,4236400,0.0,0.0
2004-05-04,11.649331051516532,11.664381902112401,11.447649814177085,11.53193473815918,4944300,0.0,0.0
2004-05-05,11.53193565556519,11.598159242810121,11.474741936815263,11.516884803771973,2529600,0.0,0.0
2004-05-06,11.531933423708814,11.811878570301996,11.46871953712106,11.586115837097168,6008700,0.0,0.0
2004-05-07,11.516884696403464,11.531935548056367,11.188776451660615,11.32724380493164,7985400,0.0,0.0
2004-05-10,11.330254910676842,11.48076343536377,11.300153205739457,11.48076343536377,4270500,0.0,0.0
2004-05-11,11.423567531223698,11.66137063349898,11.423567531223698,11.565045356750488,4836900,0.0,0.0
2004-05-12,11.543976015709301,11.58611807943985,11.402498169498278,11.516884803771973,4152200,0.0,0.0
2004-05-13,11.444641174408368,11.685454002776458,11.444641174408368,11.679433822631836,2889200,0.0,0.0
2004-05-14,11.679431166745376,11.817898491489096,11.676420675744561,11.814888000488281,4385300,0.0,0.0
2004-05-17,11.664380022427194,11.766725468695967,11.589125781574872,11.607186317443848,4289600,0.0,0.0
2004-05-18,11.649329165060045,11.682440549073347,11.54698371887207,11.54698371887207,3425300,0.0,0.0
2004-05-19,11.622239295338,11.649331308944907,11.471731589279454,11.492802619934082,5583900,0.0,0.0
2004-05-20,11.489793304264028,11.498823976390483,11.393468009109634,11.48076343536377,6411300,0.0,0.0
2004-05-21,11.568058058391708,11.598159763329093,11.435610877957691,11.48076343536377,4469800,0.0,0.0
2004-05-24,11.528925386005994,11.531935877713096,11.390458028776683,11.462701797485352,2693900,0.0,0.0
2004-05-25,11.408515235490999,11.435607243259428,11.324231131036171,11.41152572631836,5552000,0.0,0.0
2004-05-26,11.447651060020457,11.453671240268758,11.288112668922604,11.405508995056152,7355900,0.0,0.0
2004-05-27,11.423569308865408,11.61019971221238,11.420559620414139,11.562037467956543,3159500,0.0,0.0
2004-05-28,11.586118483274268,11.589128975028306,11.492803680839518,11.537956237792969,2152700,0.0,0.0
2004-06-01,11.546987428365867,11.586119003568509,11.390458717876626,11.501834869384766,2678500,0.0,0.0
2004-06-02,11.577467279066918,11.577467279066918,11.42620737443526,11.544190406799316,2301000,0.06791,0.0
2004-06-03,11.535113172579054,11.556289508167735,11.40805435180664,11.40805435180664,2686900,0.0,0.0
2004-06-04,11.50183409764348,11.610741291449987,11.465530892467802,11.580489158630371,2652500,0.0,0.0
2004-06-07,11.580490746281058,11.65007001551314,11.532087004237596,11.550238609313965,3649900,0.0,0.0
2004-06-08,11.568389109267763,11.613766503143234,11.526035637215669,11.57746410369873,3106300,0.0,0.0
2004-06-09,11.562339611862038,11.613768085351488,11.45948266488314,11.462508201599121,2918500,0.0,0.0
2004-06-10,11.556287272961221,11.56838861041436,11.456455880603833,11.48973274230957,3400900,0.0,0.0
2004-06-14,11.492758768316932,11.580489634200543,11.486708502952581,11.55628776550293,2958300,0.0,0.0
2004-06-15,11.556289360518768,11.737802189943213,11.541163291400064,11.728726387023926,4790100,0.0,0.0
2004-06-16,11.701496189959645,11.90115975663124,11.701496189959645,11.849730491638184,4159500,0.0,0.0
2004-06-17,11.798305359701345,11.976792647875378,11.78923036425273,11.964692115783691,3959100,0.0,0.0
2004-06-18,11.931418242437177,12.058477098835825,11.876965023438153,11.985872268676758,6543400,0.0,0.0
2004-06-21,11.943513890540453,12.10082481903414,11.910236221695174,12.00704288482666,3032700,0.0,0.0
2004-06-22,12.007044637421526,12.106876851289089,11.967717504987892,12.082674980163574,2461900,0.0,0.0
2004-06-23,12.055447275052636,12.194606608602902,12.037295671561628,12.137127876281738,2639900,0.0,0.0
2004-06-24,12.20670858570358,12.336792940161125,12.173431718347668,12.224860191345215,4832700,0.0,0.0
2004-06-25,12.224861619750438,12.336794381645051,12.212760278828606,12.333768844604492,4669500,0.0,0.0
2004-06-28,12.354946153686425,12.373097762876306,12.155282488800099,12.221837043762207,12862900,0.0,0.0
2004-06-29,12.185531150534388,12.364018425189029,12.149228749768728,12.30048942565918,3175400,0.0,0.0
2004-06-30,12.267211592176313,12.330740590867766,12.179480724213732,12.236959457397461,4116900,0.0,0.0
2004-07-01,12.267211909174932,12.312590112515835,12.03124589759444,12.1976318359375,4440400,0.0,0.0
2004-07-02,12.170404059741262,12.206706457454866,11.879984070792254,11.91628646850586,12868000,0.0,0.0
2004-07-06,11.916289806397351,11.916289806397351,11.749903837540032,11.786206245422363,12563000,0.0,0.0
2004-07-07,11.786207198252534,11.852761752623998,11.77410666372698,11.80738353729248,6898100,0.0,0.0
2004-07-08,11.813429138270225,11.873933401479828,11.586538958474351,11.598639488220215,5246200,0.0,0.0
2004-07-09,11.598640092744033,11.598640092744033,11.45040496305051,11.483682632446289,6382500,0.0,0.0
2004-07-12,11.477632229939754,11.616791556565873,11.450404826057996,11.580489158630371,4662000,0.0,0.0
2004-07-13,11.556287272961221,11.577463604453996,11.465530874643468,11.48973274230957,4093100,0.0,0.0
2004-07-14,11.465531029641285,11.556287429185936,11.441329968888192,11.483682632446289,3463600,0.0,0.0
2004-07-15,11.501836783748256,11.843684511411682,11.471584643863647,11.719651222229004,7753200,0.0,0.0
2004-07-16,11.813432209629477,11.813432209629477,11.565365634663756,11.683348655700684,3959700,0.0,0.0
2004-07-19,11.683350878516809,11.752930973983881,11.613770783049734,11.671250343322754,2566000,0.0,0.0
2004-07-20,11.710577944717032,11.83763679819015,11.683351335844414,11.780158042907715,3034400,0.0,0.0
2004-07-21,11.789228729730485,11.886035394763082,11.631917798147489,11.637968063354492,2651600,0.0,0.0
2004-07-22,11.589566702014167,11.677297577482276,11.468558152546267,11.523012161254883,3332600,0.0,0.0
2004-07-23,11.523010659386419,11.541161455096715,11.020826536132011,11.190237998962402,9922500,0.0,0.0
2004-07-26,11.287044833243465,11.359649631650674,11.156960496127029,11.226540565490723,5036600,0.0,0.0
2004-07-27,11.22653977427678,11.308220368538331,11.175111311759519,11.241665840148926,3514000,0.0,0.0
2004-07-28,11.196290500103457,11.284021381656933,11.105534081707303,11.214441299438477,2874300,0.0,0.0
2004-07-29,11.253768757619943,11.296121428151693,11.163012343131633,11.287046432495117,5482600,0.0,0.0
2004-07-30,11.229569074931744,11.474610957478772,11.229569074931744,11.471586227416992,4409900,0.0,0.0
2004-08-02,11.459480934933945,11.568388938903809,11.444354868118142,11.568388938903809,7884400,0.0,0.0
2004-08-03,11.541165025652427,11.637971721110887,11.483686277260341,11.622845649719238,5164500,0.0,0.0
2004-08-04,11.571415903195124,11.637970448593087,11.535113497272631,11.592592239379883,2848300,0.0,0.0
2004-08-05,11.586542460979084,11.604694068325085,11.302172660827638,11.302172660827637,1977300,0.0,0.0
2004-08-06,11.226538272176319,11.52300847781079,11.223512736510644,11.447378158569336,3964200,0.0,0.0
2004-08-09,11.480658840691675,11.498810446254774,11.350575294037261,11.377801895141602,2263000,0.0,0.0
2004-08-10,11.447381335785554,11.49275953992513,11.371750995552928,11.456457138061523,2164500,0.0,0.0
2004-08-11,11.3959523961441,11.501834868105393,11.353599730255674,11.453431129455566,2547500,0.0,0.0
2004-08-12,11.45040467262951,11.628891930977543,11.444354407594693,11.586539268493652,3147700,0.0,0.0
2004-08-13,11.586543252902857,11.592593520018255,11.42318200458488,11.468560218811035,3686600,0.0,0.0
2004-08-16,11.529062602615848,11.659146149479932,11.526037065937018,11.644020080566406,2604300,0.0,0.0
2004-08-17,11.64704305826244,11.719647850199179,11.571412730311616,11.583513259887695,2423000,0.0,0.0
2004-08-18,11.583515660850953,11.855784897908292,11.568390399365844,11.85275936126709,2913500,0.0,0.0
2004-08-19,11.822508968719633,11.889063519486262,11.749904151017933,11.795282363891602,2392000,0.0,0.0
2004-08-20,11.795278130781512,12.022168306482687,11.77410180048835,11.994941711425781,2965800,0.0,0.0
2004-08-23,11.955613942596807,12.031244271275007,11.955613942596807,11.982840538024902,1773900,0.0,0.0
2004-08-24,11.997968177689737,12.022170047489663,11.886036245250606,11.937464714050293,2602400,0.0,0.0
2004-08-25,11.937465522200256,12.091750939044228,11.883011513274026,12.076624870300293,2033800,0.0,0.0
2004-08-26,12.085701316410503,12.128053988252168,12.019146771842028,12.109902381896973,1913800,0.0,0.0
2004-08-27,12.070574593475472,12.094775657651926,11.904187837440704,11.94351577758789,1551700,0.0,0.0
2004-08-30,11.967719570917422,11.979820104948892,11.895113945007324,11.895113945007324,1184300,0.0,0.0
2004-08-31,11.943517854536118,11.973769997257758,11.79528267809626,11.80435848236084,3428100,0.0,0.0
2004-09-01,11.825641033940997,11.840840310943806,11.70404032839427,11.777000427246094,3037200,0.06791,0.0
2004-09-02,11.776998398835335,11.840838271537589,11.7344384837005,11.816518783569336,2859800,0.0,0.0
2004-09-03,11.828678450091996,11.901638535899755,11.78307819366455,11.78307819366455,2971100,0.0,0.0
2004-09-07,11.88643763073436,11.99587856308933,11.883398100563035,11.947237968444824,4712100,0.0,0.0
2004-09-08,11.947239422759397,12.059719898977725,11.907719036198788,11.965479850769043,4688600,0.0,0.0
2004-09-09,12.008039795988799,12.044519840903078,11.944199920186417,11.96243953704834,2716000,0.0,0.0
2004-09-10,11.94723811208162,12.275559290713138,11.94723811208162,12.248199462890625,4690800,0.0,0.0
2004-09-13,12.242120960728267,12.284680877922032,12.144840570577923,12.166120529174805,3540800,0.0,0.0
2004-09-14,12.217801455240883,12.312041509783846,12.141801018743097,12.302921295166016,2314200,0.0,0.0
2004-09-15,12.345481584486343,12.470121809167669,12.339400900831754,12.45492172241211,4124200,0.0,0.0
2004-09-16,12.454922677606117,12.552203078064252,12.451882335545653,12.52180290222168,3043600,0.0,0.0
2004-09-17,12.597804675361838,12.907885528350917,12.555243937962679,12.844045639038086,7365700,0.0,0.0
2004-09-20,12.844043371700447,13.342604273426204,12.841003029854855,13.257484436035156,9348900,0.0,0.0
2004-09-21,13.257485164918895,13.436845875098845,13.205805029035734,13.33348560333252,10505000,0.0,0.0
2004-09-22,13.211886206276661,13.278766436445617,13.15108584954296,13.217966079711914,7145500,0.0,0.0
2004-09-23,13.184527531078555,13.221007586092613,13.072047023455774,13.145007133483887,6117500,0.0,0.0
2004-09-24,13.145004606623699,13.433805459830099,13.108524558622191,13.300045013427734,5727200,0.0,0.0
2004-09-27,13.303086903828909,13.397326971202615,13.257486635721781,13.348687171936035,4320100,0.0,0.0
2004-09-28,13.315246249899682,13.430767087863964,13.315246249899682,13.427726745605469,5728300,0.0,0.0
2004-09-29,13.37604647668789,13.518927148839921,13.357806045693774,13.467247009277344,4040800,0.0,0.0
2004-09-30,13.467244319945495,13.60404428032094,13.40644397702734,13.558444023132324,6228900,0.0,0.0
2004-10-01,13.601007461547853,13.680047436385562,13.549327322001934,13.601007461547852,4012600,0.0,0.0
2004-10-04,13.58884531576472,13.58884531576472,13.470284961768433,13.488525390625,4957200,0.0,0.0
2004-10-05,13.488524550869142,13.613165580851478,13.430764548403426,13.58580493927002,2851700,0.0,0.0
2004-10-06,13.525005392475208,13.64964561861518,13.509805305541763,13.628366470336914,2869900,0.0,0.0
2004-10-07,13.634445134322558,13.677005052019663,13.528045340079798,13.640525817871094,4150200,0.0,0.0
2004-10-08,13.610126917330332,13.640527093153425,13.357805295760558,13.394286155700684,3864000,0.0,0.0
2004-10-11,13.363886404921608,13.573646489105732,13.360846062766393,13.512846946716309,2418800,0.0,0.0
2004-10-12,13.50676410161015,13.64964474742709,13.473324399205136,13.619244575500488,1777200,0.0,0.0
2004-10-13,13.585806450814268,13.725646771202028,13.555406275357296,13.664846420288086,3772500,0.0,0.0
2004-10-14,13.619246784391942,13.68004713810629,13.29396586544884,13.376046180725098,2475600,0.0,0.0
2004-10-15,13.452045377649648,13.604045436674749,13.388204687682922,13.55236530303955,3038900,0.0,0.0
2004-10-18,13.543246398519292,13.594926534057652,13.363885689536014,13.570606231689453,3170900,0.0,0.0
2004-10-19,13.613168225412066,13.631407034295364,13.424686472981358,13.461167335510254,3496600,0.0,0.0
2004-10-20,13.39124690916363,13.39124690916363,13.090285468369935,13.154126167297363,5139900,0.0,0.0
2004-10-21,13.163243822493104,13.315243873285695,13.081163519260361,13.178443908691406,3537200,0.0,0.0
2004-10-22,13.254444646302971,13.515885664248072,13.10244458269149,13.202764511108398,5851100,0.0,0.0
2004-10-25,13.126764649867619,13.190604529427121,13.04164399926447,13.078124046325684,7029400,0.0,0.0
2004-10-26,12.661640796632252,13.163242790666736,12.64644071162544,13.008201599121094,13415000,0.0,0.0
2004-10-27,13.01732227314241,13.908045825928314,13.011242401162546,13.67092514038086,9346900,0.0,0.0
2004-10-28,13.673964284441867,13.725645225852444,13.54324500483729,13.655725479125977,3818400,0.0,0.0
2004-10-29,13.655726341915935,13.816846614925018,13.555405605626369,13.759086608886719,4389200,0.0,0.0
2004-11-01,13.689164182497933,13.8229246131359,13.610125034198777,13.72868537902832,6028500,0.0,0.0
2004-11-02,13.832047483207587,13.892847834551887,13.540206283469258,13.56148624420166,10323500,0.0,0.0
2004-11-03,15.169649280973829,15.23044962154838,14.549487753970311,14.962928771972656,26127400,0.0,0.0
2004-11-04,14.972050895886635,15.142292204919814,14.810930613026201,15.029810905456543,10510400,0.0,0.0
2004-11-05,15.048050582232914,15.093650843671139,14.792689442655051,14.862610816955566,5499100,0.0,0.0
2004-11-08,14.789651374492335,15.093653164150687,14.789651374492335,14.944692611694336,4133200,0.0,0.0
2004-11-09,14.947726890856073,15.169647458337074,14.865645791990199,14.993327140808105,4782300,0.0,0.0
2004-11-10,15.048049615221323,15.108849959898496,14.92644892586698,14.956849098205566,3303000,0.0,0.0
2004-11-11,15.063250172920787,15.34901147737261,15.008530509950763,15.342930793762207,4186900,0.0,0.0
2004-11-12,15.276053934306677,15.38549327850342,15.190932461465561,15.385493278503418,3640700,0.0,0.0
2004-11-15,15.318615620018289,15.540536298609418,15.236534480056442,15.531416893005371,4062400,0.0,0.0
2004-11-16,15.543572612509738,15.589172873473485,15.476691580810533,15.564851760864258,3945400,0.0,0.0
2004-11-17,15.610451301284524,15.902293282457922,15.610451301284524,15.622611045837402,7405700,0.0,0.0
2004-11-18,15.683412589472637,15.692533615369948,15.50101316247919,15.586133003234863,3622800,0.0,0.0
2004-11-19,15.646933803020335,15.65605320679893,15.266931605895028,15.300372123718262,3358100,0.0,0.0
2004-11-22,15.078452050170151,15.409813653907321,15.063251961719995,15.35205364227295,3430300,0.0,0.0
2004-11-23,15.260849405308653,15.528370248108603,15.215249151032705,15.479729652404785,3830700,0.0,0.0
2004-11-24,15.479730765864307,15.522290681773727,15.355089737401794,15.409811019897461,2231600,0.0,0.0
2004-11-26,15.370289823253787,15.546611792565407,15.370289823253787,15.409811019897461,618000,0.0,0.0
2004-11-29,15.379411650662824,15.470612170533462,15.236530187246462,15.342930793762207,2153000,0.0,0.0
2004-11-30,15.269969537057388,15.680371845156575,15.187890048866016,15.555730819702148,4647100,0.0,0.0
2004-12-01,15.589301478508155,15.708303730147826,15.296371731714292,15.6533784866333,4478400,0.06791,0.0
2004-12-02,15.622863106780153,15.622863106780153,15.433680522360538,15.52827262878418,2866200,0.0,0.0
2004-12-03,15.52827532230171,15.83951187133789,15.516068626379234,15.83951187133789,5695600,0.0,0.0
2004-12-06,15.839504963562582,15.860863415256368,15.61065394123976,15.821196556091309,4243400,0.0,0.0
2004-12-07,15.781532700818762,15.845609696523919,15.503859748528726,15.522168159484863,3350800,0.0,0.0
2004-12-08,15.52217161010498,15.705252503510632,15.442836230610283,15.574045181274414,3010900,0.0,0.0
2004-12-09,15.830349945613326,15.830349945613326,15.470293283623555,15.821196556091309,4235600,0.0,0.0
2004-12-10,15.82119770425292,16.120229077084883,15.73270896155182,16.0469970703125,4284000,0.0,0.0
2004-12-13,16.14159339712726,16.166003529651746,15.989025997779752,16.101924896240234,3299400,0.0,0.0
2004-12-14,16.111079316856816,16.26364508209097,16.111079316856816,16.23008155822754,5090400,0.0,0.0
2004-12-15,16.23313808453166,16.4009622845645,16.193471197713432,16.339935302734375,3229400,0.0,0.0
2004-12-16,16.300262566373775,16.36128952630365,16.037847941417546,16.32467269897461,5520400,0.0,0.0
2004-12-17,16.324674212751578,16.410112941632757,16.26364724716271,16.269750595092773,5384100,0.0,0.0
2004-12-20,16.346032216523703,16.428417632500533,16.202618214316573,16.26364517211914,3357600,0.0,0.0
2004-12-21,16.263647745499338,16.571834256851893,16.263647745499338,16.550474166870117,3993000,0.0,0.0
2004-12-22,16.568783602463185,16.61150215662772,16.39485771155871,16.44672966003418,3085300,0.0,0.0
2004-12-23,16.5077596402946,16.53827313146387,16.31857697210215,16.355192184448242,1756800,0.0,0.0
2004-12-27,16.37654744466475,16.385700837941748,16.217876686058762,16.227031707763672,1917400,0.0,0.0
2004-12-28,16.28805750007336,16.434521552533944,16.28805750007336,16.32467269897461,3131200,0.0,0.0
2004-12-29,16.29415921900967,16.416213138869423,16.269749086408837,16.32467269897461,2273600,0.0,0.0
2004-12-30,16.425370752072944,16.443677540198745,16.352137085857546,16.379600524902344,2137300,0.0,0.0
2004-12-31,16.431471713197446,16.431471713197446,16.29111099243164,16.29111099243164,1928900,0.0,0.0
2005-01-03,16.455881346107663,16.764067844434567,16.391804335726558,16.675579071044922,9067700,0.0,0.0
2005-01-04,16.785425551975013,16.82204238063098,16.3246732905499,16.37654685974121,8187500,0.0,0.0
2005-01-05,16.39790551769737,16.535216184175663,16.281954939597963,16.404008865356445,6263800,0.0,0.0
2005-01-06,16.407061157528375,16.510806672647426,16.217876914101687,16.47724151611328,5321500,0.0,0.0
2005-01-07,16.471139350815495,16.516909577986095,16.355188760021193,16.379600524902344,2899200,0.0,0.0
2005-01-10,16.4467269615513,16.574884231445694,16.278902818247023,16.36739158630371,6460800,0.0,0.0
2005-01-11,16.382651674680538,16.382651674680538,16.095826852529036,16.309419631958008,9070500,0.0,0.0
2005-01-12,16.339935594159215,16.623710413359095,16.230088327648556,16.60540199279785,5354200,0.0,0.0
2005-01-13,16.605392565549053,16.709139680353772,16.50469875227092,16.59929084777832,4691600,0.0,0.0
2005-01-14,16.64506631482298,16.782376991792596,16.54437246974979,16.773221969604492,3334900,0.0,0.0
2005-01-18,16.736606799989335,16.736606799989335,16.452832051715994,16.562679290771484,6897300,0.0,0.0
2005-01-19,16.49249739326251,16.49249739326251,15.946308037640492,16.153799057006836,10341900,0.0,0.0
2005-01-20,15.973771438211392,16.034798406280373,15.720510172096327,15.81510066986084,8098500,0.0,0.0
2005-01-21,15.81510335707441,15.8822336847279,15.516071814097849,15.56489372253418,6230000,0.0,0.0
2005-01-24,15.595405616782871,15.650329240388926,15.467249952226037,15.500813484191895,4184900,0.0,0.0
2005-01-25,15.607607200838428,15.677789180252377,15.41842460632324,15.418424606323242,3877100,0.0,0.0
2005-01-26,15.421476819546632,15.528274000783778,15.317731312030393,15.488605499267578,3783100,0.0,0.0
2005-01-27,15.522170848631857,15.613711290843973,15.418425339810362,15.485555648803711,3415500,0.0,0.0
2005-01-28,15.464198481156638,15.549635591983984,15.119396735083535,15.189577102661133,5763300,0.0,0.0
2005-01-31,15.189569771166392,15.332983739864199,15.03395236787274,15.314675331115723,6264400,0.0,0.0
2005-02-01,15.329936150338876,15.47334852880917,15.259755797941475,15.43978500366211,4460200,0.0,0.0
2005-02-02,15.415375089221234,15.55268576521613,15.384861605666813,15.543532371520996,4095400,0.0,0.0
2005-02-03,15.473352736480726,15.56184152656607,15.424532458108283,15.494712829589844,4045000,0.0,0.0
2005-02-04,15.49470707241781,15.683889651889434,15.46114192218696,15.5984525680542,2899200,0.0,0.0
2005-02-07,15.470299468936267,15.546581545115622,15.415374224562312,15.46114444732666,5356400,0.0,0.0
2005-02-08,14.814258693276171,15.369603051420555,14.387071602318533,14.597614288330078,24694800,0.0,0.0
2005-02-09,14.60066657653586,14.829516057410835,14.509126132814727,14.554896354675293,9359300,0.0,0.0
2005-02-10,14.54879387640433,14.643385999587329,14.365714606450208,14.435894966125488,9020100,0.0,0.0
2005-02-11,14.451150890834164,14.945468311468677,14.448099217014695,14.893594741821289,9937000,0.0,0.0
2005-02-14,14.930211966505475,14.966827168025953,14.841723193962766,14.948518753051758,4265800,0.0,0.0
2005-02-15,14.963777018187178,15.207884900231068,14.896648327681953,15.201783180236816,4978200,0.0,0.0
2005-02-16,15.140760556459021,15.241454435338918,15.125503809451248,15.156017303466797,4683500,0.0,0.0
2005-02-17,15.140752740320181,15.213984762467089,14.975980283382714,15.159059524536133,4665300,0.0,0.0
2005-02-18,14.799007559198166,14.875289651162674,14.469462538472834,14.622028350830078,19696800,0.0,0.0
2005-02-22,14.2650203519926,14.527436654408167,14.155173106336495,14.158223152160645,13315600,0.0,0.0
2005-02-23,14.32604942993454,14.515233720255743,14.310792684857939,14.484720230102539,5958000,0.0,0.0
2005-02-24,14.493867874145508,14.567099895766718,14.460302722611045,14.493867874145508,3336300,0.0,0.0
2005-02-25,14.493872444260777,14.728825322230485,14.39928030681117,14.68915843963623,3471700,0.0,0.0
2005-02-28,14.692210748739178,14.969882195749769,14.585413537295636,14.890546798706055,6467000,0.0,0.0
2005-03-01,14.85392555285902,14.991236197488115,14.62507447847719,14.933260917663574,5564100,0.0,0.0
2005-03-02,14.991471805210686,15.04967307669994,14.914890754626052,14.979217529296875,7427000,0.06791,0.0
2005-03-03,15.028230377937524,15.178328916613513,14.933269544154623,15.147696495056152,7960300,0.0,0.0
2005-03-04,15.193641782465107,15.420321325130297,15.153820297117523,15.380499839782715,4909900,0.0,0.0
2005-03-07,15.45707917716662,15.564292628564026,15.346803792120747,15.484649658203125,4231400,0.0,0.0
2005-03-08,15.521409206289853,15.521409206289853,15.310045849703853,15.334552764892578,3795700,0.0,0.0
2005-03-09,15.319234102151253,15.322296035631082,15.101743642911238,15.156881332397461,3478700,0.0,0.0
2005-03-10,15.193641604765517,15.306980557385018,15.101744361399694,15.248779296875,3510600,0.0,0.0
2005-03-11,15.178326879896558,15.245718852189864,14.960838023843548,15.058860778808594,4094000,0.0,0.0
2005-03-14,15.62249783244207,15.637814043650184,15.279415682245562,15.552043914794922,7231700,0.0,0.0
2005-03-15,15.622493186633912,15.622493186633912,15.34373953336218,15.365182876586914,2732200,0.0,0.0
2005-03-16,15.368246726459168,15.368246726459168,14.966963369921814,14.99759578704834,5207900,0.0,0.0
2005-03-17,15.055798169242927,15.300857524429894,15.040481959543742,15.279414176940918,4838800,0.0,0.0
2005-03-18,15.377436271346351,15.395816047189484,15.242653973121781,15.380499839782715,7564900,0.0,0.0
2005-03-21,15.484648961528364,15.622493186633912,15.245716791645462,15.365182876586914,5759400,0.0,0.0
2005-03-22,15.545914634120546,15.925754618064824,15.447890252294563,15.475459098815918,9522100,0.0,0.0
2005-03-23,15.423383153375928,15.475457271818495,15.178323862517173,15.294726371765137,6916600,0.0,0.0
2005-03-24,15.285538806180098,15.362119842108106,15.028226852416992,15.028226852416992,4269100,0.0,0.0
2005-03-28,15.028228204174866,15.147694304013283,14.966963369921814,14.99759578704834,6642400,0.0,0.0
2005-03-29,14.979216062407609,15.254907817514262,14.9730905598259,15.190579414367676,6396200,0.0,0.0
2005-03-30,15.190584659400157,15.316177940379964,15.17526844549471,15.297798156738281,4016800,0.0,0.0
2005-03-31,15.300852578353021,15.355990261536443,15.248776828299421,15.267156600952148,3572400,0.0,0.0
2005-04-01,15.33760921184622,15.43563356798257,15.025159641864024,15.040475845336914,5123400,0.0,0.0
2005-04-04,15.101740781313076,15.325356699915174,14.933262541749277,15.282471656799316,4528800,0.0,0.0
2005-04-05,15.28247273707209,15.475456262122204,15.245714826706466,15.447887420654297,2984600,0.0,0.0
2005-04-06,15.447888821078314,15.49077387111332,15.325359172535492,15.3621187210083,4142100,0.0,0.0
2005-04-07,15.389689210068285,15.484650024794863,15.349867723945081,15.481586456298828,2851400,0.0,0.0
2005-04-08,15.530604935056212,15.653133011524043,15.276354803360361,15.297798156738281,3040800,0.0,0.0
2005-04-11,15.285543001629215,15.408072692744962,15.239594367460809,15.343744277954102,2686600,0.0,0.0
2005-04-12,15.355994338261553,15.561230555508173,15.218148458932776,15.493840217590332,6698900,0.0,0.0
2005-04-13,15.469331028593212,15.545912053314193,15.202828408654279,15.251840591430664,3511200,0.0,0.0
2005-04-14,15.294729412284793,15.306982052308525,14.957774455143818,15.058860778808594,5679100,0.0,0.0
2005-04-15,15.058860483978131,15.117061749032754,14.93939438522914,14.95777416229248,5318700,0.0,0.0
2005-04-18,14.887313930959149,15.310040496318464,14.884251998059518,15.282471656799316,5669000,0.0,0.0
2005-04-19,15.267159218578259,15.270222787008104,14.982278415328498,15.11093521118164,5487400,0.0,0.0
2005-04-20,15.055797210108862,15.19364308862002,15.012912152638206,15.058860778808594,4360400,0.0,0.0
2005-04-21,15.058860171505131,15.061923740081312,14.03880300034536,14.17052173614502,23891500,0.0,0.0
2005-04-22,14.167457949177,14.369630561908115,13.956094631919532,14.115382194519043,13721600,0.0,0.0
2005-04-25,14.2072800145313,14.443148617328117,14.142951619304904,14.394136428833008,9378600,0.0,0.0
2005-04-26,14.403328927023956,14.47378283284975,14.326747883832802,14.375760078430176,5173200,0.0,0.0
2005-04-27,14.2899895412481,14.519732690308064,14.219535629446504,14.455404281616211,6697000,0.0,0.0
2005-04-28,14.501349534476006,14.565677928187604,14.24710116263366,14.369630813598633,4622800,0.0,0.0
2005-04-29,14.412519323069647,14.623882694750343,14.299180349593927,14.593250274658203,8500600,0.0,0.0
2005-05-02,14.593249036852484,14.826055736761043,14.568743756767452,14.761727333068848,4650500,0.0,0.0
2005-05-03,14.780105556419693,14.985341751183402,14.718840727873808,14.85668659210205,5205900,0.0,0.0
2005-05-04,14.856683302539981,15.019034408328842,14.697394129680427,14.99146556854248,4908800,0.0,0.0
2005-05-05,14.942457963658425,15.052733356560417,14.819928296189406,14.908761978149414,3542200,0.0,0.0
2005-05-06,14.970027626668703,14.970027626668703,14.65145080086487,14.79848575592041,4781200,0.0,0.0
2005-05-09,14.859748705268938,15.144629507539694,14.816863651723613,15.117060661315918,4148500,0.0,0.0
2005-05-10,15.117061624353465,15.117061624353465,14.917950916488941,15.068049430847168,5036400,0.0,0.0
2005-05-11,15.068049163743773,15.071112732303948,14.798484556400288,14.939393997192383,4994400,0.0,0.0
2005-05-12,14.960838555018448,14.988407404744457,14.72803184720114,14.79848575592041,4473700,0.0,0.0
2005-05-13,14.767850056065775,14.795420534441048,14.550361240615564,14.58099365234375,4710100,0.0,0.0
2005-05-16,14.605498601082095,14.868937663006168,14.535044709593318,14.832178115844727,4628700,0.0,0.0
2005-05-17,14.74028633020687,14.752538972197215,14.41558396097324,14.70352840423584,8843900,0.0,0.0
2005-05-18,14.81073772717317,14.887317126821383,14.743345762970751,14.829115867614746,8360700,0.0,0.0
2005-05-19,14.835239402904898,14.976148798991705,14.718836912749262,14.960832595825195,3846900,0.0,0.0
2005-05-20,14.960836133414865,15.025162894105023,14.810737633846196,15.009846687316895,3724600,0.0,0.0
2005-05-23,15.009848059955855,15.107872446274127,14.970026572575069,15.000658988952637,4804100,0.0,0.0
2005-05-24,14.887317419354451,15.049670196386844,14.859748573375372,15.028226852416992,2529900,0.0,0.0
2005-05-25,14.948580478061361,14.948580478061361,14.758660512313005,14.841368675231934,3641000,0.0,0.0
2005-05-26,14.850558536432922,15.040478512308525,14.850558536432922,15.006782531738281,3598500,0.0,0.0
2005-05-27,14.994532218380654,15.068049692529282,14.933267384127602,14.99759578704834,2498000,0.0,0.0
2005-05-31,15.009847979070074,15.009847979070074,14.777042923675205,14.786231994628906,3927200,0.0,0.0
2005-06-01,14.798543417773624,15.143196365079854,14.789312272909982,15.05703353881836,4205900,0.07863,0.0
2005-06-02,15.057033498054173,15.152427468921047,14.970869029765703,15.097037315368652,5793500,0.0,0.0
2005-06-03,15.109345505370955,15.115500696545944,14.927787072831014,14.9431734085083,2241100,0.0,0.0
2005-06-06,14.986255939748615,15.140119308018383,14.878553224220086,15.124732971191406,2696100,0.0,0.0
2005-06-07,15.164739632514456,15.293983886733942,15.133966956424992,15.140120506286621,4492400,0.0,0.0
2005-06-08,15.192432432630847,15.26628651571027,15.15550456996104,15.25397777557373,2286500,0.0,0.0
2005-06-09,15.232437056380707,15.232437056380707,14.964715785738633,15.04780101776123,3345200,0.0,0.0
2005-06-10,15.063189494821899,15.149353977111298,14.85085834868888,14.924714088439941,2502500,0.0,0.0
2005-06-13,14.829318208105112,15.149353719972344,14.817009465775696,15.07242202758789,2701400,0.0,0.0
2005-06-14,15.041645173515674,15.112421653950298,14.927785643501686,15.100112915039062,2411300,0.0,0.0
2005-06-15,15.140115853604192,15.149348638949983,14.813926901104779,14.995485305786133,5578300,0.0,0.0
2005-06-16,15.010869586577863,15.133960236278032,14.893934126266585,15.078568458557129,2766100,0.0,0.0
2005-06-17,15.29398412392718,15.343220734886017,15.081652984068938,15.318601608276367,7112500,0.0,0.0
2005-06-20,15.257048786803018,15.74325618165395,15.213967389150095,15.669402122497559,7688600,0.0,0.0
2005-06-21,15.632479851195644,15.743261800599372,15.420150381750554,15.712489128112793,4900600,0.0,0.0
2005-06-22,15.740181886812579,15.835577485923928,15.647863882948691,15.67863655090332,3750100,0.0,0.0
2005-06-23,15.64479113679698,15.74018511320198,15.564781855262813,15.589399337768555,3215100,0.0,0.0
2005-06-24,15.50939060103842,15.703257778268872,15.50939060103842,15.657098770141602,3869900,0.0,0.0
2005-06-27,15.595552824039533,15.607861563946354,15.232435964357425,15.278594970703125,4728800,0.0,0.0
2005-06-28,15.32475417409659,15.62324810028076,15.300136693966412,15.623248100280762,3157200,0.0,0.0
2005-06-29,15.62324518924789,15.62324518924789,15.447841980917326,15.460150718688965,2092300,0.0,0.0
2005-06-30,15.460152131247265,15.700178287634406,15.460152131247265,15.632477760314941,4022900,0.0,0.0
2005-07-01,15.709411781948086,15.709411781948086,15.447845703917581,15.463232040405273,3061200,0.0,0.0
2005-07-05,15.463233284539582,15.463233284539582,15.281674827829107,15.35245132446289,5451900,0.0,0.0
2005-07-06,15.352448843384167,15.355526438884013,15.22012701723209,15.223204612731934,3117800,0.0,0.0
2005-07-07,15.078569540461187,15.284747050406319,15.032410543511665,15.263205528259277,7001100,0.0,0.0
2005-07-08,15.263208566299825,15.364757722897531,15.223204751218342,15.25705337524414,4182100,0.0,0.0
2005-07-11,15.380144970186613,15.549394669391273,15.263209471276584,15.484771728515625,4472000,0.0,0.0
2005-07-12,15.678637732275945,15.68479292323466,15.266285921325547,15.429380416870117,3162500,0.0,0.0
2005-07-13,15.457077458346184,15.949438603104849,15.438613525380905,15.878662109375,5014500,0.0,0.0
2005-07-14,16.00175517008243,16.115613096044697,15.961751344631473,16.097150802612305,6027700,0.0,0.0
2005-07-15,16.097146959554088,16.137150775454472,15.820192917061684,15.847887992858887,3117200,0.0,0.0
2005-07-18,15.838657454970331,15.841735050679045,15.6724853515625,15.6724853515625,2204800,0.0,0.0
2005-07-19,15.758644607604158,15.798648415973528,15.654017873033599,15.663249015808105,2648000,0.0,0.0
2005-07-20,15.620172165299914,15.644791290307564,15.380145960602558,15.444768905639648,5245400,0.0,0.0
2005-07-21,15.55554387402912,15.632473883617871,15.17396320931312,15.595547676086426,10749600,0.0,0.0
2005-07-22,15.441689032231434,15.832500956200787,15.441689032231434,15.761724472045898,4478400,0.0,0.0
2005-07-25,15.724795089388454,15.847885757579197,15.589395682830629,15.60785961151123,3349700,0.0,0.0
2005-07-26,15.614018730494788,15.875584823953254,15.610941134563669,15.829425811767578,3572200,0.0,0.0
2005-07-27,15.823273440416255,15.863277263718505,15.650946120305623,15.783267974853516,2683800,0.0,0.0
2005-07-28,15.783266490938002,15.906357187692754,15.650944648830782,15.878662109375,2454100,0.0,0.0
2005-07-29,15.903278233351923,15.934050904911986,15.7955755251519,15.844810485839844,2721000,0.0,0.0
2005-08-01,15.841734484730251,15.844810438068826,15.620170593261719,15.620170593261719,3129000,0.0,0.0
2005-08-02,15.654019670139121,15.792496681213379,15.620169405646735,15.792496681213379,2026000,0.0,0.0
2005-08-03,15.755567589226253,15.820190517792556,15.577086779147828,15.817112922668457,2105400,0.0,0.0
2005-08-04,15.755571455385592,15.881739748353738,15.67556381608611,15.838658332824707,2490200,0.0,0.0
2005-08-05,15.777110774944084,15.804805849458749,15.669406430073636,15.700179100036621,2186900,0.0,0.0
2005-08-08,15.75557039689486,15.81096219221972,15.574011959338327,15.592475891113281,1310300,0.0,0.0
2005-08-09,15.626322802450197,15.755567012592694,15.614014064664227,15.663249015808105,1494100,0.0,0.0
2005-08-10,15.740183873822923,15.866352156816143,15.51246643066406,15.512466430664062,2274200,0.0,0.0
2005-08-11,15.552470136359245,15.663250428685602,15.484769609039782,15.632477760314941,2279200,0.0,0.0
2005-08-12,15.540160729362295,15.687868874287206,15.512464015211414,15.60785961151123,1975900,0.0,0.0
2005-08-15,15.537084542135018,15.626324956208045,15.413993862790123,15.577088356018066,2097600,0.0,0.0
2005-08-16,15.577087614151763,15.703255882923477,15.567856470544577,15.632477760314941,2446800,0.0,0.0
2005-08-17,15.580167245712628,15.706335530974082,15.494004419917617,15.675562858581543,2122800,0.0,0.0
2005-08-18,15.657097943089006,15.669406682820718,15.540162452247541,15.61401653289795,1595600,0.0,0.0
2005-08-19,15.755568538359478,15.983285957361607,15.697100796519207,15.918663024902344,4320900,0.0,0.0
2005-08-22,15.786340080148479,15.86019415100469,15.697099676103061,15.823267936706543,3402600,0.0,0.0
2005-08-23,15.820195844255968,16.00175431058697,15.774036828633147,15.783267974853516,3652500,0.0,0.0
2005-08-24,15.724798392647171,15.746339921009696,15.524777657079447,15.54016399383545,6010900,0.0,0.0
2005-08-25,15.466309636154866,15.53093093559496,15.38630035796681,15.463232040405273,4512000,0.0,0.0
2005-08-26,15.410916588840664,15.441689259318833,15.164736867275439,15.223204612731934,4605700,0.0,0.0
2005-08-29,15.164734265107173,15.278592140983061,15.090878554824606,15.238588333129883,4606300,0.0,0.0
2005-08-30,15.158584440392389,15.210897004388213,15.0416489281566,15.140120506286621,4439300,0.0,0.0
2005-08-31,15.167940350346813,15.378133773803711,15.137029455742162,15.378133773803711,5583600,0.07863,0.0
2005-09-01,15.347222220406838,15.62542025990681,15.307038719000428,15.535778999328613,4642100,0.0,0.0
2005-09-02,15.548146109114382,15.67487947696861,15.483232890434737,15.486324310302734,3272800,0.0,0.0
2005-09-06,15.594507256612948,15.631599333745484,15.477044888268614,15.517230033874512,4122000,0.0,0.0
2005-09-07,15.49868653307204,15.866525863185803,15.34722347357071,15.817068099975586,5525400,0.0,0.0
2005-09-08,16.104543429765485,16.119998882137292,15.940716294479254,15.980899810791016,11146900,0.0,0.0
2005-09-09,16.011807177475703,16.138542188847925,15.953076801367697,16.10453987121582,4649100,0.0,0.0
2005-09-12,16.10453440457071,16.382732391357422,16.073623517149965,16.382732391357422,5052000,0.0,0.0
2005-09-13,16.42601423615359,16.537292158122185,16.36728385519525,16.515655517578125,6495200,0.0,0.0
2005-09-14,16.515653026908222,16.620749742716573,16.4414672069045,16.494014739990234,5598200,0.0,0.0
2005-09-15,16.478564920694936,16.494020373876392,16.364195556934643,16.42292594909668,5183800,0.0,0.0
2005-09-16,16.484744328406574,16.58365821838379,16.44455916872203,16.58365821838379,4997700,0.0,0.0
2005-09-19,16.583653494277986,16.583653494277986,16.460009929800393,16.506376266479492,2277500,0.0,0.0
2005-09-20,16.524923331078003,16.61456458648185,16.463101548090982,16.490921020507812,3472500,0.0,0.0
2005-09-21,16.475471963664738,16.531112579711515,16.21891212463379,16.21891212463379,3442900,0.0,0.0
2005-09-22,16.2281821325933,16.43219272238856,16.002533256177646,16.351825714111328,4192200,0.0,0.0
2005-09-23,16.274545669555664,16.438372726964744,16.123082638239172,16.274545669555664,2595700,0.0,0.0
2005-09-26,16.320911543047522,16.444553450113176,16.265270952749628,16.32400131225586,2718500,0.0,0.0
2005-09-27,16.364188354204455,16.47855766762487,16.2560002295535,16.39200782775879,2343600,0.0,0.0
2005-09-28,16.39819327509964,16.432195595890462,16.290006771989624,16.2930965423584,2417700,0.0,0.0
2005-09-29,16.259088324592547,16.617653287560742,16.259088324592547,16.586742401123047,3388600,0.0,0.0
2005-09-30,16.596021855846818,16.685663133580956,16.51565483765301,16.58056640625,2613300,0.0,0.0
2005-10-03,16.537288866957038,16.599110655585974,16.416736709057975,16.521833419799805,2799100,0.0,0.0
2005-10-04,16.537287110207586,16.670203281785447,16.3456405755985,16.348731994628906,2339900,0.0,0.0
2005-10-05,16.314730396590893,16.531106643249906,16.274546896351755,16.40746307373047,4213700,0.0,0.0
2005-10-06,16.407466724526493,16.534200091773773,16.119996021283892,16.163270950317383,4306900,0.0,0.0
2005-10-07,16.00561897832562,16.203448328797787,15.906705127907758,16.160173416137695,4138500,0.0,0.0
2005-10-10,16.073626887270514,16.175632177291618,16.02726054641787,16.05198860168457,1891400,0.0,0.0
2005-10-11,16.12617992254323,16.154001056262274,15.909805240998104,15.953080177307129,3497200,0.0,0.0
2005-10-12,15.928345669521894,16.231271750768638,15.928345669521894,16.197269439697266,4204800,0.0,0.0
2005-10-13,16.18490503244144,16.259090841448366,15.86343209365366,16.12617301940918,4859200,0.0,0.0
2005-10-14,16.153995821021198,16.243637084960938,16.101446640623692,16.243637084960938,2618000,0.0,0.0
2005-10-17,16.20963109187396,16.382732391357422,16.20963109187396,16.382732391357422,2749500,0.0,0.0
2005-10-18,16.336366135098032,16.35182157887924,16.11071731574698,16.160173416137695,3419400,0.0,0.0
2005-10-19,16.129265034985508,16.441465377807617,16.076717507745634,16.441465377807617,5243100,0.0,0.0
2005-10-20,16.43837301721809,16.762935718834786,16.293091171564356,16.642383575439453,9993800,0.0,0.0
2005-10-21,16.8309383392334,16.892760113082826,16.738205678459256,16.8309383392334,5534700,0.0,0.0
2005-10-24,16.8773057089785,17.0596796231382,16.82475653811578,17.04731559753418,3807200,0.0,0.0
2005-10-25,16.988583589051196,17.065860811121958,16.911308016616935,17.04731559753418,5394800,0.0,0.0
2005-10-26,16.98549362549163,17.115318367302866,16.951491318242326,17.02876853942871,4255700,0.0,0.0
2005-10-27,17.028766889177422,17.087497241660245,16.834028970514307,16.85875701904297,4147700,0.0,0.0
2005-10-28,16.94840580260179,17.18641873697393,16.861855944582295,17.170963287353516,4744000,0.0,0.0
2005-10-31,17.133870672142518,17.328608671527654,17.090595744461044,17.16478157043457,5887200,0.0,0.0
2005-11-01,16.401280163228495,16.657839908997694,16.398188744076773,16.460010528564453,13435900,0.0,0.0
2005-11-02,16.460009522060187,16.62383823071668,16.460009522060187,16.60529136657715,4934800,0.0,0.0
2005-11-03,16.63002154990044,16.67020505265453,16.47855849768691,16.521833419799805,5164500,0.0,0.0
2005-11-04,16.54347341247562,16.583656919375468,16.35800802745423,16.537290573120117,6005000,0.0,0.0
2005-11-07,16.543466371790696,16.58983269831314,16.503282881992423,16.558921813964844,3699500,0.0,0.0
2005-11-08,16.56819862945446,16.61147354861113,16.497104237242546,16.5620174407959,3161400,0.0,0.0
2005-11-09,16.565113737656496,16.691848775554494,16.506383349256154,16.657846450805664,3726000,0.0,0.0
2005-11-10,16.660930235272048,16.82784871251239,16.64547479016393,16.69184112548828,5475100,0.0,0.0
2005-11-11,16.725840734447665,16.725840734447665,16.62383547305637,16.68565559387207,2912400,0.0,0.0
2005-11-14,16.65475204670757,16.682571522985448,16.4847421198977,16.528017044067383,3439500,0.0,0.0
2005-11-15,16.562016724412082,16.57438075083109,16.40746227008296,16.503286361694336,3105200,0.0,0.0
2005-11-16,16.636202141246468,16.707296528710938,16.41982591027529,16.4661922454834,4550600,0.0,0.0
2005-11-17,16.5651083419127,16.586746627787548,16.41364528969917,16.521833419799805,4857300,0.0,0.0
2005-11-18,16.521832707436122,16.56819904690867,16.422918839676726,16.463102340698242,5341300,0.0,0.0
2005-11-21,16.48164785029028,16.48164785029028,16.113808584001553,16.225088119506836,6972800,0.0,0.0
2005-11-22,16.25909355240751,16.367281689725377,16.21272720784271,16.358007431030273,8162000,0.0,0.0
2005-11-23,16.376552261520782,16.39509912696683,16.29618361101237,16.320913314819336,5854800,0.0,0.0
2005-11-25,16.361096507172952,16.364187926295198,16.197269439697266,16.197269439697266,2190500,0.0,0.0
2005-11-28,16.29000136399939,16.429098721716468,16.259090473476352,16.41673469543457,5129500,0.0,0.0
2005-11-29,16.478556794399356,16.574380886796817,16.43219045772026,16.506376266479492,6243400,0.0,0.0
2005-11-30,16.52811040776753,16.577772786497544,16.26428243721664,16.310840606689453,5854800,0.07863,0.0
2005-12-01,16.326355400860304,16.481547598956745,16.326355400860304,16.466028213500977,7455200,0.0,0.0
2005-12-02,16.521899686320236,16.556042667043773,16.5094845087284,16.546730041503906,6145200,0.0,0.0
2005-12-05,16.52810644688549,16.55914521909574,16.47844573651815,16.546730041503906,5557600,0.0,0.0
2005-12-06,16.605705935943757,16.74538043241029,16.587083994917478,16.680198669433594,4578900,0.0,0.0
2005-12-07,16.68019919759014,16.760900351618417,16.528109516803173,16.590187072753906,7426400,0.0,0.0
2005-12-08,16.60570611947267,16.80435396312825,16.552941191879093,16.798147201538086,9357600,0.0,0.0
2005-12-09,16.832284909873035,16.937816398816068,16.757792191587438,16.8974666595459,9107700,0.0,0.0
2005-12-12,16.906781941004702,16.98127633475473,16.773315855715612,16.87264060974121,6838000,0.0,0.0
2005-12-13,16.87574263456759,16.978169928023643,16.714340344282625,16.93781852722168,7924700,0.0,0.0
2005-12-14,16.9626522064209,17.046455912079246,16.89126202405089,16.9626522064209,4199200,0.0,0.0
2005-12-15,16.993686253979895,17.009205638463044,16.76089548673267,16.77641487121582,3946000,0.0,0.0
2005-12-16,16.77641321418988,16.795036805022413,16.627427800451578,16.698816299438477,5151600,0.0,0.0
2005-12-19,16.90057321105455,17.09922103951107,16.69882117380966,16.990585327148438,9792400,0.0,0.0
2005-12-20,17.034037209575185,17.071284397583664,16.74227309171299,16.767105102539062,4578600,0.0,0.0
2005-12-21,16.791936005634025,17.3133867160252,16.791936005634025,17.20164680480957,7572700,0.0,0.0
2005-12-22,17.23889328517111,17.300969170559096,17.086803638932725,17.19233512878418,3179900,0.0,0.0
2005-12-23,17.226480908819887,17.363051204932223,17.198546339052175,17.3258056640625,3888300,0.0,0.0
2005-12-27,17.359942966613232,17.530654538497274,17.108528608121745,17.142671585083008,6584200,0.0,0.0
2005-12-28,17.17992748085223,17.192344321030003,16.981281228477805,17.0278377532959,2681800,0.0,0.0
2005-12-29,17.142669210954672,17.19853832445483,17.00920318622601,17.04955291748047,2182400,0.0,0.0
2005-12-30,16.944028298043314,17.17371491682365,16.931613118520893,17.09922218322754,2041400,0.0,0.0
2006-01-03,17.288553707047363,17.366150633073296,17.127153094790156,17.322696685791016,7051200,0.0,0.0
2006-01-04,17.288556016131707,17.50272322927552,17.288556016131707,17.46858024597168,6485400,0.0,0.0
2006-01-05,17.46857791284304,17.549279047202255,17.304073092252548,17.322696685791016,5578000,0.0,0.0
2006-01-06,17.394085138320097,17.53996802135671,17.32269662919397,17.50582504272461,3226300,0.0,0.0
2006-01-09,17.614461978502842,18.076937700901734,17.602046800797726,18.021068572998047,11509200,0.0,0.0
2006-01-10,17.97140764498108,18.111082132387658,17.881395528833583,17.986927032470703,4982900,0.0,0.0
2006-01-11,17.927954986327407,18.067629483823364,17.74172232299947,17.79448890686035,4139000,0.0,0.0
2006-01-12,17.794489896150704,17.797594105337733,17.54617966457523,17.732412338256836,3717100,0.0,0.0
2006-01-13,17.785178748780783,18.073838727541663,17.692062412862864,18.039695739746094,4075000,0.0,0.0
2006-01-17,17.788279692023004,17.96209716796875,17.788279692023004,17.96209716796875,4482300,0.0,0.0
2006-01-18,17.993131456687802,17.993131456687802,17.6330830720063,17.7696533203125,2982300,0.0,0.0
2006-01-19,17.56790975240454,17.878295925694445,17.120951608854327,17.183029174804688,6965900,0.0,0.0
2006-01-20,17.17991758146522,17.33511142964042,17.04334732636328,17.17060661315918,7971500,0.0,0.0
2006-01-23,17.14577881750754,17.319594628221264,17.006104333315953,17.304075241088867,3614100,0.0,0.0
2006-01-24,17.257519442396315,17.403402363998076,17.167507315997245,17.34442901611328,4261900,0.0,0.0
2006-01-25,17.338217762416967,17.381671713938374,17.16750450850607,17.2823486328125,3145200,0.0,0.0
2006-01-26,17.394089983887827,17.53376448918806,17.307182065396802,17.3258056640625,3098500,0.0,0.0
2006-01-27,17.335118088666675,17.6920640765851,17.28855991632949,17.639297485351562,5164500,0.0,0.0
2006-01-30,17.608251429262733,17.676537383064225,17.241994620773976,17.266826629638672,3393100,0.0,0.0
2006-01-31,17.397195359604666,17.515142064959946,17.279248654249386,17.369260787963867,7468100,0.0,0.0
2006-02-01,17.31028055419171,17.394084235800893,17.124047942000903,17.319591522216797,5103800,0.0,0.0
2006-02-02,17.453058544806503,17.508929325476867,17.102322757869977,17.25751495361328,8297400,0.0,0.0
2006-02-03,17.381673383804205,17.4903091012751,17.257518278123186,17.29476547241211,11621400,0.0,0.0
2006-02-06,17.30407616519623,17.456165835923652,17.294765195004118,17.366153717041016,5045600,0.0,0.0
2006-02-07,17.366148964979118,17.51823859408883,17.279241078762443,17.310279846191406,6593400,0.0,0.0
2006-02-08,17.471684290826488,17.471684290826488,17.20475215731837,17.304075241088867,6442900,0.0,0.0
2006-02-09,17.22027182011048,17.415815438524366,17.20164822396119,17.238895416259766,5306400,0.0,0.0
2006-02-10,17.23890310082435,17.27614865326437,16.91610003069983,17.173721313476562,5050100,0.0,0.0
2006-02-13,17.17371217141769,17.446852703092787,17.074387438193305,17.37856674194336,4700900,0.0,0.0
2006-02-14,17.375461348741627,17.44374564226418,17.21095488976698,17.328903198242188,4095700,0.0,0.0
2006-02-15,17.332007935369298,17.428228456493922,17.10852977866763,17.17991828918457,4083100,0.0,0.0
2006-02-16,17.195436237428044,17.232683421995787,17.077489580398712,17.214059829711914,3035200,0.0,0.0
2006-02-17,17.204752404505467,17.32890750334844,17.13646643755725,17.297868728637695,3221600,0.0,0.0
2006-02-21,17.26062060592326,17.41271026251484,17.229581832885742,17.229581832885742,2782600,0.0,0.0
2006-02-22,17.33821503866118,17.707576053260244,17.335110830512722,17.626874923706055,6470000,0.0,0.0
2006-02-23,17.642394552255688,17.68895270574375,17.552382453470994,17.614459991455078,3336000,0.0,0.0
2006-02-24,17.580317703924422,17.723096378181065,17.539967965236357,17.688953399658203,2500500,0.0,0.0
2006-02-27,17.642398340789217,17.75413826444786,17.636189923073154,17.66722869873047,3120000,0.0,0.0
2006-02-28,17.56169512482608,17.595838105320954,17.34442537727077,17.508930206298828,4096800,0.0,0.0
2006-03-01,17.515163769922736,17.861041777089053,17.508931044608374,17.85481071472168,5211200,0.07863,0.0
2006-03-02,17.76133248727978,17.8548134033901,17.649155055357948,17.745752334594727,4131800,0.0,0.0
2006-03-03,17.652267734788282,17.91713027516236,17.652267734788282,17.808069229125977,8889200,0.0,0.0
2006-03-06,17.761328196438345,17.808068643201793,17.52762596262112,17.617990493774414,2893100,0.0,0.0
2006-03-07,17.455961522703618,17.605530317842096,17.29392727551428,17.49335289001465,5044700,0.0,0.0
2006-03-08,17.44973001584238,17.546327298302423,17.3375542431247,17.51205062866211,4574100,0.0,0.0
2006-03-09,17.512050040942714,17.917134010676,17.38429245636046,17.44038200378418,8037500,0.0,0.0
2006-03-10,17.20044363100549,17.37182359755059,17.15993424808482,17.26899528503418,7524100,0.0,0.0
2006-03-13,17.331320442802955,17.384291962649197,17.222259377125926,17.281463623046875,2953000,0.0,0.0
2006-03-14,17.222258260691465,17.393639924216963,17.206678109461873,17.32508659362793,4163400,0.0,0.0
2006-03-15,17.293928736284162,17.34066919658137,17.178636598652773,17.209796905517578,4885800,0.0,0.0
2006-03-16,17.32508419489461,17.40921766506459,17.244068750075346,17.315736770629883,3125000,0.0,0.0
2006-03-17,17.424800226676144,17.49023719442984,17.300159016839416,17.32508659362793,4246800,0.0,0.0
2006-03-20,17.39675845080383,17.42168603069275,17.131895846958045,17.175519943237305,5706500,0.0,0.0
2006-03-21,17.15370661343741,17.16305403900744,16.94181722164197,17.05087661743164,7773400,0.0,0.0
2006-03-22,16.98232274902709,17.069570919531472,16.87637806685838,17.01348304748535,4975400,0.0,0.0
2006-03-23,16.935580604927697,16.951160752596188,16.711227476269464,16.742387771606445,6824800,0.0,0.0
2006-03-24,16.70811492146428,16.79224674027742,16.521153106838966,16.745506286621094,7143800,0.0,0.0
2006-03-27,16.689418443680555,16.786015714036303,16.577241022072176,16.623981475830078,7703400,0.0,0.0
2006-03-28,16.608394687364314,16.71433934095414,16.53049396223261,16.639554977416992,10434800,0.0,0.0
2006-03-29,16.617746540481487,16.667601682513958,16.527382016864266,16.592817306518555,7195300,0.0,0.0
2006-03-30,16.59282757725824,16.630220619875086,16.31861747456046,16.418331146240234,10764400,0.0,0.0
2006-03-31,16.455717372010803,16.524270707688338,16.15969613962291,16.18462371826172,10787400,0.0,0.0
2006-04-03,16.259404023580938,16.42766929439766,16.16592313279978,16.303028106689453,9286800,0.0,0.0
2006-04-04,16.303025473683636,16.717456690702363,16.1378765918212,16.652021408081055,9704800,0.0,0.0
2006-04-05,16.652025055900065,16.711229290879754,16.524267498556387,16.56165885925293,6634800,0.0,0.0
2006-04-06,16.505566801900827,16.505566801900827,16.359114432813964,16.371578216552734,5755200,0.0,0.0
2006-04-07,16.37469873898831,16.427670249074612,16.122299986621943,16.165924072265625,6142400,0.0,0.0
2006-04-10,15.925989872287136,16.165923161280066,15.925989872287136,16.05686378479004,5338500,0.0,0.0
2006-04-11,16.097373942734887,16.10049030549424,15.891715618929217,15.94468879699707,6157200,0.0,0.0
2006-04-12,16.013237224107613,16.053746605891618,15.851204685811714,15.87924861907959,6591500,0.0,0.0
2006-04-13,15.633086158234121,15.96338569682889,15.633086158234121,15.891716003417969,4407100,0.0,0.0
2006-04-17,15.89171247297606,15.944685640557248,15.7514928060338,15.788884162902832,4915200,0.0,0.0
2006-04-18,15.807585032744369,15.854325488932307,15.595695629871246,15.82939624786377,9464200,0.0,0.0
2006-04-19,15.820044826471385,16.15657536085529,15.78265346873248,16.112951278686523,7079700,0.0,0.0
2006-04-20,16.21889800908692,16.876379013061523,16.21889800908692,16.876379013061523,16498100,0.0,0.0
2006-04-21,16.888841629439096,16.888841629439096,16.368465649862685,16.493106842041016,5038600,0.0,0.0
2006-04-24,16.44325646692674,16.539853761253426,16.34977553621334,16.505577087402344,3223000,0.0,0.0
2006-04-25,16.505575286630606,16.605288933691728,16.246945405052585,16.26252555847168,3846100,0.0,0.0
2006-04-26,16.278109005807845,16.443258000289628,16.23136853609251,16.408981323242188,2859500,0.0,0.0
2006-04-27,16.2967992414924,16.72992543161737,16.243826064398178,16.61151695251465,4823400,0.0,0.0
2006-04-28,16.61463837457238,16.61463837457238,16.42767651087995,16.4775333404541,5924700,0.0,0.0
2006-05-01,16.4713019495293,16.514927718288398,16.38717010181029,16.408981323242188,8210700,0.0,0.0
2006-05-02,16.43701881855258,16.44636624270067,16.140995989869865,16.278100967407227,8947100,0.0,0.0
2006-05-03,16.26564447502648,16.40586587780942,16.10984291637877,16.212671279907227,4029600,0.0,0.0
2006-05-04,16.25629038285988,16.33419113821933,16.18462235310801,16.222015380859375,2847800,0.0,0.0
2006-05-05,16.19708214734971,16.380927552074304,16.03193325189044,16.25005531311035,5705400,0.0,0.0
2006-05-08,16.577239395146396,16.898189814273056,16.54607909569927,16.779781341552734,10254100,0.0,0.0
2006-05-09,16.76420244922641,16.792246388242877,16.636446542268402,16.67695426940918,2954900,0.0,0.0
2006-05-10,16.67694885621731,16.754849585392176,16.56165511185991,16.711225509643555,2798500,0.0,0.0
2006-05-11,16.754852630931065,16.77354914192081,16.52426676324905,16.5491943359375,2594300,0.0,0.0
2006-05-12,16.55231156863578,16.623979591093732,16.474410821204575,16.50245475769043,6086200,0.0,0.0
2006-05-15,16.8888484828687,16.95116910424733,16.639565997354172,16.845224380493164,4933100,0.0,0.0
2006-05-16,16.83899165317629,16.895081210185573,16.70500298239124,16.845224380493164,2794900,0.0,0.0
2006-05-17,16.81406158105541,16.8763821932096,16.748624605704055,16.776668548583984,6602700,0.0,0.0
2006-05-18,16.720572931965933,16.870141666803068,16.67071613270472,16.711225509643555,4874600,0.0,0.0
2006-05-19,16.757973258084824,17.004137674134785,16.717463863473114,16.9511661529541,5832700,0.0,0.0
2006-05-22,17.203566583933238,17.203566583933238,16.804715265485353,16.879501342773438,4126700,0.0,0.0
2006-05-23,16.873261442118643,16.907538102479254,16.72369267702287,16.736156463623047,4221600,0.0,0.0
2006-05-24,16.73927515227188,17.08203681467114,16.701882124327994,16.985441207885742,6000300,0.0,0.0
2006-05-25,16.979208638673484,17.0820369720459,16.854567428308332,17.0820369720459,3554500,0.0,0.0
2006-05-26,17.041531294225713,17.13501221324683,16.920006432087714,17.02283477783203,3890300,0.0,0.0
2006-05-30,16.94181376785208,16.963624977384704,16.7205753326416,16.7205753326416,6628400,0.0,0.0
2006-05-31,16.742499723286027,16.90215984514105,16.6767564356643,16.830156326293945,6382500,0.08935,0.0
2006-06-01,16.84267625001677,17.07747248162787,16.820762937505215,17.014860153198242,4054000,0.0,0.0
2006-06-02,16.942852168063464,17.033639686157134,16.76440641088587,16.971027374267578,3599000,0.0,0.0
2006-06-05,16.914677032904628,17.039901669578647,16.642314450577288,16.66109848022461,3876000,0.0,0.0
2006-06-06,16.664231646751237,16.86772170841217,16.5828352879406,16.85519790649414,4493000,0.0,0.0
2006-06-07,16.88023788443784,16.95224136640792,16.78945037694882,16.83327865600586,3660900,0.0,0.0
2006-06-08,16.83327446143426,16.899016028272754,16.70804988348619,16.845796585083008,8302200,0.0,0.0
2006-06-09,16.76441155549015,16.81450175451948,16.557792199432726,16.576576232910156,5281700,0.0,0.0
2006-06-12,16.592225595433884,16.601616774701228,16.441955032039044,16.46700096130371,3580000,0.0,0.0
2006-06-13,16.40439019954616,16.564050286614734,16.29481863429373,16.33551597595215,6358700,0.0,0.0
2006-06-14,16.357429578897957,16.420041896623175,16.135155516827226,16.351167678833008,3184100,0.0,0.0
2006-06-15,16.319861324746466,16.582832721900402,16.27603303700932,16.570310592651367,4278700,0.0,0.0
2006-06-16,16.573441083177205,16.639182677594828,16.50769781802857,16.589094161987305,5836300,0.0,0.0
2006-06-19,16.59222259388373,16.59222259388373,16.341773370929904,16.39499282836914,2299600,0.0,0.0
2006-06-20,16.369954878535225,16.592228983652006,16.341779664248623,16.44508934020996,2814500,0.0,0.0
2006-06-21,16.438823083080138,16.582830052358037,16.388732903416578,16.492042541503906,2878800,0.0,0.0
2006-06-22,16.38560702112531,16.420044134714253,16.28542830154901,16.304210662841797,5249600,0.0,0.0
2006-06-23,16.266638792422594,16.319858249384925,16.160198207767195,16.263507843017578,3767500,0.0,0.0
2006-06-26,16.504567740151565,16.51396059037251,16.35742979400106,16.413780212402344,4025400,0.0,0.0
2006-06-27,16.382475673347024,16.463872029656457,16.307341217804186,16.357431411743164,2876300,0.0,0.0
2006-06-28,16.35429840885136,16.45447878415641,16.294817041958822,16.329254150390625,3165300,0.0,0.0
2006-06-29,16.441951680977162,16.607873619090395,16.32298897109191,16.592222213745117,3689700,0.0,0.0
2006-06-30,16.564049683362637,16.648576984628566,16.517090442821818,16.567180633544922,6091200,0.0,0.0
2006-07-03,16.501433262626776,16.529610136535243,16.39812362739818,16.510826110839844,1410700,0.0,0.0
2006-07-05,16.482655772679767,16.58596543840122,16.407521318452233,16.542137145996094,2858900,0.0,0.0
2006-07-06,16.513962254259653,16.5703126783386,16.413781866195674,16.49517822265625,2542500,0.0,0.0
2006-07-07,16.5045646687371,16.614136205806414,16.438823083080138,16.492042541503906,1630100,0.0,0.0
2006-07-10,16.55465239595229,16.560914294006622,16.451342773169515,16.47638702392578,1882200,0.0,0.0
2006-07-11,16.54839621768807,16.585964277538036,16.404389219969126,16.579702377319336,2300700,0.0,0.0
2006-07-12,16.517087639185068,16.570308771056613,16.382471840777086,16.460737228393555,2057300,0.0,0.0
2006-07-13,16.435696997547247,16.482656241616866,16.266644053042874,16.282297134399414,2795700,0.0,0.0
2006-07-14,16.26037874259952,16.29794679827015,16.069412526678104,16.125762939453125,2977000,0.0,0.0
2006-07-17,16.110104321892766,16.38559773297877,16.106973373208305,16.25724220275879,3020400,0.0,0.0
2006-07-18,16.25725410109775,16.435699928678723,16.185250582309124,16.416915893554688,3737000,0.0,0.0
2006-07-19,16.47952658350965,16.560922947092944,16.407523071915623,16.51396369934082,5404000,0.0,0.0
2006-07-20,16.429428599901545,16.432559549081013,15.640516284667427,15.743825912475586,10753800,0.0,0.0
2006-07-21,15.490248197574997,16.003668809669577,15.490248197574997,15.75635051727295,8321800,0.0,0.0
2006-07-24,15.759482929754576,15.953580107935538,15.70000156338833,15.875314712524414,5858700,0.0,0.0
2006-07-25,15.890968957457956,16.025586449880006,15.734439825882886,15.797050476074219,4764400,0.0,0.0
2006-07-26,15.684349634998659,15.95045032818809,15.684349634998659,15.797050476074219,6415500,0.0,0.0
2006-07-27,15.84087911348862,16.019323210766522,15.731307561031114,15.746960639953613,5054000,0.0,0.0
2006-07-28,15.728175324460741,15.809571662345341,15.609212602673857,15.653040885925293,5109400,0.0,0.0
2006-07-31,15.590429850728604,15.812702234843304,15.5872989007979,15.746960639953613,6620600,0.0,0.0
2006-08-01,15.653039434815938,15.699998663388614,15.540336952095371,15.634255409240723,2509200,0.0,0.0
2006-08-02,15.643650933658801,15.762615348205376,15.57164743146494,15.64991283416748,4366800,0.0,0.0
2006-08-03,15.646782446225734,15.988019280125908,15.559125860341172,15.903491973876953,4795700,0.0,0.0
2006-08-04,15.981758092469269,16.125766779188957,15.784529930063416,15.844011306762695,3268300,0.0,0.0
2006-08-07,15.844009427409324,15.91288364745869,15.700002428502499,15.740699768066406,3001100,0.0,0.0
2006-08-08,15.712520021527258,15.850266751122291,15.618601568976466,15.65929889678955,4497700,0.0,0.0
2006-08-09,15.721915533594492,15.781396902465044,15.314937131052945,15.333721160888672,5323100,0.0,0.0
2006-08-10,15.333721154810284,15.339981384265641,15.158406327631491,15.192843437194824,5010300,0.0,0.0
2006-08-11,15.183449139792957,15.217884571554023,14.989350322643205,15.030049324035645,3738400,0.0,0.0
2006-08-14,15.152142055817956,15.208492459538277,14.970565376894562,14.986218452453613,6036400,0.0,0.0
2006-08-15,15.102053304130537,15.114575431612586,14.979959637401633,15.008134841918945,8072500,0.0,0.0
2006-08-16,15.073880828149846,15.152146227493063,14.958047368829439,14.979962348937988,5788500,0.0,0.0
2006-08-17,14.995614344665968,15.142752282354882,14.936132979611683,15.05196475982666,7536900,0.0,0.0
2006-08-18,15.114575431612586,15.21788507175301,14.998743663990114,15.008134841918945,6649400,0.0,0.0
2006-08-21,15.00187590399623,15.005006854167458,14.7389061627738,14.757688522338867,6327100,0.0,0.0
2006-08-22,14.795256466864757,14.870390916729054,14.619941636693975,14.626203536987305,5466400,0.0,0.0
2006-08-23,14.604289503486378,14.77021149397387,14.500979837066806,14.767082214355469,7555700,0.0,0.0
2006-08-24,14.60428714726661,14.635593304249712,14.38514571911587,14.400798797607422,13491300,0.0,0.0
2006-08-25,14.435233885290689,14.51036832609047,14.325664009225418,14.410189628601074,8130400,0.0,0.0
2006-08-28,14.466538656369647,14.585503041082003,14.438363452608828,14.52915096282959,6180700,0.0,0.0
2006-08-29,14.572982682828329,14.682554244995117,14.56359150293507,14.682554244995117,7502200,0.0,0.0
2006-08-30,14.839921598110399,15.063386820129029,14.821036905603219,15.053943634033203,11774800,0.08935,0.0
2006-08-31,15.075977339281241,15.305736358581518,15.025618714867798,15.274262428283691,9611600,0.0,0.0
2006-09-01,15.343501279887379,15.400155351942674,15.267964196831295,15.374975204467773,7155300,0.0,0.0
2006-09-05,15.437924157424632,15.736926462316742,15.422187194009258,15.721189498901367,12866000,0.0,0.0
2006-09-06,15.648796871289672,15.699153799955816,15.56381661471842,15.598438262939453,11388100,0.0,0.0
2006-09-07,15.554376987624101,15.560670764624867,15.393859638998245,15.459955215454102,8006400,0.0,0.0
2006-09-08,15.532347078081282,15.696010501804361,15.463105441781554,15.673979759216309,5625900,0.0,0.0
2006-09-11,15.702308279112723,16.042226092176957,15.636212682215566,16.035930633544922,8610200,0.0,0.0
2006-09-12,16.035927191705916,16.15867517120641,15.944653139240646,16.098875045776367,7991600,0.0,0.0
2006-09-13,16.089436385534526,16.504891288076983,16.086288656337327,16.43564796447754,9002000,0.0,0.0
2006-09-14,16.43879294070091,16.520625487700073,16.363255851041856,16.366403579711914,6188600,0.0,0.0
2006-09-15,16.419907512512218,16.501740055844085,16.375844352159486,16.378992080688477,9271400,0.0,0.0
2006-09-18,16.36325263182119,16.366400359871978,16.190146065553233,16.205883026123047,4673200,0.0,0.0
2006-09-19,16.2310644145671,16.26253833811845,16.098873263777726,16.246801376342773,3694100,0.0,0.0
2006-09-20,16.246804421379764,16.341226209730703,16.205887305283618,16.278278350830078,2446800,0.0,0.0
2006-09-21,16.246804693812972,16.341226483747214,15.972982510814436,16.054813385009766,4555400,0.0,0.0
2006-09-22,16.11461411577783,16.2121836382781,16.045372475059807,16.19015121459961,3237200,0.0,0.0
2006-09-25,16.334931787823137,16.5426600713049,16.26883619584921,16.43879508972168,4756300,0.0,0.0
2006-09-26,16.492298484288614,16.570983298778255,16.360107324072263,16.41676139831543,3648500,0.0,0.0
2006-09-27,16.39788074069835,16.407322248885922,16.221626376946976,16.231069564819336,3965300,0.0,0.0
2006-09-28,16.27198489514231,16.38214366177214,16.18071082444312,16.360111236572266,3261000,0.0,0.0
2006-09-29,16.372702153649207,16.429354561756355,16.31919579512652,16.360111236572266,2642100,0.0,0.0
2006-10-02,16.39473054054791,16.39473054054791,15.991864923847848,16.057960510253906,3855900,0.0,0.0
2006-10-03,16.098874196372908,16.127200393273185,15.957243211871514,16.029632568359375,4199700,0.0,0.0
2006-10-04,15.998163071435432,16.18700667595688,15.963541408002868,16.146089553833008,5109900,0.0,0.0
2006-10-05,16.11461047928606,16.19014756106182,16.070547321557225,16.161821365356445,3139000,0.0,0.0
2006-10-06,16.08313941925206,16.124056535609963,15.891149792124608,15.94465446472168,5557100,0.0,0.0
2006-10-09,15.913178372599578,16.0674002709983,15.872262941486326,16.029632568359375,4379700,0.0,0.0
2006-10-10,16.035929980702516,16.237362812824625,16.02963620201151,16.196447372436523,4113800,0.0,0.0
2006-10-11,16.199588362689322,16.199588362689322,15.806164369986085,15.900586128234863,6974200,0.0,0.0
2006-10-12,15.960391170652837,15.998160557495998,15.604736443232031,15.673979759216309,8654700,0.0,0.0
2006-10-13,15.626764495268882,15.677123103748114,14.981550808003249,15.233342170715332,16765000,0.0,0.0
2006-10-16,15.10745297845255,15.324622786135695,15.10745297845255,15.242790222167969,6298200,0.0,0.0
2006-10-17,15.123186201397845,15.23963872003185,15.072827583755178,15.145216941833496,8365700,0.0,0.0
2006-10-18,15.195576154209846,15.280554750103676,15.003584861755373,15.003584861755371,8800200,0.0,0.0
2006-10-19,14.714023809198236,14.994141389485662,14.682549886026969,14.88398265838623,8256000,0.0,0.0
2006-10-20,14.874546125703539,14.912313838323845,14.569249976695692,14.836776733398438,10291000,0.0,0.0
2006-10-23,14.855656619973567,15.057089394454925,14.839919658222145,15.013026237487793,9523500,0.0,0.0
2006-10-24,14.959525233195752,15.025620832071388,14.846220411905918,14.890283584594727,9306100,0.0,0.0
2006-10-25,14.805299283821354,15.094860076904299,14.805299283821354,15.094860076904297,9673200,0.0,0.0
2006-10-26,15.12318697713473,15.255376465582394,15.013028230252772,15.252228736877441,5589200,0.0,0.0
2006-10-27,15.233347989924571,15.261674193113603,15.063389091105647,15.116893768310547,7940400,0.0,0.0
2006-10-30,15.107451838878564,15.186136667588235,14.997293078685024,15.151515007019043,7521000,0.0,0.0
2006-10-31,15.201872859962682,15.3686840164671,15.198725131037495,15.321473121643066,8833500,0.0,0.0
2006-11-01,15.334062559912637,15.548084614064,15.267966970350281,15.274262428283691,9691100,0.0,0.0
2006-11-02,15.27741130385845,15.434779287473823,15.27741130385845,15.365537643432617,5698600,0.0,0.0
2006-11-03,15.437922157670181,15.63620719914523,15.422185196293299,15.573259353637695,7857600,0.0,0.0
2006-11-06,15.620473976773493,15.721191225567484,15.434778124013897,15.55123233795166,6524900,0.0,0.0
2006-11-07,15.541790847067336,15.683421853825473,15.491432222617435,15.611032485961914,5724400,0.0,0.0
2006-11-08,15.327763174745133,15.327763174745133,14.79270817645693,14.858803749084473,35969900,0.0,0.0
2006-11-09,14.82418548457479,14.874544107587544,14.625900401087492,14.75494384765625,16612800,0.0,0.0
2006-11-10,14.792712140560443,14.877692425237768,14.71087958488684,14.83048152923584,9404000,0.0,0.0
2006-11-13,14.824188069104704,14.990999252252372,14.802157322478802,14.912314414978027,5050100,0.0,0.0
2006-11-14,14.912312069371938,15.044503247074001,14.82418573736029,15.025618553161621,6860400,0.0,0.0
2006-11-15,14.950083336033163,15.025620441491137,14.880840009547217,14.906020164489746,9407100,0.0,0.0
2006-11-16,14.924903896376208,15.08856733434561,14.924903896376208,15.044504165649414,5903200,0.0,0.0
2006-11-17,15.013029519160114,15.0413557205676,14.890281526604596,14.978407859802246,5026300,0.0,0.0
2006-11-20,14.978409397367775,15.035061805998238,14.817893679686536,14.855661392211914,4379100,0.0,0.0
2006-11-21,14.880837731830265,14.91860711862053,14.52203695574549,14.566100120544434,12906000,0.0,0.0
2006-11-22,14.603869002298646,14.622753697212753,14.50944888709749,14.578690528869629,10732500,0.0,0.0
2006-11-24,14.477972984313965,14.525183875329192,14.43390814228552,14.477972984313965,2983200,0.0,0.0
2006-11-27,14.487414916707568,14.534625809111233,14.197855784442456,14.226181983947754,9829900,0.0,0.0
2006-11-28,14.273393111346058,14.29227780455534,14.138055889434519,14.160086631774902,7708700,0.0,0.0
2006-11-29,14.131603787259484,14.372142636880758,14.131603787259484,14.324667930603027,8018200,0.08935,0.0
2006-11-30,14.324663978696568,14.590521922692513,14.267693333438089,14.508232116699219,12070000,0.0,0.0
2006-12-01,14.429109500650243,14.593687444925378,14.403790336629552,14.43227481842041,9352500,0.0,0.0
2006-12-04,14.495574871888032,14.796246288071607,14.482915289480886,14.729783058166504,11720500,0.0,0.0
2006-12-05,14.78042308497479,15.169715000850026,14.767763501113993,15.166549682617188,12973400,0.0,0.0
2006-12-06,15.147560698432425,15.517862382908755,15.005136583848335,15.460891723632812,14735300,0.0,0.0
2006-12-07,15.476719709439266,15.552678914540424,15.400760504338107,15.429244995117188,14142400,0.0,0.0
2006-12-08,15.239343841452127,15.30897239080583,15.036785451132552,15.153888702392578,13952700,0.0,0.0
2006-12-11,15.153889014798079,15.622305407635652,15.138064113836396,15.533686637878418,10016500,0.0,0.0
2006-12-12,15.473549614170084,15.634962224162754,15.372269590307495,15.451394081115723,5314200,0.0,0.0
2006-12-13,15.451397442557715,15.502037465505715,15.356448032931656,15.384932518005371,4325100,0.0,0.0
2006-12-14,15.514697692343312,15.758400173713822,15.511532374077081,15.704596519470215,7114700,0.0,0.0
2006-12-15,15.67294750630363,15.698266675570729,15.540017644974705,15.58116340637207,5590400,0.0,0.0
2006-12-18,15.58116048026318,15.679273509550763,15.527355144336793,15.60647964477539,4279200,0.0,0.0
2006-12-19,15.533688350257277,15.736246767082028,15.508367492485043,15.717256546020508,4926700,0.0,0.0
2006-12-20,15.717249311795609,15.919807635388239,15.650784413207598,15.888157844543457,5493800,0.0,0.0
2006-12-21,15.8850009593553,15.932475670821905,15.748907462112665,15.840691566467285,5657500,0.0,0.0
2006-12-22,15.793211961556949,15.82486175939483,15.638128289965385,15.660282135009766,3323700,0.0,0.0
2006-12-26,15.628638790769106,15.805876361437473,15.615977516517876,15.767897605895996,1785900,0.0,0.0
2006-12-27,15.74257156224812,15.74573687976855,15.587487894448826,15.622303009033203,5393400,0.0,0.0
2006-12-28,15.62547043275248,15.682439399518506,15.530521028762161,15.536849975585938,4532400,0.0,0.0
2006-12-29,15.53685002164657,15.62230516111936,15.410252505021242,15.435571670532227,3919900,0.0,0.0
2007-01-03,15.445065772334432,15.464055990802466,15.043114311934628,15.103248596191406,9551200,0.0,0.0
2007-01-04,15.119076404944655,15.676111660018726,15.068438064716627,15.666617393493652,18975100,0.0,0.0
2007-01-05,15.587492006015852,15.81220596225748,15.565338155669602,15.717256546020508,8448200,0.0,0.0
2007-01-08,15.701425176950668,15.723579018173238,15.543176215061179,15.685600280761719,5268600,0.0,0.0
2007-01-09,15.733079167889457,15.809038352053044,15.638129765417375,15.70142936706543,7764400,0.0,0.0
2007-01-10,15.59065557414936,15.603315157078988,14.878536721385835,15.403922080993652,20113900,0.0,0.0
2007-01-11,15.429237908451585,15.508362395979756,15.220350612633274,15.492537498474121,7297100,0.0,0.0
2007-01-12,15.419746697009606,15.498871200195824,15.242507472058394,15.438736915588379,7124200,0.0,0.0
2007-01-16,15.429239746865822,15.432405064558115,15.270992442024179,15.318467140197754,4191400,0.0,0.0
2007-01-17,15.397589829804067,15.426075999745608,15.087422479747426,15.19186782836914,9418300,0.0,0.0
2007-01-18,15.112744269546052,15.125403851933045,14.337325846301065,14.391129493713379,38095600,0.0,0.0
2007-01-19,14.38480098385401,14.619009176871481,13.98284951870697,14.381635665893555,27793300,0.0,0.0
2007-01-22,14.460758744612683,14.54304855812374,14.242375473846215,14.315169334411621,15506700,0.0,0.0
2007-01-23,14.289852131270871,14.293017449353558,14.14426354563691,14.23604679107666,13138500,0.0,0.0
2007-01-24,14.315168568906628,14.637997170390467,14.182240436408112,14.5936861038208,14690000,0.0,0.0
2007-01-25,14.479749867693412,14.562037997284476,14.34998534854314,14.372140884399414,8458300,0.0,0.0
2007-01-26,14.321500866063898,14.387965784562367,13.916384097520485,14.372140884399414,14058800,0.0,0.0
2007-01-29,14.387964145219902,14.511398014612986,14.334158815168221,14.49240779876709,10755700,0.0,0.0
2007-01-30,14.498738281118692,14.568368516909064,14.368975452072618,14.476584434509277,7277800,0.0,0.0
2007-01-31,14.508233451753053,14.60001752920039,14.334159560740082,14.546212196350098,6414600,0.0,0.0
2007-02-01,14.527227393848747,14.761435624001805,14.438606922256588,14.451268196105957,9834600,0.0,0.0
2007-02-02,14.495576601423094,14.75826930172833,14.40695613585862,14.704463958740234,11653900,0.0,0.0
2007-02-05,14.68547333646882,14.704463556360878,13.156791882962914,13.409990310668945,85981700,0.0,0.0
2007-02-06,13.435310417460704,13.514434931652712,12.75484128448008,13.280226707458496,69554600,0.0,0.0
2007-02-07,13.292886809343203,13.647363610758159,13.26123700444523,13.5460844039917,29662900,0.0,0.0
2007-02-08,13.498610535223177,13.536590134553107,13.397331322164918,13.523930549621582,13899000,0.0,0.0
2007-02-09,13.523927855874577,13.707496023494656,13.44480335447448,13.466958045959473,13264400,0.0,0.0
2007-02-12,13.463793200948656,13.530257273568846,13.397328283793303,13.451132774353027,11227200,0.0,0.0
2007-02-13,13.425816535949705,13.530260222046543,13.349856493428417,13.425816535949707,13800200,0.0,0.0
2007-02-14,13.447969921004926,13.536588695173249,13.422649909298864,13.485949516296387,8658100,0.0,0.0
2007-02-15,13.485948740662668,13.644196904519694,13.482783422680738,13.609382629394531,15848100,0.0,0.0
2007-02-16,13.612548540472583,13.910056369855932,13.596724482497383,13.903726577758789,15550400,0.0,0.0
2007-02-20,13.90372479498774,13.90372479498774,13.735981525513113,13.82143497467041,6719100,0.0,0.0
2007-02-21,13.910055244971081,13.995509542710183,13.83093073881724,13.960695266723633,11762200,0.0,0.0
2007-02-22,13.96069599718971,14.011335177056623,13.910055972787516,13.9385404586792,6792400,0.0,0.0
2007-02-23,13.944871141721071,13.944871141721071,13.770797218492959,13.783456802368164,5656400,0.0,0.0
2007-02-26,13.799278993819321,13.853083481522782,13.596721468929015,13.704330444335938,7347800,0.0,0.0
2007-02-27,13.732818384664538,13.735983703076693,13.261237457908594,13.432146072387695,17431200,0.0,0.0
2007-02-28,13.594515743289897,13.734599739102853,13.527657820099945,13.578597068786621,12124500,0.08935,0.0
2007-03-01,13.378020069016321,13.670922608306055,13.371652770256027,13.60088062286377,7938200,0.0,0.0
2007-03-02,13.537210212000167,13.591333539470613,13.42896270751953,13.428962707519531,7511200,0.0,0.0
2007-03-05,13.37802004637648,13.457613404594275,13.314345359802246,13.314345359802246,10617500,0.0,0.0
2007-03-06,13.378020832638741,13.553125381469727,13.339816188356714,13.553125381469727,7803300,0.0,0.0
2007-03-07,13.483084763989925,13.632720131551972,13.346184845510823,13.378022193908691,14348700,0.0,0.0
2007-03-08,13.41941118673704,13.489453184713685,13.320715064901984,13.35255241394043,14166500,0.0,0.0
2007-03-09,13.38757343961386,13.45124813579736,13.323898743430359,13.406675338745117,10374100,0.0,0.0
2007-03-12,13.362102599689498,13.378021272792385,13.199732643763822,13.2888765335083,10108000,0.0,0.0
2007-03-13,13.206101950896638,13.45124938404434,13.110589897758075,13.12332534790039,14120600,0.0,0.0
2007-03-14,13.053283345506722,13.145611323724776,12.894096590275781,13.12332534790039,18934900,0.0,0.0
2007-03-15,13.11058791415262,13.288876543312723,13.069200043686264,13.228385925292969,10171800,0.0,0.0
2007-03-16,13.228386111000635,13.403491517719806,13.174262791558997,13.215651512145996,11769200,0.0,0.0
2007-03-19,13.323897822967213,13.37165384180568,13.15197649496457,13.225202560424805,5855900,0.0,0.0
2007-03-20,13.193365817066217,13.393940425716233,13.193365817066217,13.355735778808594,5681000,0.0,0.0
2007-03-21,13.31753249649203,13.65819112855578,13.253857795274943,13.6040678024292,9796000,0.0,0.0
2007-03-22,13.339817163013608,13.680475761649546,12.99279041524907,13.371654510498047,33178900,0.0,0.0
2007-03-23,13.339816637095385,13.41941000266854,13.123323362368087,13.228385925292969,12220500,0.0,0.0
2007-03-26,13.2315705822212,13.26022385527309,13.024627822620818,13.161528587341309,6732500,0.0,0.0
2007-03-27,13.097854541705713,13.247489913084276,13.053282592627736,13.142426490783691,8002500,0.0,0.0
2007-03-28,13.081935512748359,13.097854186922115,12.964137493770503,13.015077590942383,7698600,0.0,0.0
2007-03-29,13.069200797432211,13.174263366416412,12.871809409334464,12.983240127563477,8554300,0.0,0.0
2007-03-30,12.983240625118329,13.069201298281323,12.88772857726174,13.021445274353027,9348600,0.0,0.0
2007-04-02,13.024626439451739,13.218833729651879,12.970503124134963,13.139241218566895,7555100,0.0,0.0
2007-04-03,13.142425641775237,13.288876928956098,13.126506968198646,13.234753608703613,4832400,0.0,0.0
2007-04-04,13.25385445245475,13.266589049670422,13.078749068271955,13.113770484924316,4862900,0.0,0.0
2007-04-05,13.085118461791813,13.212466994687427,13.085118461791813,13.193365097045898,4050300,0.0,0.0
2007-04-09,13.218834935127022,13.365287071847513,13.148792941297948,13.234753608703613,6910500,0.0,0.0
2007-04-10,13.2443037360996,13.368469038493744,13.218833690866568,13.349367141723633,5213200,0.0,0.0
2007-04-11,13.276141836146902,13.457614538262815,13.072383161760543,13.13605785369873,14610300,0.0,0.0
2007-04-12,13.062832016249342,13.107404811108449,12.925932105822488,12.973688125610352,11818700,0.0,0.0
2007-04-13,14.422285798323307,14.963519057871915,14.358611097308243,14.887109756469727,101531000,0.0,0.0
2007-04-16,17.606010354062793,17.669685047845952,17.446825318684137,17.526418685913086,201424900,0.0,0.0
2007-04-17,17.66968782850376,17.870264164932724,17.590096147828806,17.828874588012695,82516600,0.0,0.0
2007-04-18,17.781113203189737,17.828869216654816,17.57417217725339,17.60919189453125,64799700,0.0,0.0
2007-04-19,17.685601958859735,17.685601958859735,17.440455431671822,17.500946044921875,30603600,0.0,0.0
2007-04-20,17.50094654386457,17.5232333647348,16.997918877475954,17.19212532043457,76667100,0.0,0.0
2007-04-23,17.192123838325493,17.36722921867589,17.11571455762475,17.30355453491211,19972600,0.0,0.0
2007-04-24,17.265356723954195,17.36086879207977,17.087068889383577,17.10935401916504,12248500,0.0,0.0
2007-04-25,17.09661566823892,17.271721088078376,17.029756895393433,17.198495864868164,23634900,0.0,0.0
2007-04-26,17.20167544406923,17.23988093636405,17.00428493142356,17.153921127319336,20038400,0.0,0.0
2007-04-27,17.11571584316055,17.341759628236606,17.11571584316055,17.265350341796875,18340600,0.0,0.0
2007-04-30,17.255801468608613,17.332210762356645,17.138004302978516,17.138004302978516,23386200,0.0,0.0
2007-05-01,17.160289299216082,17.223963993379783,16.950164167739263,17.032939910888672,22252700,0.0,0.0
2007-05-02,17.18575621516597,17.30992321156055,17.05840854282822,17.252614974975586,22938000,0.0,0.0
2007-05-03,17.195313280826955,17.402256067668233,17.192129205828877,17.344947814941406,14265000,0.0,0.0
2007-05-04,17.265352878499915,17.491398395866693,17.265352878499915,17.440458297729492,21204300,0.0,0.0
2007-05-07,17.494580454908423,17.494580454908423,17.239881692647337,17.28763771057129,8816400,0.0,0.0
2007-05-08,17.23988373901666,17.33539578620182,17.125268942578593,17.198495864868164,12856500,0.0,0.0
2007-05-09,17.19849512042568,17.303557688149944,17.160289623573608,17.249433517456055,11496100,0.0,0.0
2007-05-10,17.169838261485726,17.22396242623201,16.956529074893123,17.128450393676758,14766400,0.0,0.0
2007-05-11,17.08069479072544,17.29718805679117,16.96608170814896,17.23988151550293,18963100,0.0,0.0
2007-05-14,17.192126205678367,17.297188768724112,17.188942131235933,17.236698150634766,7864800,0.0,0.0
2007-05-15,17.169839046049823,17.446824632748363,17.169839046049823,17.214412689208984,15822900,0.0,0.0
2007-05-16,17.1889440053076,17.510501577467608,17.163474805149725,17.430908203125,18555200,0.0,0.0
2007-05-17,17.414985525515867,17.625110626220703,17.322657572315407,17.625110626220703,28428500,0.0,0.0
2007-05-18,17.62510758339129,17.637842178344727,17.472289045792632,17.637842178344727,11204300,0.0,0.0
2007-05-21,17.60601234436035,17.67287112020667,17.57735906873463,17.60601234436035,8983800,0.0,0.0
2007-05-22,17.606007880953264,17.660132042697846,17.590090908822567,17.625110626220703,5754000,0.0,0.0
2007-05-23,17.749277915301004,17.781115261296126,17.68560322331076,17.714258193969727,8345500,0.0,0.0
2007-05-24,17.701518611723113,17.854338863590833,17.679233493109137,17.7842960357666,18690900,0.0,0.0
2007-05-25,17.828869354908765,17.902094563158112,17.79703201235183,17.835237503051758,8632100,0.0,0.0
2007-05-29,17.844793541665478,17.93075507276985,17.841609466609846,17.90846824645996,9695600,0.0,0.0
2007-05-30,17.914834115662494,17.943487389355983,17.89254729219016,17.933935165405273,6043400,0.0,0.0
2007-05-31,17.876628223889103,17.946671068332776,17.857525475488163,17.89573097229004,8999400,0.0,0.0
2007-06-01,17.911650844599787,17.940304119578773,17.876629420034625,17.898916244506836,7053100,0.0,0.0
2007-06-04,17.87662595002214,17.988056652594707,17.87662595002214,17.92119789123535,5605700,0.0,0.0
2007-06-05,17.892545700073242,18.003976409360938,17.828871009051703,17.892545700073242,8550100,0.0,0.0
2007-06-06,17.89254336455417,17.933931228684134,17.781112669811563,17.9020938873291,9289900,0.0,0.0
2007-06-07,17.876623519171396,17.92437952806581,17.800214244756102,17.851154327392578,14783500,0.0,0.0
2007-06-08,17.841602937376326,17.924380363132205,17.841602937376326,17.87980842590332,5587800,0.0,0.0
2007-06-11,17.844787719026236,17.898911880072998,17.812950377017312,17.876625061035156,6504200,0.0,0.0
2007-06-12,17.89254357023644,18.166345048852968,17.876624899375933,18.0230770111084,14767500,0.0,0.0
2007-06-13,18.04218326196178,18.220472766850936,18.029448661415298,18.210922241210938,14736700,0.0,0.0
2007-06-14,18.150433297003435,18.223658531243906,18.11541186794423,18.147249221801758,13011500,0.0,0.0
2007-06-15,18.188630937427103,18.230018803782265,18.105853505637743,18.15679359436035,12481500,0.0,0.0
2007-06-18,18.172711897559463,18.18544649471224,18.115405360832447,18.182262420654297,7283100,0.0,0.0
2007-06-19,18.370102417674268,18.452879847860423,18.347817297406575,18.3764705657959,43915400,0.0,0.0
2007-06-20,18.37647481119851,18.408312161003828,18.344637461393187,18.366924285888672,14348700,0.0,0.0
2007-06-21,18.35100137146739,18.43059472759273,18.33826507522413,18.3764705657959,8427200,0.0,0.0
2007-06-22,18.360554053892738,18.38602325121659,18.27777661397141,18.31916618347168,13062700,0.0,0.0
2007-06-25,18.31916523640834,18.363737178960406,18.13769169285029,18.25867462158203,10423100,0.0,0.0
2007-06-26,18.25868050648145,18.33508981820926,18.22684315167156,18.30643653869629,15159800,0.0,0.0
2007-06-27,18.21092171984015,18.363740320181744,18.163165694848473,18.32553482055664,14895400,0.0,0.0
2007-06-28,18.325532144709143,18.376472237078005,18.290512424092267,18.31279754638672,15369400,0.0,0.0
2007-06-29,18.312796896598936,18.351002389289736,18.3064304472032,18.331899642944336,33742200,0.0,0.0
2007-07-02,18.379658082345443,18.40194320678711,18.34145258461783,18.40194320678711,18436800,0.0,0.0
2007-07-03,18.405125979309634,18.4496979241189,18.386023231797317,18.440147399902344,3414900,0.0,0.0
2007-07-05,18.440146852410464,18.44969737634346,18.401941358520162,18.41786003112793,4010300,0.0,0.0
2007-07-06,18.417860090158594,18.449697435476168,18.370104072182233,18.433778762817383,4082200,0.0,0.0
2007-07-09,18.41786183153494,18.465617854026547,18.41786183153494,18.459251403808594,6334900,0.0,0.0
2007-07-10,18.440148704514723,18.459251453378528,18.392392681894872,18.40194320678711,8368800,0.0,0.0
2007-07-11,18.386026480069862,18.424231981844287,15.7594517540826,16.603139877319336,94505800,0.0,0.0
2007-07-12,16.92150565068733,17.405432205491035,16.6031339456537,17.09661102294922,48874900,0.0,0.0
2007-07-13,17.10297981913369,17.284451646911116,16.953343633895688,17.0775089263916,20065000,0.0,0.0
2007-07-16,17.074329044638503,17.169839384360852,16.85783576965332,16.85783576965332,12301400,0.0,0.0
2007-07-17,16.58721997998683,16.832366551235665,16.40256403286021,16.463054656982422,30376200,0.0,0.0
2007-07-18,16.45987253853998,16.596772477776025,16.026885893942453,16.268848419189453,29845100,0.0,0.0
2007-07-19,16.26884625951404,16.555382400502403,16.100108989452636,16.39937973022461,23984700,0.0,0.0
2007-07-20,16.084188929791768,16.42803158973452,15.998229114345687,16.211538314819336,10266700,0.0,0.0
2007-07-23,16.246555202363794,16.310229877110913,16.08100036838979,16.214717864990234,7974500,0.0,0.0
2007-07-24,16.157413848712878,16.810077667236328,16.11920835829479,16.810077667236328,16680200,0.0,0.0
2007-07-25,16.76232446920931,16.78142551854763,16.119211065731402,16.28158187866211,12495500,0.0,0.0
2007-07-26,16.217911044375025,16.221093420636194,15.520673304233412,15.950477600097656,17105200,0.0,0.0
2007-07-27,15.950473930900438,16.077823322602192,15.689408697359417,15.727612495422363,12348900,0.0,0.0
2007-07-30,15.72761671357176,15.950478208821323,15.549328876635913,15.778556823730469,14729500,0.0,0.0
2007-07-31,15.75944908384464,15.979126434127288,15.492015713975363,15.654386520385742,29590200,0.0,0.0
2007-08-01,15.648021934260235,15.711696641540037,15.393324804220628,15.51430606842041,16117300,0.0,0.0
2007-08-02,15.514299918209662,15.749895901933566,15.336010468688164,15.463359832763672,15825400,0.0,0.0
2007-08-03,15.47609636065379,15.622548487432516,15.170459207994538,15.281889915466309,13779800,0.0,0.0
2007-08-06,15.329649224443976,15.813575952779715,15.157727864389445,15.667123794555664,13900400,0.0,0.0
2007-08-07,15.67348893813466,15.902716807878072,15.386952826646011,15.816755294799805,20876400,0.0,0.0
2007-08-08,15.718059465980033,16.370723295369274,15.695772646351944,15.944103240966797,12960300,0.0,0.0
2007-08-09,15.791292674431991,15.886804751372654,15.361490027278899,15.648024559020996,11505600,0.0,0.0
2007-08-10,15.144994010149,15.456997694733028,14.998541844704604,15.345568656921387,22615900,0.0,0.0
2007-08-13,15.355116732286207,15.402872754759512,14.864823607122116,14.931680679321289,8068500,0.0,0.0
2007-08-14,14.963517885580846,15.32964738773368,14.724739474560478,15.020824432373047,17073100,0.0,0.0
2007-08-15,15.02082536323657,15.186380262797089,14.864824387198995,14.883925437927246,15695100,0.0,0.0
2007-08-16,14.75657737890141,15.07495090769477,14.304487987462576,14.797966957092285,17227000,0.0,0.0
2007-08-17,14.963518646356796,15.456995866572878,14.657881449153436,15.364667892456055,17124300,0.0,0.0
2007-08-20,15.313729605443827,15.527038830106259,15.113154980912384,15.396505355834961,6519600,0.0,0.0
2007-08-21,15.441078669151123,15.737163637766413,15.361485296213917,15.705327987670898,12584200,0.0,0.0
2007-08-22,15.778548613331205,15.966388578911271,15.698955263587205,15.934551239013672,6722100,0.0,0.0
2007-08-23,15.91863303252271,15.966389043759486,15.616178294689789,15.867692947387695,3699700,0.0,0.0
2007-08-24,15.816756907750694,15.886799755111266,15.60026361440242,15.870881080627441,6153300,0.0,0.0
2007-08-27,15.75308223330627,15.867697029576592,15.616182312172974,15.67667293548584,5149700,0.0,0.0
2007-08-28,15.609809848956221,15.721240527586328,15.498379170326114,15.597073554992676,4413200,0.0,0.0
2007-08-29,15.660750716128355,15.867693437884668,15.453809693451015,15.813570976257324,4440400,0.0,0.0
2007-08-30,15.679857010203225,15.960025001904581,15.600263637665412,15.67667293548584,4492700,0.0,0.0
2007-08-31,15.88680072856351,16.030068807696583,15.657572821398274,16.007781982421875,7498000,0.0,0.0
2007-09-04,15.991862630038327,15.998230779584244,15.77855340736155,15.889984130859375,11357600,0.0,0.0
2007-09-05,15.705328939622653,15.724429991021866,15.450630130785461,15.632102012634277,16441300,0.0,0.0
2007-09-06,15.501569260293225,15.854962476130599,15.345566589478986,15.495201110839844,16249600,0.0,0.0
2007-09-07,15.29144266793429,15.48565084050516,15.272339918339231,15.364667892456055,10829000,0.0,0.0
2007-09-10,15.364666404424664,15.555690483716234,15.285074737132405,15.415606498718262,7652200,0.0,0.0
2007-09-11,15.472913693442345,15.597079010386627,15.288257755328212,15.530221939086914,12898500,0.0,0.0
2007-09-12,15.482464301803983,15.55887358894484,15.374217670097845,15.476096153259277,16423100,0.0,0.0
2007-09-13,15.511115189919309,15.593892612892017,15.34874441775724,15.361480712890625,11052300,0.0,0.0
2007-09-14,15.329647240794714,15.367851038596884,15.243685722351074,15.243685722351074,17455600,0.0,0.0
2007-09-17,15.275526151251356,15.313731655839161,14.931683406279626,14.960336685180664,12413000,0.0,0.0
2007-09-18,14.973071103325738,15.27552423044914,14.899844178586878,15.170461654663086,12330700,0.0,0.0
2007-09-19,15.31372391987242,15.609810484076457,15.294621177228565,15.456990242004395,10666500,0.0,0.0
2007-09-20,15.34556656291437,15.654387829281555,15.262789115560508,15.358301162719727,20398500,0.0,0.0
2007-09-21,15.552507008643655,15.552507008643655,15.285075326223637,15.380585670471191,7397600,0.0,0.0
2007-09-24,15.313728696057831,15.431525864123506,15.078132660847182,15.215032577514648,5004200,0.0,0.0
2007-09-25,15.148173413074309,15.180010760223048,14.64514570683518,14.724739074707031,13942900,0.0,0.0
2007-09-26,14.750209973404464,14.899844502807944,13.28569523387124,14.329957962036133,71820100,0.0,0.0
2007-09-27,15.125889717812159,15.638469696044922,15.109971042734633,15.638469696044922,48461900,0.0,0.0
2007-09-28,15.600260106507688,16.058717488736647,15.542953570883684,15.813570976257324,25512400,0.0,0.0
2007-10-01,16.045985594498152,16.045985594498152,15.689408325629222,15.886798858642578,8673500,0.0,0.0
2007-10-02,15.98230802123056,17.08069290262122,15.759446631177228,15.947286605834961,74037300,0.0,0.0
2007-10-03,15.883615276804255,15.947289973121613,15.727612610642591,15.75944995880127,8662800,0.0,0.0
2007-10-04,15.711695782561138,15.794473237315252,15.625735951880703,15.74353313446045,5805800,0.0,0.0
2007-10-05,15.775368632880609,15.899533950883596,15.708509861931521,15.75944995880127,20287700,0.0,0.0
2007-10-08,15.743533099126623,15.858147905522813,15.663939719556979,15.667123794555664,10836300,0.0,0.0
2007-10-09,15.55250528446869,15.845409531164249,15.425157606563484,15.441076278686523,23431800,0.0,0.0
2007-10-10,15.488831240010711,15.552505931150495,15.281890192885587,15.482464790344238,8078600,0.0,0.0
2007-10-11,15.533405525515496,15.756265254642786,15.326462770752284,15.523853302001953,19315900,0.0,0.0
2007-10-12,15.47927905553845,15.58752567904884,15.393319251167993,15.425156593322754,9195900,0.0,0.0
2007-10-15,15.40923994813725,15.45699426856878,14.562367894743389,14.616490364074707,40297900,0.0,0.0
2007-10-16,14.616494046720275,15.097238437401833,14.485962253099943,14.99217414855957,17079800,0.0,0.0
2007-10-17,15.011274695221934,15.06539886931607,14.896659896544547,15.046296119689941,24672400,0.0,0.0
2007-10-18,15.027190954152085,15.47609615325928,14.963516265021518,15.476096153259277,25575600,0.0,0.0
2007-10-19,15.418788308484563,15.453809724359933,14.950780402408538,15.01763916015625,72385000,0.0,0.0
2007-10-22,14.915758843935027,15.606628136512565,14.508241551496615,14.791593551635742,20460000,0.0,0.0
2007-10-23,14.855270965534455,15.01445770263672,14.683349629279864,15.014457702636719,8951900,0.0,0.0
2007-10-24,14.9316798443375,15.35829994809312,14.778861260600308,15.097234725952148,14164500,0.0,0.0
2007-10-25,15.068580231930522,15.31372848764537,14.915761643354564,15.030376434326172,9208400,0.0,0.0
2007-10-26,15.154543053575145,15.281892454703238,15.011274977306039,15.125889778137207,6415800,0.0,0.0
2007-10-29,15.151359352479195,15.186380778469202,14.988990221299156,15.027194023132324,4632000,0.0,0.0
2007-10-30,14.915759328163613,15.071761967095371,14.864820939264357,14.9794340133667,4115800,0.0,0.0
2007-10-31,14.950783007795815,15.122704344050405,14.79478034525145,15.014457702636719,3768900,0.0,0.0
2007-11-01,14.842534680995627,14.918943966312499,14.485957449823863,14.505060195922852,8681300,0.0,0.0
2007-11-02,14.530530291707937,14.54963303899061,14.00839901030315,14.294934272766113,10773400,0.0,0.0
2007-11-05,13.655004729888772,14.18987144945763,13.655004729888772,13.779170036315918,9937900,0.0,0.0
2007-11-06,13.769621639696702,13.8874196651926,13.562678863987253,13.645456314086914,6470600,0.0,0.0
2007-11-07,13.50218720039273,13.594515168794135,13.015077310348868,13.101037979125977,16080300,0.0,0.0
2007-11-08,13.10740257528838,13.253853834599527,12.39424732412621,12.833601951599121,17179400,0.0,0.0
2007-11-09,12.585275044181278,12.954586949412283,12.340127616105772,12.712623596191406,12982100,0.0,0.0
2007-11-12,12.734907663173685,12.750826334920006,12.292368928441755,12.336941719055176,10873300,0.0,0.0
2007-11-13,12.410166149641174,13.212465286254883,12.33694094384096,13.212465286254883,11787100,0.0,0.0
2007-11-14,13.371651634049881,13.371651634049881,12.626659052528861,12.72535514831543,7089800,0.0,0.0
2007-11-15,12.671235470107408,12.769930744635825,12.266902147618463,12.512048721313477,9256900,0.0,0.0
2007-11-16,12.604376407819807,12.671235180601583,12.257350492733284,12.432455062866211,11033900,0.0,0.0
2007-11-19,12.422904813136125,12.422904813136125,11.585584044223374,11.62060546875,21134900,0.0,0.0
2007-11-20,11.413659862569506,12.094977788482366,11.397741191652027,11.830728530883789,16101600,0.0,0.0
2007-11-21,11.649260116707918,12.432456803745426,11.267212724374067,11.808446884155273,20084000,0.0,0.0
2007-11-23,12.01857112790392,12.413353063363326,11.620605117751106,12.340126991271973,5922200,0.0,0.0
2007-11-26,12.098163837881076,12.365597231925031,11.633339897816773,11.7384033203125,9512900,0.0,0.0
2007-11-27,11.776605935974219,11.980363746756074,11.464600646645748,11.706563949584961,6806100,0.0,0.0
2007-11-28,11.716115673277733,12.2573497232964,11.712932448298226,12.028120994567871,8880500,0.0,0.0
2007-11-29,11.93897750995127,12.346494036707695,11.681095499908249,11.913507461547852,10446300,0.0,0.0
2007-11-30,12.145920313788649,12.30829029137939,11.967631660970989,12.123634338378906,19737300,0.0,0.0
2007-12-03,12.044039072243423,12.126816510249508,11.687461822563694,11.776606559753418,5184600,0.0,0.0
2007-12-04,11.73203417197035,12.193674847527818,11.556929615438655,11.75432014465332,13316500,0.0,0.0
2007-12-05,11.859384552243235,11.983549874412612,11.566481958802571,11.798893928527832,16196500,0.0,0.0
2007-12-06,11.700196354320548,11.821178436279299,11.582399196244864,11.821178436279297,8198600,0.0,0.0
2007-12-07,11.747952971156122,11.865750984776831,11.45505039912707,11.499622344970703,13068600,0.0,0.0
2007-12-10,11.50917494480403,11.541012295094694,10.993410889542938,11.11120891571045,13635200,0.0,0.0
2007-12-11,11.044348476892184,11.06345037299648,10.124251301737955,10.1688232421875,23928200,0.0,0.0
2007-12-12,10.410788700858475,10.741895947925226,8.79663864136636,9.070439338684082,129164900,0.0,0.0
2007-12-13,9.016317060809255,9.127747797540337,8.29997830947475,8.86031436920166,38267600,0.0,0.0
2007-12-14,8.914437737640887,9.006765722934945,8.398673630612214,8.497369766235352,27466800,0.0,0.0
2007-12-17,8.455979601982634,9.115010838334824,8.436877702856009,8.882598876953125,27082400,0.0,0.0
2007-12-18,8.930355409486907,9.312402758791247,8.930355409486907,9.191421508789062,34633000,0.0,0.0
2007-12-19,9.185051326229896,9.185051326229896,7.115629137759105,7.287550449371338,163699200,0.0,0.0
2007-12-20,7.456289369707335,7.593190144797946,6.31651546643739,6.536192417144775,163574900,0.0,0.0
2007-12-21,6.472517828522059,6.714480742638823,5.947202427789153,6.319698810577393,129091300,0.0,0.0
2007-12-24,6.418393761190911,7.077425398092909,6.35153584239533,7.02330207824707,27705500,0.0,0.0
2007-12-26,6.864115734671031,7.128365457894884,6.794073741712855,7.04558801651001,29143600,0.0,0.0
2007-12-27,6.475701734176483,6.717665082619438,6.256024360656738,6.256024360656738,120146300,0.0,0.0
2007-12-28,6.396108359779518,6.462966709318999,6.214636060832226,6.256024360656738,290309200,0.0,0.0
2007-12-31,6.265575120541705,6.43431237807037,6.256023746643573,6.412026405334473,81724800,0.0,0.0
2008-01-02,6.415209094723971,6.431127765658052,6.084101503880619,6.163694858551025,125974300,0.0,0.0
2008-01-03,6.198716087250762,6.227369780984363,5.998141080655083,6.100020408630371,37142300,0.0,0.0
2008-01-04,5.95356948391531,6.061816116850722,5.205393577213819,5.307272911071777,130335500,0.0,0.0
2008-01-07,5.768912673648679,6.112755291538253,5.574705394957642,5.676584720611572,132920100,0.0,0.0
2008-01-08,5.746626962824372,5.886710935717757,5.29453770034667,5.507847309112549,63480700,0.0,0.0
2008-01-09,5.507847204628158,5.947201436298295,5.476010286204331,5.93446683883667,49197700,0.0,0.0
2008-01-10,5.934468531167197,6.447048543493012,5.765730818984156,6.294229507446289,66547900,0.0,0.0
2008-01-11,6.291045079057553,6.673092409535437,6.150961086200317,6.424761772155762,49712300,0.0,0.0
2008-01-14,6.558477578781744,6.628519570279559,6.300596009917823,6.462965965270996,20986600,0.0,0.0
2008-01-15,6.338801130262595,6.380189428423342,6.154144763946533,6.154144763946533,22574800,0.0,0.0
2008-01-16,6.144593839521731,6.357903480529786,5.934467848420692,6.357903480529785,35694000,0.0,0.0
2008-01-17,6.412026927554919,6.412026927554919,5.8644259650681985,5.899446964263916,36745000,0.0,0.0
2008-01-18,5.953569589066094,6.2082675034396315,5.835771580664192,6.001325607299805,24867700,0.0,0.0
2008-01-22,5.676585356937331,6.2910446042522885,5.507847678359985,6.05544900894165,40089100,0.0,0.0
2008-01-23,5.587441066791805,6.08728638058698,5.154454094782138,5.950386047363281,101759300,0.0,0.0
2008-01-24,6.039530198298534,6.341984128217523,5.880343897037498,6.271942138671875,34581300,0.0,0.0
2008-01-25,6.278308766416199,6.370637142594635,6.224185455261466,6.329248428344727,35664700,0.0,0.0
2008-01-28,6.5966833103395075,6.5966833103395075,6.281494316998479,6.510722637176514,53179000,0.0,0.0
2008-01-29,6.603049778056529,6.603049778056529,6.351535514986799,6.497986793518066,25990600,0.0,0.0
2008-01-30,6.497987706866546,6.59349933134023,6.297413083086883,6.421578407287598,24554100,0.0,0.0
2008-01-31,6.287860431635357,6.972361613160897,6.128674139985448,6.845012664794922,47137900,0.0,0.0
2008-02-01,6.851380213155496,7.322572231292725,6.574395911171752,7.322572231292725,36536800,0.0,0.0
2008-02-04,7.306653434340483,7.322572106290661,6.800440430910437,6.832277774810791,15898700,0.0,0.0
2008-02-05,6.653989445539098,6.653989445539098,6.3610864637067746,6.497986793518066,31196300,0.0,0.0
2008-02-06,6.526641061699747,6.577580733650473,6.357903371814855,6.491620063781738,22197000,0.0,0.0
2008-02-07,6.447047909704891,6.940525547108934,6.402475960720829,6.880034923553467,37510800,0.0,0.0
2008-02-08,6.9182379101182985,7.099710161945552,6.577579375600355,6.606232643127441,48973900,0.0,0.0
2008-02-11,6.510722289800391,6.555294236606145,6.354719626440608,6.415210247039795,26356000,0.0,0.0
2008-02-12,6.427945397096039,6.47888506928011,6.135042388230093,6.3037800788879395,24522700,0.0,0.0
2008-02-13,6.43112959716343,6.720848980948478,6.335617969128168,6.704930305480957,37713400,0.0,0.0
2008-02-14,6.778154505999624,7.217508750399055,6.64762190484774,6.892768859863281,35983100,0.0,0.0
2008-02-15,6.934159023377108,7.080610336103545,6.357904298651514,6.997833728790283,27143100,0.0,0.0
2008-02-19,7.0073832131704386,7.137915822224512,6.918238899110872,7.020118236541748,20248200,0.0,0.0
2008-02-20,7.001015789579557,7.258897778228906,6.946892472174601,7.1920390129089355,22482200,0.0,0.0
2008-02-21,7.204774923189005,7.236612270710321,6.8832182229474945,7.0105671882629395,24988900,0.0,0.0
2008-02-22,7.036037108197643,7.106079101562499,6.749501410487895,7.1060791015625,27789400,0.0,0.0
2008-02-25,7.1188139243222475,7.131548522923757,6.765419892964557,7.020118236541748,19580600,0.0,0.0
2008-02-26,7.086976699560126,7.086976699560126,6.790890055921421,6.908688068389893,25051000,0.0,0.0
2008-02-27,6.84501255796191,7.067873532701403,6.759051902344816,6.956442832946777,21760300,0.0,0.0
2008-02-28,6.934157300429391,6.934157300429391,6.768603702168503,6.835461616516113,13948500,0.0,0.0
2008-02-29,6.800440790397544,6.841829509563817,6.0586325922465285,6.243288516998291,40479700,0.0,0.0
2008-03-03,6.364270794823393,6.612601859683109,6.230554525035677,6.297412872314453,35591300,0.0,0.0
2008-03-04,6.240105334802175,6.246473059257689,5.88034440716428,6.144593715667725,26155700,0.0,0.0
2008-03-05,6.192349666769843,6.4183939002633865,6.093653974151953,6.1891655921936035,22448300,0.0,0.0
2008-03-06,6.080919008663362,6.096837682618434,5.587441390365612,5.654299736022949,29701800,0.0,0.0
2008-03-07,5.571522385690638,5.937651015384615,5.526950016308243,5.867609024047852,24648700,0.0,0.0
2008-03-10,5.905813893689872,6.00132593537872,5.103514612490734,5.313640594482422,37256700,0.0,0.0
2008-03-11,5.651115349843268,6.275125503540039,5.41870299524454,6.275125503540039,39359100,0.0,0.0
2008-03-12,6.361086392267859,6.399291036258277,5.705238871046264,5.7816481590271,28667100,0.0,0.0
2008-03-13,5.565155337134836,5.730708949221819,5.173556643073051,5.6001763343811035,45192100,0.0,0.0
2008-03-14,5.730709154209211,5.7784651770995765,5.2849875482086315,5.294538497924805,48064300,0.0,0.0
2008-03-17,4.909307141687424,5.3422941151910575,4.695997516984174,5.2658843994140625,53556200,0.0,0.0
2008-03-18,5.479194263886414,5.6479315132916525,5.093963322654198,5.488745212554932,32373400,0.0,0.0
2008-03-19,5.641563721348215,5.775280389184655,5.189474479850463,5.240414142608643,42136200,0.0,0.0
2008-03-20,5.221312440810002,5.2563334365575525,4.711916177642895,5.023921489715576,66896500,0.0,0.0
2008-03-24,5.030289008906105,5.332742960463808,4.753304680473655,5.148087024688721,48025900,0.0,0.0
2008-03-25,5.221312863560181,5.2435988377212706,4.874286527642526,5.151270866394043,26798900,0.0,0.0
2008-03-26,5.09077986075581,5.549236920781928,5.008003263258036,5.227680206298828,39826700,0.0,0.0
2008-03-27,5.256333366662681,5.4059682966289495,5.189475025711882,5.211760997772217,17920900,0.0,0.0
2008-03-28,5.179924513535097,5.2786197837049365,4.731018836254441,4.826530456542969,27386800,0.0,0.0
2008-03-31,4.83289869043651,4.976166348353844,4.680079657098745,4.887022018432617,20314300,0.0,0.0
2008-04-01,5.036656224812947,5.476010933159777,5.014370251852395,5.463275909423828,36909800,0.0,0.0
2008-04-02,5.469643425898249,5.807118382515586,5.377315455881868,5.587441444396973,28153400,0.0,0.0
2008-04-03,5.504663847440883,6.119123074520438,5.386865841279994,6.11275577545166,31642500,0.0,0.0
2008-04-04,6.090469787493525,6.35471906968097,5.740259844260793,5.886711120605469,50474800,0.0,0.0
2008-04-07,5.931284185831232,6.224186772967721,5.924916461260983,6.0108771324157715,16146100,0.0,0.0
2008-04-08,5.912180753264277,6.042713782237933,5.775280849996239,5.969488143920898,20844200,0.0,0.0
2008-04-09,5.972672090213586,6.329249350919554,5.654299475330429,5.695687770843506,28460100,0.0,0.0
2008-04-10,5.65111610498874,5.838955693697897,5.507848038916402,5.609727382659912,16744900,0.0,0.0
2008-04-11,5.520581993485412,5.810301294575913,5.418702669480627,5.682951927185059,20761400,0.0,0.0
2008-04-14,5.67021958703899,5.807119531839466,5.584258899745255,5.733893871307373,19334400,0.0,0.0
2008-04-15,5.724341470368476,5.9854071166438825,5.530134166700277,5.552420139312744,16466700,0.0,0.0
2008-04-16,5.364579681077554,5.421886644990216,4.918858142696127,5.176739692687988,69048400,0.0,0.0
2008-04-17,5.093964599091892,5.772098265734268,5.090780523968071,5.472827911376953,58505900,0.0,0.0
2008-04-18,5.5428687166566055,5.861241753660177,5.440989803566849,5.476010799407959,28484400,0.0,0.0
2008-04-21,5.472827263561432,5.788016257149529,5.39323431505506,5.590625286102295,20136300,0.0,0.0
2008-04-22,5.520582782785008,5.689320463841137,5.463275814127565,5.612910747528076,17361000,0.0,0.0
2008-04-23,5.581073717289374,5.689320353125753,5.043023762961729,5.2340474128723145,39426600,0.0,0.0
2008-04-24,5.291354782811077,5.533318119416613,5.09077974400524,5.504664421081543,26414700,0.0,0.0
2008-04-25,5.5301347026042205,5.670218700777251,5.43462265397542,5.66703462600708,14467300,0.0,0.0
2008-04-28,5.622461661829759,5.724340992073998,5.476010390084773,5.507847309112549,15782900,0.0,0.0
2008-04-29,5.4919294236998,5.832588456440824,5.488745773818077,5.708423137664795,16875800,0.0,0.0
2008-04-30,5.791200316708033,6.017244561725991,5.676585944444846,5.899446964263916,43512200,0.0,0.0
2008-05-01,5.9599372053832225,6.383372818518263,5.8166695678286375,6.361086845397949,47815300,0.0,0.0
2008-05-02,6.669907940544994,6.988280535254927,6.56484495880453,6.924605846405029,58657200,0.0,0.0
2008-05-05,6.902320364272456,7.09334401958716,6.622152393113531,7.090160369873047,36425200,0.0,0.0
2008-05-06,7.109262361911659,7.354409750031167,6.978729756322101,7.303469657897949,32591600,0.0,0.0
2008-05-07,7.348042415506882,7.37032838970706,6.9468931808243255,7.0519561767578125,22188400,0.0,0.0
2008-05-08,7.061506389338944,7.125181080143476,6.829094447534065,7.093343734741211,21920600,0.0,0.0
2008-05-09,7.0933439989698455,7.185671964259822,6.883218021211398,6.908688068389893,15527700,0.0,0.0
2008-05-12,6.924606115630383,7.013750853394057,6.835461802636506,6.965994834899902,16131000,0.0,0.0
2008-05-13,6.985097266609198,7.099711203064284,6.838645983993323,6.915055274963379,14709000,0.0,0.0
2008-05-14,6.956443570110526,7.0105668886759505,6.803624988170413,6.915055274963379,17299700,0.0,0.0
2008-05-15,6.876850546209176,6.93415751374281,6.6953778451979735,6.860931873321533,15642200,0.0,0.0
2008-05-16,6.8609322416436225,6.9564438593271225,6.599866586948964,6.685827255249023,23485500,0.0,0.0
2008-05-19,6.739950873769019,6.739950873769019,6.154144843535706,6.291045188903809,46856700,0.0,0.0
2008-05-20,6.2114509414051176,6.704928471617773,5.905812965747509,6.615784168243408,50440900,0.0,0.0
2008-05-21,6.841829085331658,7.24297868031478,6.813175391129374,7.004199028015137,57399800,0.0,0.0
2008-05-22,6.946892246487025,7.577270137303911,6.915054902043182,7.322572231292725,31655100,0.0,0.0
2008-05-23,7.303470686842958,7.640946083766914,7.182489437676457,7.523148059844971,25319900,0.0,0.0
2008-05-27,7.5613528477531124,7.682334099130736,7.357594145868966,7.42763614654541,27256700,0.0,0.0
2008-05-28,7.449918592294779,7.609105268205469,7.363957957210868,7.440367221832275,18444900,0.0,0.0
2008-05-29,7.398981887206746,7.653679805922382,7.34804179373986,7.449921131134033,26486900,0.0,0.0
2008-05-30,7.449921218852079,7.4976772384622326,7.131548604324002,7.2175092697143555,16592900,0.0,0.0
2008-06-02,7.1697530238908165,7.176120323063353,6.9309737829134015,7.093343734741211,14597100,0.0,0.0
2008-06-03,7.08697750139809,7.157019501908962,6.615785822982234,6.943709850311279,16163200,0.0,0.0
2008-06-04,6.905503457693863,7.023301461015165,6.8163591490309186,6.892768859863281,14776500,0.0,0.0
2008-06-05,6.9628122797219625,7.446738990413512,6.934158579167642,7.421268939971924,19084300,0.0,0.0
2008-06-06,7.360777445811469,7.360777445811469,7.020118428509635,7.02330207824707,13060700,0.0,0.0
2008-06-09,7.115630389155479,7.258898457208138,6.819543728145047,6.95326042175293,10986000,0.0,0.0
2008-06-10,6.943708414973366,7.1761199189195315,6.9055033477803995,7.004199028015137,9722200,0.0,0.0
2008-06-11,6.9946491409739355,7.039221516449841,6.768604887820672,6.83864688873291,9397600,0.0,0.0
2008-06-12,6.930973993148695,7.6377612135307045,6.883217973596725,7.344858646392822,24839500,0.0,0.0
2008-06-13,7.427634742486433,7.640944779035835,7.252530198665504,7.593188762664795,15725800,0.0,0.0
2008-06-16,7.472207547859999,7.952950991810341,7.414901001225929,7.863806247711182,26110300,0.0,0.0
2008-06-17,7.835152122697725,7.975236098526394,7.755558761536082,7.796947479248047,25579800,0.0,0.0
2008-06-18,7.768296569986911,7.803318003187512,7.297105206347269,7.5836405754089355,29027000,0.0,0.0
2008-06-19,7.628210634169595,7.688702108292542,7.328940736497899,7.523148059844971,15472600,0.0,0.0
2008-06-20,7.5295146704586635,7.567719316673144,7.2588980724645795,7.271632671356201,14783500,0.0,0.0
2008-06-23,7.2557142293179595,7.348042198075105,6.762236612978616,7.026485919952393,20082900,0.0,0.0
2008-06-24,6.991466178882468,7.290736962020591,6.905505494324905,6.962812900543213,21725000,0.0,0.0
2008-06-25,7.0997104390639,7.300285018661353,7.001015186309814,7.0010151863098145,21484700,0.0,0.0
2008-06-26,6.940524782872554,6.940524782872554,6.399291181350712,6.469333171844482,20746600,0.0,0.0
2008-06-27,6.501170778601335,6.523456751534526,6.055449196088465,6.201900482177734,30489500,0.0,0.0
2008-06-30,6.252840901497165,6.34835252891908,6.033163521271966,6.160512924194336,14689500,0.0,0.0
2008-07-01,6.103205522971325,6.3069642278312275,5.80075154057042,6.160512924194336,26258100,0.0,0.0
2008-07-02,6.252839216300177,6.30377887878645,5.972671285010545,5.99177360534668,18143300,0.0,0.0
2008-07-03,6.017244349148737,6.096837719404331,5.60972739784165,5.873976707458496,9302700,0.0,0.0
2008-07-07,5.902630048828834,6.096837350786829,5.122616766563278,5.476010799407959,46714500,0.0,0.0
2008-07-08,5.425070946762244,5.79119956586335,5.265884221266297,5.75936222076416,35835300,0.0,0.0
2008-07-09,5.76254617883312,5.765729828559527,5.100330894487782,5.199026584625244,30201000,0.0,0.0
2008-07-10,5.074861293611144,5.253149926750523,4.702364929092648,5.011186599731445,30371700,0.0,0.0
2008-07-11,4.762855304622239,5.3582121646038,3.931902450174634,5.090778827667236,52486200,0.0,0.0
2008-07-14,5.176740421398522,5.520583102815488,4.864735512996635,4.9538798332214355,25929000,0.0,0.0
2008-07-15,4.83289712528867,5.160820637283176,4.648240800044126,4.816978454589844,30432700,0.0,0.0
2008-07-16,4.81697917042313,5.393233776092529,4.810611446335472,5.393233776092529,22295800,0.0,0.0
2008-07-17,5.4919298076800045,5.950386891487634,5.342294854618304,5.835772514343262,36661600,0.0,0.0
2008-07-18,5.797567322095791,5.899446664538159,5.495113369345492,5.721158027648926,20762800,0.0,0.0
2008-07-21,5.721157536347372,5.98222274487859,5.606543179749704,5.842138767242432,22363000,0.0,0.0
2008-07-22,5.746626608578453,5.918547914671441,5.418702667309957,5.9153642654418945,22599100,0.0,0.0
2008-07-23,5.947202847759484,6.198717578865501,5.616095589319171,6.077735900878906,29031400,0.0,0.0
2008-07-24,5.823036934226398,6.074551640046104,5.211761305506723,5.246782302856445,36486400,0.0,0.0
2008-07-25,5.3072742924197165,5.6033609976714365,5.144904300755837,5.412337303161621,15847800,0.0,0.0
2008-07-28,5.44735664282413,5.609726584891424,5.192658319686424,5.243597984313965,15775100,0.0,0.0
2008-07-29,5.304090642052367,5.523767614638223,5.170373928464528,5.412337303161621,21425100,0.0,0.0
2008-07-30,5.456907643990429,5.590624318032214,5.176739698203659,5.507847309112549,18640800,0.0,0.0
2008-07-31,5.456908033961176,5.5810737685989,5.300905378020494,5.453724384307861,17418600,0.0,0.0
2008-08-01,5.533317767665285,5.603359759347507,5.259517100263947,5.476010799407959,14503100,0.0,0.0
2008-08-04,5.530134058648996,5.635197045044733,5.278619366363271,5.460092067718506,14486000,0.0,0.0
2008-08-05,5.504664782344135,5.593809108296079,5.3645807808811,5.555604457855225,15752100,0.0,0.0
2008-08-06,5.526950644486234,5.596992643783779,5.3804993458713115,5.523766994476318,13295500,0.0,0.0
2008-08-07,5.447357575184288,5.520583222879,5.259517556267972,5.310457229614258,23331100,0.0,0.0
2008-08-08,5.249965632052152,5.447356564152001,5.157637252315171,5.332742214202881,23651200,0.0,0.0
2008-08-11,5.265884399591494,5.654299428277286,5.157637762404388,5.476010799407959,22008700,0.0,0.0
2008-08-12,5.4218868387486205,5.444173235041453,5.119432911725134,5.164005279541016,16168200,0.0,0.0
2008-08-13,5.13216820342589,5.189475172387823,4.839265209670783,4.995267868041992,21854800,0.0,0.0
2008-08-14,4.893388669587095,5.164005698430686,4.871102696256271,5.148087024688721,13124500,0.0,0.0
2008-08-15,5.179923933044692,5.189474881618298,5.043023605331404,5.141718864440918,13455800,0.0,0.0
2008-08-18,5.093963411840001,5.1417190055582775,4.918858435486868,4.925225734710693,9399800,0.0,0.0
2008-08-19,4.887020854808877,4.887020854808877,4.075170278633147,4.138844966888428,42805400,0.0,0.0
2008-08-20,4.231173032181306,4.619587620926198,3.986026070868735,4.562280654907227,53341600,0.0,0.0
2008-08-21,4.457217752262926,4.53681111603985,4.35533841653638,4.4731364250183105,21849300,0.0,0.0
2008-08-22,4.546362425642287,4.695997791510437,4.348971462487769,4.667344093322754,21910500,0.0,0.0
2008-08-25,4.603668768325205,4.610036066567414,4.489054426577349,4.530442714691162,10918300,0.0,0.0
2008-08-26,4.5463622189693575,4.880653508626539,4.49223889967399,4.8520002365112305,15555200,0.0,0.0
2008-08-27,4.937961092656672,5.087596032718188,4.8233467254699205,5.081228733062744,19443300,0.0,0.0
2008-08-28,5.157637482365248,5.396417140960693,5.157637482365248,5.396417140960693,22666800,0.0,0.0
2008-08-29,5.20221097742041,5.390051010576832,5.19902732723926,5.25633430480957,9787100,0.0,0.0
2008-09-02,5.364579222307543,5.507846832222071,5.288169943625057,5.447356224060059,15623400,0.0,0.0
2008-09-03,5.482377932012843,5.5173989267889425,5.278619262490159,5.511031627655029,13931200,0.0,0.0
2008-09-04,5.393233890403953,5.555603849378976,5.160821513598936,5.199026584625244,17897400,0.0,0.0
2008-09-05,5.173555909031086,5.450540197910228,5.011185969773222,5.43780517578125,18735900,0.0,0.0
2008-09-08,5.6925038894216975,6.023611514356934,5.383682236180912,5.4282546043396,37324400,0.0,0.0
2008-09-09,5.482378169825311,5.5333178394156235,4.8520002365112305,4.8520002365112305,31139700,0.0,0.0
2008-09-10,4.813796699563844,5.008004048783642,4.785142996077189,4.899757385253906,24269000,0.0,0.0
2008-09-11,4.769223437134708,4.8456327326087605,4.460401755849065,4.667344093322754,32408600,0.0,0.0
2008-09-12,4.645057752472047,4.769223060188615,4.3839921138765,4.616404056549072,33759200,0.0,0.0
2008-09-15,4.177049160233384,4.457217078762156,3.9478209018707275,3.9478209018707275,40273800,0.0,0.0
2008-09-16,3.9287195856716157,4.170682927057786,3.66128662008314,4.126110553741455,40752500,0.0,0.0
2008-09-17,3.70904237478532,3.9732917015750444,3.5689583738476416,3.6453680992126465,74570300,0.0,0.0
2008-09-18,3.769532605985408,4.078353816095459,3.183726891864011,3.922351598739624,52091200,0.0,0.0
2008-09-19,5.2467824033634,5.332743073483902,4.6164044389929355,5.014370441436768,47791700,0.0,0.0
2008-09-22,4.934777738698696,5.014370688243115,4.616404666211474,4.769223690032959,13091000,0.0,0.0
2008-09-23,4.769223120492468,4.97298179458826,4.680078806768009,4.775590419769287,10175200,0.0,0.0
2008-09-24,4.775589589088073,4.887020280438388,4.520891715541088,4.807426929473877,5961100,0.0,0.0
2008-09-25,4.848816145760269,4.871102116438345,4.63550611291662,4.641873836517334,9555400,0.0,0.0
2008-09-26,4.482687907982533,4.648241514001275,4.396727242913443,4.422196865081787,15615300,0.0,0.0
2008-09-29,4.368074501177367,4.374441801918917,3.0054390104337583,3.3110768795013428,40461500,0.0,0.0
2008-09-30,3.5275702945974214,4.017864328611259,3.183727783212181,3.928719997406006,21078400,0.0,0.0
2008-10-01,3.7249608401693144,3.830023834957912,2.658412218093872,2.658412218093872,45734900,0.0,0.0
2008-10-02,2.8494359420367323,3.145522608401567,2.645677460433427,2.9608664512634277,76467100,0.0,0.0
2008-10-03,3.1805433559111296,3.724960622048289,3.1646246826538036,3.18691086769104,30708300,0.0,0.0
2008-10-06,3.1009500901027565,3.342913405158402,2.702984122570965,3.053194284439087,31330300,0.0,0.0
2008-10-07,3.311076470048481,3.4129558179340997,2.7475568314703396,2.7953126430511475,33525300,0.0,0.0
2008-10-08,2.6552287725380603,2.8844571038284847,2.263630249359041,2.4992260932922363,27402200,0.0,0.0
2008-10-09,2.5119607367588954,2.6265748849827184,1.3339815899536815,2.0375852584838867,69535600,0.0,0.0
2008-10-10,1.849745213675099,2.8303329559086956,1.751049645895286,2.457836866378784,79175200,0.0,0.0
2008-10-13,2.7634753201999107,2.792129019807666,2.515144672832193,2.712535858154297,33336200,0.0,0.0
2008-10-14,3.104133649803558,3.7408790519861914,3.0404591733007615,3.6612861156463623,47038200,0.0,0.0
2008-10-15,3.3556488004551253,3.546672481157476,2.6584124296070253,2.8844571113586426,47932500,0.0,0.0
2008-10-16,2.9544989349217747,3.699491287119294,2.8016801270254375,3.5753259658813477,54036000,0.0,0.0
2008-10-17,3.2505854336404427,3.62944910252165,3.1996457628341535,3.2824227809906006,23901000,0.0,0.0
2008-10-20,3.3906690547620895,3.4511598807418316,3.0309079607046043,3.4161388874053955,17144100,0.0,0.0
2008-10-21,3.320627003796776,3.680388303273615,3.320627003796776,3.422506332397461,12347500,0.0,0.0
2008-10-22,3.3397288352304866,3.3715661738472726,3.0245399475097656,3.0245399475097656,19514000,0.0,0.0
2008-10-23,2.9576818337533055,3.085030763450749,2.2477107117698982,3.0245399475097656,30954200,0.0,0.0
2008-10-24,2.687065477139868,2.976784577898149,2.626574652543647,2.9035587310791016,20696800,0.0,0.0
2008-10-27,2.8239657373145137,2.9449473930094134,2.6552282766794657,2.6838817596435547,18544500,0.0,0.0
2008-10-28,2.7857615910679363,3.0309085957902,2.578819237123454,3.008622407913208,18800300,0.0,0.0
2008-10-29,3.0277244646206993,3.3238110982589473,2.836700816313127,3.215564250946045,33134700,0.0,0.0
2008-10-30,3.3429130510836025,3.393852713319351,3.1837267658855435,3.247401237487793,17595500,0.0,0.0
2008-10-31,3.263320548943011,3.4129557033873326,3.221932038705458,3.3970370292663574,16878300,0.0,0.0
2008-11-03,3.304708692138513,3.362015873815121,3.206013214546198,3.2251155376434326,8555700,0.0,0.0
2008-11-04,3.3110761838530145,3.6167139887069064,3.285606349083115,3.597611665725708,16021300,0.0,0.0
2008-11-05,3.479813822756481,3.588060466509085,3.2505855110539588,3.2951576709747314,12924800,0.0,0.0
2008-11-06,3.3333623891692694,3.5498556674511326,3.1837272417277265,3.2251155376434326,25795000,0.0,0.0
2008-11-07,3.2314831238138826,3.355648439187342,3.1837273149721326,3.3429136276245117,14943800,0.0,0.0
2008-11-10,3.4447925841984146,3.5753256173720263,2.8780893566207184,2.9863359928131104,29185300,0.0,0.0
2008-11-11,2.9417641815238804,3.072297017644044,2.5565331855652076,2.629758834838867,24941000,0.0,0.0
2008-11-12,2.5501651475644556,2.6042884608625636,2.3113857117513943,2.32412052154541,27075900,0.0,0.0
2008-11-13,2.3527741505226403,2.6743306135236664,2.0184828769284056,2.601104974746704,28376400,0.0,0.0
2008-11-14,2.515144670819679,2.750740505583711,2.330488510445426,2.365509510040283,14474000,0.0,0.0
2008-11-17,2.429183527662827,2.4833068416042496,2.113994592184667,2.1362807750701904,14204800,0.0,0.0
2008-11-18,2.1012603581585334,2.1171788218570184,1.8624806416770319,1.964359998703003,21914400,0.0,0.0
2008-11-19,1.9325226897838856,1.9611763923292662,1.8083573533703878,1.8497458696365356,21415600,0.0,0.0
2008-11-20,1.7669685827857076,2.1012599764666335,1.5918636024455632,1.747866153717041,35632800,0.0,0.0
2008-11-21,1.8338266770673788,2.0885247912625893,1.738314857696064,2.0503201484680176,29132700,0.0,0.0
2008-11-24,2.0853408503946262,2.553348508762779,1.94207303516714,2.515143871307373,26038700,0.0,0.0
2008-11-25,2.852619284928227,3.4638948308139272,2.8430681244348457,3.069112539291382,45397200,0.0,0.0
2008-11-26,3.0340920524645094,3.0372759147496344,2.881273246710932,3.0054385662078857,20536700,0.0,0.0
2008-11-28,3.002254824327888,3.0500106332925045,2.868538134457142,2.9322128295898438,5992100,0.0,0.0
2008-12-01,2.8494354077650725,2.8749052397379846,2.295467040220214,2.32412052154541,18717500,0.0,0.0
2008-12-02,2.4355504607413523,2.4355504607413523,2.177668549803933,2.3718760013580322,15849800,0.0,0.0
2008-12-03,2.2445276138163206,2.4737559134472455,2.206322968006134,2.406897783279419,15373000,0.0,0.0
2008-12-04,2.3623254248515426,2.438734929229774,2.199955466980817,2.2413439750671387,16012100,0.0,0.0
2008-12-05,2.1904045819949105,2.419632911682129,2.1139950679708606,2.419632911682129,19974600,0.0,0.0
2008-12-08,2.5246957293870116,2.894008034946888,2.5151445673798523,2.7220869064331055,22496700,0.0,0.0
2008-12-09,2.674330795373475,2.8940079390269156,2.642493660533136,2.7698426246643066,16570000,0.0,0.0
2008-12-10,2.823966115248977,3.00543862307799,2.7539241170397006,2.979968786239624,16000600,0.0,0.0
2008-12-11,2.909926221964308,2.9513147253234893,2.546981489294603,2.5947372913360596,15601300,0.0,0.0
2008-12-12,2.4896747286476466,2.690249555359583,2.467388754782384,2.639309883117676,12044200,0.0,0.0
2008-12-15,2.6456781206265,2.6934339437062333,2.4451032389216762,2.518328905105591,11151400,0.0,0.0
2008-12-16,2.5724512629724607,2.9385796366990546,2.543797570011044,2.9131100177764893,18629900,0.0,0.0
2008-12-17,2.83351733205662,3.0595620056075976,2.8016801946845313,2.9544990062713623,16440700,0.0,0.0
2008-12-18,2.973601168568346,3.0118060286646187,2.788945017321918,2.804863691329956,12738700,0.0,0.0
2008-12-19,2.836701039346031,2.8812731991375884,2.6074727283080463,2.804863691329956,14485200,0.0,0.0
2008-12-22,2.8016800618406394,2.8558033839533223,2.601105235128703,2.639309883117676,13106600,0.0,0.0
2008-12-23,2.6552281155118234,2.741188771571324,2.5756349705194768,2.5947372913360596,7565200,0.0,0.0
2008-12-24,2.6106563398396463,2.626575013614049,2.5342468331534596,2.6233911514282227,2375700,0.0,0.0
2008-12-26,2.629758721120433,2.69661706748605,2.5979213728730124,2.639309883117676,3817500,0.0,0.0
2008-12-29,2.607472692310061,2.6870658488664967,2.5151445117690456,2.6647796630859375,13221900,0.0,0.0
2008-12-30,2.6998008428912916,2.792129029670908,2.5756355187688165,2.773026704788208,9355300,0.0,0.0
2008-12-31,2.7666591763022725,2.8653546625464736,2.7284543143737676,2.83351731300354,6986600,0.0,0.0
2009-01-02,2.8367010427131656,2.9290290122535154,2.766659046902592,2.8876407146453857,8435600,0.0,0.0
2009-01-05,2.8462521644186887,3.2251156239336054,2.782577681595951,3.0945827960968018,16939900,0.0,0.0
2009-01-06,3.206013249315596,3.4384254158788847,3.126420093957324,3.4288742542266846,23723100,0.0,0.0
2009-01-07,3.30789247262531,3.4065879477824,3.2442177806924395,3.3556482791900635,24294400,0.0,0.0
2009-01-08,3.323811579897801,3.355648717639178,3.1009505537835276,3.2378509044647217,24289700,0.0,0.0
2009-01-09,3.221931875944239,3.4989161969791276,3.221931875944239,3.390669345855713,19827100,0.0,0.0
2009-01-12,3.3174436956417153,3.7408793004696026,3.2410341913320164,3.597611665725708,40802300,0.0,0.0
2009-01-13,3.530753814153151,3.8109218232179316,3.508467838369325,3.7376961708068848,26669900,0.0,0.0
2009-01-14,3.559407302458328,3.8013706457971197,3.4638954675816955,3.6772053241729736,28314900,0.0,0.0
2009-01-15,3.6071632238987337,3.874596184069035,3.4861813432718156,3.6644701957702637,32147600,0.0,0.0
2009-01-16,3.7408790519861914,3.9382699928603273,3.5912441277778195,3.6612861156463623,29480000,0.0,0.0
2009-01-20,3.693123309397087,3.957373033029802,3.3970368761125087,3.492548704147339,36248000,0.0,0.0
2009-01-21,3.518018453514338,3.8045539306467777,3.3811181204390293,3.7249605655670166,32452000,0.0,0.0
2009-01-22,3.597611479629382,3.6358161236155397,2.782577446307176,3.263320207595825,39615700,0.0,0.0
2009-01-23,3.0818476350690465,3.2219316088274175,2.929028638759067,3.1041336059570312,27473500,0.0,0.0
2009-01-26,3.110501350274222,3.2442178227749396,2.9194776967675375,2.983152389526367,13374100,0.0,0.0
2009-01-27,3.0754805630917996,3.078664425376924,2.919477895053097,3.0054385662078857,17377500,0.0,0.0
2009-01-28,3.3429132512964435,3.4288739099194916,3.1518896126640885,3.4161388874053955,31319400,0.0,0.0
2009-01-29,3.4352413384961156,3.6549184675022115,3.228299232484953,3.568957805633545,21720800,0.0,0.0
2009-01-30,3.578509748806963,3.7981867004029466,3.5689583738476416,3.6453680992126465,20150000,0.0,0.0
2009-02-02,3.5434884205144175,3.810921372608206,3.4256904056944877,3.715409755706787,20399900,0.0,0.0
2009-02-03,3.7631652605387447,3.804553980834115,3.5689579569060244,3.5785093307495117,24107200,0.0,0.0
2009-02-04,3.623081771666255,3.7950031262123796,2.827150125321055,2.8653547763824463,67348600,0.0,0.0
2009-02-05,2.8621710120139845,3.021357334929208,2.7157195014826128,2.9162943363189697,42677000,0.0,0.0
2009-02-06,2.989519745172729,3.2187482611269704,2.948131448962228,3.183727264404297,35034800,0.0,0.0
2009-02-09,3.2474022201674173,3.2792393594101776,2.954499179870423,3.062746047973633,21115100,0.0,0.0
2009-02-10,2.9990702225083257,3.0627449019375512,2.782576992080504,2.7857606410980225,33676700,0.0,0.0
2009-02-11,2.804863562910794,2.9608662212312042,2.7793937281410392,2.93858003616333,14477900,0.0,0.0
2009-02-12,2.8080469295491532,2.9927030397606966,2.773025939467914,2.8589863777160645,20792400,0.0,0.0
2009-02-13,3.078664880406852,3.078664880406852,2.72845463184092,2.7666594982147217,16615900,0.0,0.0
2009-02-17,2.636126315901352,2.6552286404947822,2.448286295167803,2.5310633182525635,29006300,0.0,0.0
2009-02-18,2.550165999287431,2.6520453612054893,2.406898332426994,2.521512508392334,23378400,0.0,0.0
2009-02-19,2.572451383731618,2.578818682568724,2.365509074288456,2.422816038131714,18606900,0.0,0.0
2009-02-20,2.308202288217902,2.4705724713224857,2.203139291028148,2.4291839599609375,48995700,0.0,0.0
2009-02-23,2.42918368639295,2.5342466717508,2.292283355513972,2.308202028274536,16474000,0.0,0.0
2009-02-24,2.32412085494567,2.769842659834087,2.308202181130921,2.747556686401367,23616500,0.0,0.0
2009-02-25,2.7571075283794118,2.830333164570942,2.511960574747906,2.671146869659424,21730300,0.0,0.0
2009-02-26,2.7634754565611055,2.7634754565611055,1.502719407926581,1.8465619087219238,269657800,0.0,0.0
2009-02-27,1.6268845379012282,1.7096614442682514,1.4549632136507085,1.4645143747329712,91412300,0.0,0.0
2009-03-02,1.407207334145792,1.4804330811008548,1.162060365211079,1.1938976049423218,72781000,0.0,0.0
2009-03-03,1.2766744776462753,1.3339815500436762,1.11112066574603,1.1970813274383545,48919100,0.0,0.0
2009-03-04,1.318063009668753,1.3499002491402716,1.1811626781755695,1.2671233415603638,25373100,0.0,0.0
2009-03-05,1.219367363335737,1.248020951645755,1.0569973127588155,1.0760996341705322,24378600,0.0,0.0
2009-03-06,1.0824674058352255,1.1429582464473071,0.9901393198140103,1.0442626476287842,19533600,0.0,0.0
2009-03-09,1.018792675745524,1.1079370999161358,0.9901391904778826,1.0156090259552002,23286900,0.0,0.0
2009-03-10,1.1620605179177053,1.2480211932998662,1.0665486799802961,1.2416536808013916,36517200,0.0,0.0
2009-03-11,1.2798580095668162,1.3244301573930757,1.149325215081036,1.2575719356536865,25045700,0.0,0.0
2009-03-12,1.2512048061144139,1.3976561962885152,1.1556929791262187,1.388105034828186,20294100,0.0,0.0
2009-03-13,1.3881050926259693,1.4231260902336782,1.2830420998028425,1.4040237665176392,15151100,0.0,0.0
2009-03-16,1.429493712873956,1.464514715793001,1.3085121340033739,1.3244307041168213,25764500,0.0,0.0
2009-03-17,1.349900268244448,1.423126015638457,1.308511866964978,1.4199422597885132,12392900,0.0,0.0
2009-03-18,1.4008399269641008,1.493167996406555,1.3371653413870033,1.4931679964065552,31382900,0.0,0.0
2009-03-19,1.5345563596240728,1.547291276426104,1.372186303138733,1.372186303138733,26447500,0.0,0.0
2009-03-20,1.4072075272952909,1.4358611213210388,1.305328282456175,1.3435330390930176,22246300,0.0,0.0
2009-03-23,1.3976560968718383,1.5027190778471275,1.3562676980902593,1.499535322189331,29791100,0.0,0.0
2009-03-24,1.3530840098792287,1.4995353969362146,1.2575721849239363,1.3085118532180786,31684500,0.0,0.0
2009-03-25,1.3658190161080535,1.3658190161080535,1.095202196467407,1.136590600013733,41184000,0.0,0.0
2009-03-26,1.203449012312259,1.4072074977060818,1.1556930940684806,1.3148794174194336,58859500,0.0,0.0
2009-03-27,1.2862257582549006,1.4868004606363794,1.2480210075283318,1.423125982284546,49177900,0.0,0.0
2009-03-30,1.3721863946805455,1.4613308182418003,1.2161838392851438,1.3849213123321533,33388800,0.0,0.0
2009-03-31,1.4263098654218502,1.5918636938276212,1.384921355224179,1.5759450197219849,32362500,0.0,0.0
2009-04-01,1.5345564080053782,1.5823123209705263,1.4995354122437665,1.5441076755523682,18124000,0.0,0.0
2009-04-02,1.5759450539166522,1.760601210301868,1.5663938917230134,1.614149808883667,44509400,0.0,0.0
2009-04-03,1.5791287245896553,1.7414987916721199,1.5791287245896553,1.703294038772583,43152400,0.0,0.0
2009-04-06,1.792438168964289,1.8656640173579981,1.719212532955465,1.7701520919799805,26917000,0.0,0.0
2009-04-07,1.719212971597657,1.8433783045031402,1.6396196978405198,1.7924386262893677,21460900,0.0,0.0
2009-04-08,1.8147248623787229,1.9707275513238698,1.7988061859745332,1.8401947021484375,26684800,0.0,0.0
2009-04-09,1.9229712313072738,2.1330972183421117,1.8624803975501314,2.129913568496704,36681200,0.0,0.0
2009-04-13,2.085341580887826,2.1904045830785206,2.005748416717748,2.012115716934204,24270100,0.0,0.0
2009-04-14,1.95162457047012,2.0025642384796805,1.8179081012336966,1.8242756128311157,24390400,0.0,0.0
2009-04-15,1.8242755778629811,1.9420733720403296,1.7574172383338769,1.9102362394332886,20586800,0.0,0.0
2009-04-16,1.989829439486645,1.989829439486645,1.7828871166131832,1.8752152919769287,21782100,0.0,0.0
2009-04-17,1.8879500960560491,1.8879500960560491,1.4995353920579266,1.5663937330245972,53566800,0.0,0.0
2009-04-20,1.5472913796495857,1.5727612149528014,1.3594514770289376,1.3849213123321533,33842300,0.0,0.0
2009-04-21,1.324430467165467,1.560026282142216,1.27985830891418,1.5504751205444336,43285800,0.0,0.0
2009-04-22,1.4708818862494446,1.6077821095442553,1.4263097304039198,1.4645143747329712,31650900,0.0,0.0
2009-04-23,1.5918632141044229,1.5918632141044229,1.407207011181309,1.5122699737548828,34602800,0.0,0.0
2009-04-24,1.525005043703675,1.6396191770902395,1.50908647896203,1.5409237146377563,31194900,0.0,0.0
2009-04-27,1.5727612487866298,1.6077822465338227,1.3085119407641586,1.4135749340057373,38346000,0.0,0.0
2009-04-28,1.3912887539726453,1.5250052232711029,1.3912887539726453,1.4740656614303589,14989400,0.0,0.0
2009-04-29,1.489984291778041,1.6045984435627088,1.4836168860977608,1.5918636322021484,17900700,0.0,0.0
2009-04-30,1.6237007729917978,1.655538011817388,1.5377401113510132,1.5377401113510132,15671300,0.0,0.0
2009-05-01,1.57276119630348,1.7160289385409027,1.5281890381476027,1.6746405363082886,17590400,0.0,0.0
2009-05-04,1.7064780031360742,1.8783992528915407,1.6746407582611658,1.8783992528915405,31662100,0.0,0.0
2009-05-05,1.843377933815723,1.903868762982276,1.7733359434528613,1.8561129570007324,16365200,0.0,0.0
2009-05-06,1.9006851488884686,1.9548084674736885,1.7860710000065616,1.945257306098938,28176100,0.0,0.0
2009-05-07,1.9993806422334177,2.005748154000775,1.7860710156835287,1.7892546653747559,32271500,0.0,0.0
2009-05-08,1.8401941661030208,2.12354575897196,1.8179079831520932,2.113994598388672,37306200,0.0,0.0
2009-05-11,2.024850450207361,2.0375852611891827,1.7733359687560561,1.8624802827835083,44746400,0.0,0.0
2009-05-12,1.9038685486556395,1.9357058906492004,1.6300680234271467,1.894317388534546,37663300,0.0,0.0
2009-05-13,1.849745642835928,1.8529292927795304,1.6841918104551328,1.7255802154541016,27868000,0.0,0.0
2009-05-14,1.6650891121143365,1.81472435214104,1.6619054626826086,1.7701520919799805,18427900,0.0,0.0
2009-05-15,1.7701522576321829,1.830643195382441,1.7128451819964865,1.7669686079025269,21470700,0.0,0.0
2009-05-18,1.8147243398788617,1.8561128441360866,1.7733358356216367,1.8338266611099243,27449400,0.0,0.0
2009-05-19,1.79880568021263,1.846561483612975,1.7510497706198425,1.7701520919799805,24757500,0.0,0.0
2009-05-20,1.795621918674764,1.9579918524835729,1.776519492314806,1.8847662210464478,30733700,0.0,0.0
2009-05-21,1.8401943710918156,2.110811184123409,1.8338268591986857,2.072606325149536,52286500,0.0,0.0
2009-05-22,2.056687644737661,2.0980761533273644,1.830643203328297,1.8370105028152466,22167400,0.0,0.0
2009-05-26,1.830643447349948,2.0439531058343205,1.7701525012737906,1.9898297786712646,25067200,0.0,0.0
2009-05-27,1.986645786417606,2.028034297822222,1.916603788218219,1.929338812828064,21613700,0.0,0.0
2009-05-28,1.964359883123736,2.0535042090839046,1.9070526950722404,2.0152995586395264,29208800,0.0,0.0
2009-05-29,2.0184831165679062,2.1139949507035114,1.9675434433775942,2.1044437885284424,48798200,0.0,0.0
2009-06-01,2.133097525218425,2.155383714497204,2.0535043561684034,2.1235463619232178,25072500,0.0,0.0
2009-06-02,2.126729601994438,2.1299132513658203,1.9484407771145198,1.961175799369812,29028600,0.0,0.0
2009-06-03,1.9516245689638196,1.9898294261339513,1.8306431230156104,1.8561129570007324,28568100,0.0,0.0
2009-06-04,1.9102360420211228,2.0948921566444034,1.887949860352942,2.0821571350097656,26186400,0.0,0.0
2009-06-05,2.1330972750536485,2.1330972750536485,2.015299466637856,2.1044437885284424,21176100,0.0,0.0
2009-06-08,2.3941623569355315,2.6265744795372914,2.301834407633434,2.5246951580047607,157049500,0.0,0.0
2009-06-09,2.537431446722457,2.562901077441666,2.403714717329259,2.518328905105591,60327100,0.0,0.0
2009-06-10,2.5437976275685865,2.6106559628115047,2.4896743144599767,2.5947372913360596,42168900,0.0,0.0
2009-06-11,2.5820024975916502,2.7825772921788245,2.5788186358458978,2.6775143146514893,49083300,0.0,0.0
2009-06-12,2.6743313012283947,2.8175991784564918,2.6584126246047233,2.7666594982147217,25946100,0.0,0.0
2009-06-15,2.7348214630051983,2.823965775006565,2.5947374834645096,2.597921133041382,27001200,0.0,0.0
2009-06-16,2.6711467869872685,2.7316376111630327,2.537430328886312,2.5947372913360596,21659800,0.0,0.0
2009-06-17,2.5788188783630677,2.5915539017739424,2.333671907745185,2.4482860565185547,33812100,0.0,0.0
2009-06-18,2.725270267056907,2.7698424224878955,2.5183279499677593,2.582002639770508,88928800,0.0,0.0
2009-06-19,2.652044196589393,2.820781629830153,2.604288187017474,2.7857606410980225,55003600,0.0,0.0
2009-06-22,2.712535579978791,2.7984960328318826,2.435551261408569,2.508776903152466,49906500,0.0,0.0
2009-06-23,2.556532485915923,2.664779105198208,2.5151439852083395,2.6520442962646484,31257200,0.0,0.0
2009-06-24,2.7061676059057915,2.7571072664097604,2.6106557955570655,2.6520442962646484,25746300,0.0,0.0
2009-06-25,2.7380053154357915,3.00225460094315,2.7061679702383192,2.9290287494659424,57970000,0.0,0.0
2009-06-26,2.9322130777818898,2.9799688907887134,2.8494360520568245,2.951315402984619,40950400,0.0,0.0
2009-06-29,3.0754804430256084,3.3333624464223073,3.043643308111692,3.199645757675171,71188100,0.0,0.0
2009-06-30,3.247401680063031,3.323811183830196,3.1869108494621385,3.2696876525878906,40621300,0.0,0.0
2009-07-01,3.282422800005064,3.30789263555575,3.132787648885349,3.158257484436035,35548500,0.0,0.0
2009-07-02,3.069113108981445,3.1105016203919047,2.979968786239624,2.979968786239624,26780400,0.0,0.0
2009-07-06,2.967234262975099,3.046827431201777,2.9035595584858034,3.037276268005371,25029200,0.0,0.0
2009-07-07,3.0404593952751786,3.0404593952751786,2.843068439990147,2.8558032512664795,25058300,0.0,0.0
2009-07-08,2.8589865882165695,2.957682267446695,2.69024913605182,2.820781946182251,32331700,0.0,0.0
2009-07-09,2.865354121053,2.9417636180852504,2.801679646385233,2.881272792816162,18446000,0.0,0.0
2009-07-10,2.8558032512664795,2.881273086204049,2.788944908007247,2.8558032512664795,10756900,0.0,0.0
2009-07-13,2.894008243194935,3.0118062704013098,2.8462524297227096,3.008622407913208,22353200,0.0,0.0
2009-07-14,3.021357433095755,3.0309085957902,2.935396756460818,3.008622407913208,11841900,0.0,0.0
2009-07-15,3.0563777616224295,3.107317426380284,2.8239656208090502,3.0468266010284424,35260600,0.0,0.0
2009-07-16,3.0309079632423996,3.148705965864435,2.9608659765108816,3.12641978263855,18491900,0.0,0.0
2009-07-17,3.0563780049996705,3.1518898309299668,3.0500104933016776,3.0882153511047363,12275300,0.0,0.0
2009-07-20,3.135971536210541,3.1837275611295706,3.0627458861966064,3.1168692111968994,16079500,0.0,0.0
2009-07-21,3.1296036291601794,3.1518898137895097,2.9290288170358045,3.027724504470825,25241300,0.0,0.0
2009-07-22,2.9322130208831134,3.19964599330172,2.8749058340020266,2.976785182952881,51456000,0.0,0.0
2009-07-23,2.9767845009705804,3.088214986808701,2.8462516946767535,2.868537664413452,51108500,0.0,0.0
2009-07-24,2.8016796536231543,2.9544984356975674,2.722086506986602,2.922661304473877,19447200,0.0,0.0
2009-07-27,2.89719134666123,2.9672333296604716,2.8430680347772475,2.9131100177764893,14036400,0.0,0.0
2009-07-28,2.900376024153866,2.909927187732067,2.763475658891406,2.8239665031433105,22725000,0.0,0.0
2009-07-29,2.8080473816473073,2.8239658422958667,2.763475012199661,2.7984960079193115,15169300,0.0,0.0
2009-07-30,2.849436110309376,2.890824624018036,2.823966272056734,2.8844571113586426,18123400,0.0,0.0
2009-07-31,2.827150059663928,2.894008197468664,2.8112313846297297,2.830333709716797,17110800,0.0,0.0
2009-08-03,2.8844567651776654,2.9131104625135684,2.667963272205357,2.7507402896881104,29004600,0.0,0.0
2009-08-04,2.7093511532138663,2.8080468213752225,2.6966163447589357,2.7857606410980225,15942100,0.0,0.0
2009-08-05,2.7443726145673706,2.9608660946634147,2.7348214534851074,2.9290287494659424,28520500,0.0,0.0
2009-08-06,2.9736012630447,3.008622262021094,2.8780896407317345,2.919477939605713,22547900,0.0,0.0
2009-08-07,2.960866293916646,3.0531944737716583,2.9322128087416046,3.0149896144866943,19777300,0.0,0.0
2009-08-10,3.0086215823180624,3.0118054439324813,2.9290284401155344,2.9576821327209473,10126200,0.0,0.0
2009-08-11,2.9290284874464394,2.9544983188490064,2.827149374221047,2.868537664413452,14528300,0.0,0.0
2009-08-12,2.843068551426229,2.894008010913071,2.7793938553940785,2.804863691329956,15308900,0.0,0.0
2009-08-13,2.8430686566108476,2.871722143454457,2.7730266582920784,2.817598819732666,12045600,0.0,0.0
2009-08-14,2.7953118005354347,2.817597980812635,2.728453472088691,2.7857606410980225,12786300,0.0,0.0
2009-08-17,2.718902864475025,2.738005399611724,2.6233910383311323,2.6329421997070312,13697800,0.0,0.0
2009-08-18,2.648861215356728,2.709352053483613,2.632942540209928,2.687066078186035,7611100,0.0,0.0
2009-08-19,2.629758937938666,2.6584124262928173,2.6011054495845154,2.642493963241577,10601300,0.0,0.0
2009-08-20,2.652044910123994,2.7220869064331055,2.623391211717601,2.7220869064331055,8691100,0.0,0.0
2009-08-21,2.7380054238150553,2.798496042268839,2.7220867505862056,2.776210069656372,11224700,0.0,0.0
2009-08-24,2.8016801304964423,2.9990710997897976,2.7857614559826414,2.919477939605713,23915000,0.0,0.0
2009-08-25,2.9640501012126492,2.96723396354679,2.894008103250427,2.9608664512634277,21911400,0.0,0.0
2009-08-26,2.9194783513102673,2.9194783513102673,2.8016805255891586,2.8239665031433105,15369600,0.0,0.0
2009-08-27,2.843068428094259,2.8462520778037947,2.7380054390607262,2.836700916290283,12876300,0.0,0.0
2009-08-28,2.8398845778823856,2.8589869009893363,2.750740261793345,2.8558032512664795,12054000,0.0,0.0
2009-08-31,2.804863825845854,2.849435987775007,2.785761501074063,2.83351731300354,19546200,0.0,0.0
2009-09-01,2.8144149954121636,2.8717221822586674,2.6233913224370506,2.629758834838867,17578700,0.0,0.0
2009-09-02,2.6170236472768855,2.6488607799523547,2.5851863022165227,2.601104974746704,12450800,0.0,0.0
2009-09-03,2.6584120961358395,2.690249443054199,2.620207449741733,2.690249443054199,12330200,0.0,0.0
2009-09-04,2.6870663246068185,2.7252709785548026,2.6584126217608826,2.7061686515808105,9071600,0.0,0.0
2009-09-08,2.760291462973714,2.782577648508368,2.7252704659799063,2.7698426246643066,9275300,0.0,0.0
2009-09-09,2.7762103845084636,2.887640897362926,2.734821871896533,2.830333709716797,19463400,0.0,0.0
2009-09-10,2.8239657129961873,3.1200523382300624,2.769842397068466,3.0181732177734375,35194300,0.0,0.0
2009-09-11,3.0054385541292388,3.078664413003988,2.9131105835450937,2.9449477195739746,14902700,0.0,0.0
2009-09-14,2.903559091511055,2.9131104655562705,2.776210127783676,2.792128801345825,24986100,0.0,0.0
2009-09-15,2.8016798450083744,2.8494356512985934,2.760291337966919,2.760291337966919,15998600,0.0,0.0
2009-09-16,2.798495804925998,2.957682311328847,2.773026184781822,2.9417636394500732,28285500,0.0,0.0
2009-09-17,2.925845175923064,2.9513150102658514,2.7602913588873945,2.862170696258545,30797000,0.0,0.0
2009-09-18,2.8717220372097487,2.878089549289946,2.788945017321918,2.804863691329956,15685000,0.0,0.0
2009-09-21,2.76665861872079,2.8175982827693353,2.661595641264996,2.8016796112060547,27424300,0.0,0.0
2009-09-22,2.833517302729874,2.833517302729874,2.7443729791947846,2.8144149780273438,14683600,0.0,0.0
2009-09-23,2.814414819084438,2.814414819084438,2.712535688962884,2.747556686401367,14374700,0.0,0.0
2009-09-24,2.760291633660527,2.8335172819447236,2.6775148230951276,2.817598819732666,35270400,0.0,0.0
2009-09-25,2.795312471589007,2.833517118510212,2.680698318440483,2.788944959640503,24373600,0.0,0.0
2009-09-28,2.7984957494624703,2.811230771667047,2.7252701151332372,2.8016796112060547,14423400,0.0,0.0
2009-09-29,2.8335170541958434,2.9162940704928166,2.823965892682332,2.836700916290283,23432400,0.0,0.0
2009-09-30,2.846252061955388,2.881273058104896,2.753923884659002,2.776210069656372,18078700,0.0,0.0
2009-10-01,2.750740508548767,2.7698428333692937,2.6170240224201575,2.629758834838867,19539800,0.0,0.0
2009-10-02,2.5851860797061823,2.696616565441591,2.5501650881080433,2.6202070713043213,19371900,0.0,0.0
2009-10-05,2.6265753062390846,2.6806986331939697,2.591554304987696,2.6806986331939697,13457500,0.0,0.0
2009-10-06,2.702984314766106,2.769842659834087,2.690249503145253,2.747556686401367,14586500,0.0,0.0
2009-10-07,2.7316380366659563,2.836701029907535,2.712535712873835,2.8271498680114746,10601300,0.0,0.0
2009-10-08,2.843068565655657,2.941764047660578,2.83670105354359,2.906743049621582,17731400,0.0,0.0
2009-10-09,2.8971918765845626,2.916294200462917,2.820782368686233,2.8876407146453857,9928100,0.0,0.0
2009-10-12,2.8749055072374885,2.922661526274553,2.8398845115642684,2.862170696258545,9057600,0.0,0.0
2009-10-13,2.8398847942604992,2.865354631138681,2.8016801451356876,2.817598819732666,7214000,0.0,0.0
2009-10-14,2.868537774375952,3.065928922216417,2.85580296437893,3.0468266010284424,23403800,0.0,0.0
2009-10-15,3.03090821258784,3.0786642324071294,2.9672337318803574,3.0436432361602783,14069100,0.0,0.0
2009-10-16,2.9927032905048336,3.024540421728524,2.881272800259707,2.922661304473877,22058000,0.0,0.0
2009-10-19,2.9322124575043294,2.9672334504293336,2.865354121053,2.881272792816162,13126800,0.0,0.0
2009-10-20,2.8621710125461495,2.903559312090055,2.804863825845854,2.83351731300354,14658400,0.0,0.0
2009-10-21,3.1996460666099535,3.674021397809219,3.1900949039750963,3.419323444366455,128527500,0.0,0.0
2009-10-22,3.5212021888423166,3.5434883740839025,3.3174437214809678,3.492548704147339,44512200,0.0,0.0
2009-10-23,3.508467025206396,3.6135300042550766,3.4670785209913415,3.5020995140075684,21528000,0.0,0.0
2009-10-26,3.5339374430370856,3.680388950561488,3.4225069343303716,3.4734466075897217,24771500,0.0,0.0
2009-10-27,3.4957318181130024,3.49891567973664,3.288789732741208,3.3301780223846436,18734200,0.0,0.0
2009-10-28,3.349281229055603,3.403404551316823,3.1996458617899965,3.212380886077881,14761100,0.0,0.0
2009-10-29,3.2155638452402364,3.36519896797865,3.2155638452402364,3.2728710174560547,27729500,0.0,0.0
2009-10-30,3.2442177948188156,3.2537691685582555,3.0309081705925984,3.0882153511047363,25237600,0.0,0.0
2009-11-02,3.107317467787376,3.2123804481061544,2.9958869761927938,3.1041336059570312,14305800,0.0,0.0
2009-11-03,3.0500108700642254,3.1837275703153716,2.9544990323355176,3.1773600578308105,19781500,0.0,0.0
2009-11-04,3.212380180820812,3.2633198420190492,3.0913985385712164,3.1073172092437744,15396500,0.0,0.0
2009-11-05,3.1200525904818392,3.199645746054932,3.059561758264704,3.1805434226989746,14689200,0.0,0.0
2009-11-06,3.1264199383718165,3.253769108038497,3.1073176160180385,3.215564250946045,13103000,0.0,0.0
2009-11-09,3.2665036901219926,3.4256899817719018,3.2314826974636173,3.422506332397461,15096300,0.0,0.0
2009-11-10,3.3938533101934762,3.422506795596022,3.317443803401778,3.362015962600708,9644900,0.0,0.0
2009-11-11,3.387485980987549,3.4416093049078356,3.3460974693605974,3.387485980987549,6160000,0.0,0.0
2009-11-12,3.333362196493709,3.381118001476406,3.2537690465992855,3.263320207595825,7960000,0.0,0.0
2009-11-13,3.263320559762866,3.3174438820457013,3.2282995615345706,3.2537693977355957,7259100,0.0,0.0
2009-11-16,3.291973381979973,3.362015364311784,3.2633199016764705,3.3301780223846436,8230500,0.0,0.0
2009-11-17,3.3142594926630125,3.435241142280106,3.2728712012557555,3.422506332397461,9315600,0.0,0.0
2009-11-18,3.5339373655496713,3.705858493549175,3.502100017364434,3.6644701957702637,21919200,0.0,0.0
2009-11-19,3.5976110041834586,3.607162376302619,3.467078204634924,3.4893643856048584,15927600,0.0,0.0
2009-11-20,3.4575275247007897,3.50209968044106,3.4097715070173544,3.467078685760498,10126500,0.0,0.0
2009-11-23,3.495732029991344,3.543488045776574,3.470262197382865,3.540304183959961,8637900,0.0,0.0
2009-11-24,3.540303930835925,3.6198970724023534,3.447975980068211,3.6071624755859375,13385900,0.0,0.0
2009-11-25,3.642183466370561,3.65810171239108,3.588059730821834,3.6071624755859375,6297400,0.0,0.0
2009-11-27,3.5052832428623044,3.5466717480154357,3.3938529624740963,3.4129552841186523,6648600,0.0,0.0
2009-11-30,3.425690360807486,3.495732353874035,3.38430206482082,3.492548704147339,9507000,0.0,0.0
2009-12-01,3.527569850493011,3.581693172454834,3.438425530510606,3.581693172454834,8026300,0.0,0.0
2009-12-02,3.584876244734725,3.6198972371128533,3.5212017710612766,3.572141647338867,11342800,0.0,0.0
2009-12-03,3.6612866496293814,3.855493969337397,3.6326329504969475,3.6772053241729736,23780400,0.0,0.0
2009-12-04,3.747247049368448,3.788635345305835,3.559407043249138,3.6358163356781006,16716000,0.0,0.0
2009-12-07,3.6167141348096257,3.728144427496318,3.5816931371343994,3.6039791107177734,10249900,0.0,0.0
2009-12-08,3.55303972089334,3.626265579889258,3.4893652363452987,3.5180187225341797,13317900,0.0,0.0
2009-12-09,3.5275695195674426,3.5498554912799127,3.4543438805337634,3.508467197418213,5812200,0.0,0.0
2009-12-10,3.5339371849934103,3.648551335265507,3.5116509999254095,3.597611665725708,10918000,0.0,0.0
2009-12-11,3.594427980077964,3.7695329596293337,3.5785093069578577,3.763165235519409,9932000,0.0,0.0
2009-12-14,3.7759001109239123,3.8236561284118133,3.7440627659319783,3.820472478866577,7178800,0.0,0.0
2009-12-15,3.8077375548660037,3.8077375548660037,3.680388596358687,3.686755895614624,9146600,0.0,0.0
2009-12-16,3.7217770260920524,3.7345120498357636,3.664470056400069,3.674021005630493,11074700,0.0,0.0
2009-12-17,3.6612862104151533,3.680388532621948,3.5594068754657213,3.5912442207336426,7901200,0.0,0.0
2009-12-18,3.5976120957671527,3.664470446578181,3.5307537449561237,3.6007957458496094,16639400,0.0,0.0
2009-12-21,3.607163627007992,3.645368279191808,3.489365595466331,3.5275702476501465,11629300,0.0,0.0
2009-12-22,3.556223197372162,3.578509382688928,3.4893650661916746,3.511651039123535,11772000,0.0,0.0
2009-12-23,3.5466719961859083,3.6230812881107037,3.5307533229066084,3.597611665725708,8801900,0.0,0.0
2009-12-24,3.61034658084751,3.6899395200832146,3.6039788568651936,3.6485512256622314,2975300,0.0,0.0
2009-12-28,3.645367650901266,3.6581022495877726,3.6039789308607117,3.6198976039886475,5376000,0.0,0.0
2009-12-29,3.6230810474518838,3.696307109580634,3.6230810474518838,3.6612861156463623,6228300,0.0,0.0
2009-12-30,3.6358163591691715,3.7026747028613913,3.6326327094256965,3.674021005630493,5686000,0.0,0.0
2009-12-31,3.6931236157622833,3.6931236157622833,3.584876967456102,3.5880606174468994,4745600,0.0,0.0
2010-01-04,3.645367733169408,3.731328400092289,3.6039790121947988,3.674021005630493,7181900,0.0,0.0
2010-01-05,3.6835727884163365,3.7345124642744163,3.658102738102367,3.7217774391174316,9438700,0.0,0.0
2010-01-06,3.7122262155676564,3.744063138961792,3.699491191348105,3.744063138961792,8206500,0.0,0.0
2010-01-07,3.7249603351669647,3.8841466307105335,3.6835720427473597,3.868227958679199,11738400,0.0,0.0
2010-01-08,3.839574666551366,3.8586769879241305,3.6867556707994766,3.705857992172241,11608900,0.0,0.0
2010-01-11,3.731328144698244,3.737695443749378,3.6453674836590166,3.6549184322357178,11584800,0.0,0.0
2010-01-12,3.6198975296662934,3.696307244065531,3.6039788568651936,3.6485512256622314,9976500,0.0,0.0
2010-01-13,3.6294491977204686,3.6835725197274405,3.565774501349994,3.6644701957702637,10658100,0.0,0.0
2010-01-14,3.59761133611603,3.772716301375577,3.59761133611603,3.6676533222198486,16134900,0.0,0.0
2010-01-15,3.603978594438219,3.6230809154546275,3.3970365002472898,3.422506332397461,42100300,0.0,0.0
2010-01-19,3.432057488348766,3.6772046490167813,3.432057488348766,3.670836925506592,31303400,0.0,0.0
2010-01-20,3.6485514670001433,3.9064334737121285,3.537120962406634,3.8109214305877686,38329200,0.0,0.0
2010-01-21,3.772717134292013,4.1038248166798885,3.750431158730579,3.759982109069824,44938300,0.0,0.0
2010-01-22,3.705859082800109,3.8523108227848253,3.2760558758830256,3.3110768795013428,40907800,0.0,0.0
2010-01-25,3.403404369463128,3.4766300118586027,3.346097187999567,3.390669345855713,18986600,0.0,0.0
2010-01-26,3.3620165597434317,3.4256910538535688,3.295158202877572,3.3110768795013428,11082300,0.0,0.0
2010-01-27,3.3047085197441053,3.339729514390421,3.2314828808963156,3.3238110542297363,13359300,0.0,0.0
2010-01-28,3.326994939849876,3.3938532843312443,3.218748298675193,3.2824227809906006,10359800,0.0,0.0
2010-01-29,3.298341826058852,3.428874667553621,3.282423150591331,3.3524651527404785,15519600,0.0,0.0
2010-02-01,3.3779345346332015,3.40658801917253,3.346097187999567,3.390669345855713,10636800,0.0,0.0
2010-02-02,3.3779347831259923,3.4543442932367254,3.3524649464224145,3.451160430908203,11259100,0.0,0.0
2010-02-03,3.432058027378537,3.441609189374139,3.374750843020009,3.3970370292663574,6638200,0.0,0.0
2010-02-04,3.3651994056956216,3.412955424151318,3.2251154247080813,3.234666585922241,15376900,0.0,0.0
2010-02-05,3.26968779093196,3.355648459758998,3.186910984303831,3.3397297859191895,16899600,0.0,0.0
2010-02-08,3.333362416519399,3.4288742451741476,3.2919739078791963,3.30470871925354,11081400,0.0,0.0
2010-02-09,3.352464457320965,3.435241255242339,3.3429132964986867,3.4129552841186523,11217700,0.0,0.0
2010-02-10,3.412955270711975,3.43842510359963,3.295157267058461,3.393852949142456,7989900,0.0,0.0
2010-02-11,3.377935362969939,3.4638960500520937,3.326995680818665,3.4416098594665527,8703100,0.0,0.0
2010-02-12,3.4097718640725234,3.4925488851045383,3.3460973795451463,3.476630210876465,9156400,0.0,0.0
2010-02-16,3.5052833278135633,3.5753255295159048,3.4511600110473344,3.568957805633545,8379700,0.0,0.0
2010-02-17,3.5625909721539153,3.5976119713899064,3.476630299050133,3.549855947494507,8471200,0.0,0.0
2010-02-18,3.5212020623373568,3.5466718963905928,3.4575275833967147,3.482997417449951,6982100,0.0,0.0
2010-02-19,3.4607116244183334,3.5880605967028893,3.4607116244183334,3.549855947494507,12113100,0.0,0.0
2010-02-22,3.5562235827705666,3.6167144210317526,3.5243864447912094,3.6007957458496094,7150500,0.0,0.0
2010-02-23,3.5976115090378813,3.5976115090378813,3.4766298522462336,3.508467197418213,7608300,0.0,0.0
2010-02-24,3.521201908537134,3.549855390951152,3.4225064386322583,3.5371205806732178,6783700,0.0,0.0
2010-02-25,3.4957328959070084,3.5371214106961006,3.4447932180719625,3.5275702476501465,8651100,0.0,0.0
2010-02-26,3.5339371611750794,3.581692968306208,3.518018488003069,3.5594069957733154,8121400,0.0,0.0
2010-03-01,3.578509439233766,3.578509439233766,3.4352415882419605,3.4861812591552734,11411600,0.0,0.0
2010-03-02,3.489365343882955,3.588060617446899,3.4861814815072347,3.5880606174468994,12335200,0.0,0.0
2010-03-03,3.5816929583895223,3.6485513005728927,3.5530394741901787,3.6198976039886475,10379100,0.0,0.0
2010-03-04,3.6198978449023222,3.7058585156061628,3.597611870947943,3.7026748657226562,10891200,0.0,0.0
2010-03-05,3.709041771394808,3.820472478866577,3.6835721502631324,3.820472478866577,12166200,0.0,0.0
2010-03-08,3.807737099837062,3.9128000736236572,3.769532459327345,3.9128000736236572,14424500,0.0,0.0
2010-03-09,3.868228023916966,3.947821385415981,3.849125702111158,3.8873307704925537,11398200,0.0,0.0
2010-03-10,3.9032492984132174,3.9350866452998656,3.8427586791444357,3.8809633255004883,14406900,0.0,0.0
2010-03-11,3.8650448159610207,4.0051288083869245,3.8427588421032164,3.992394208908081,16299400,0.0,0.0
2010-03-12,3.9701075528591634,3.9860262259453814,3.8523099666988743,3.890514612197876,10474800,0.0,0.0
2010-03-15,3.8841465319737476,3.9414539197376803,3.7599812331014983,3.922351598739624,12953000,0.0,0.0
2010-03-16,3.931903123855591,3.9478217978183103,3.877779802290274,3.931903123855591,9461700,0.0,0.0
2010-03-17,3.9541888541127452,4.036965868669947,3.9350865314872063,3.995577573776245,9310900,0.0,0.0
2010-03-18,4.008311769216795,4.008311769216795,3.9032487929579824,3.906432867050171,11097700,0.0,0.0
2010-03-19,3.6931238174438477,3.9669245279222065,3.67402149168604,3.6931238174438477,26642200,0.0,0.0
2010-03-22,3.546672436095864,3.7345124642744163,3.540304923517372,3.7217774391174316,17231700,0.0,0.0
2010-03-23,3.721776862812877,3.744062834809298,3.6708371948426324,3.712225914001465,14139900,0.0,0.0
2010-03-24,3.6899391018430014,3.8300230667988733,3.680388154106781,3.788634777069092,13629000,0.0,0.0
2010-03-25,3.8109221116043908,3.8873318447123597,3.8109221116043908,3.8363921642303467,18446900,0.0,0.0
2010-03-26,3.880963078496888,4.240724395787329,3.8682280555987862,4.005128383636475,43243300,0.0,0.0
2010-03-29,4.036967086424507,4.0688044419941045,4.005129730854911,4.033783435821533,17045100,0.0,0.0
2010-03-30,4.036965868669947,4.059251840938109,3.9478215548274984,3.995577573776245,11078600,0.0,0.0
2010-03-31,3.970107138815644,4.043332772513644,3.9350861466322735,3.986025810241699,11972000,0.0,0.0
2010-04-01,4.040149318012942,4.0751703118851506,3.957372732329377,3.9892096519470215,14041700,0.0,0.0
2010-04-05,4.030598756377926,4.078354352772419,3.989210034794262,4.062436103820801,9265800,0.0,0.0
2010-04-06,4.04970049594592,4.0688028167032355,3.970107138815644,3.986025810241699,14877500,0.0,0.0
2010-04-07,3.9828427955823287,4.043333416824803,3.8905148264144147,3.931903123855591,9608800,0.0,0.0
2010-04-08,3.9223506298708037,4.21843716935831,3.909615610761218,4.196150779724121,19983500,0.0,0.0
2010-04-09,4.202518501663743,4.35852110525478,4.180232112029553,4.196150779724121,22898500,0.0,0.0
2010-04-12,4.218439446345758,4.298032403010836,4.205704420362186,4.2470927238464355,12871600,0.0,0.0
2010-04-13,4.234356967263264,4.2470919910495235,4.135661701036738,4.145212650299072,9738100,0.0,0.0
2010-04-14,4.196152184713577,4.320317494489508,4.167498913085163,4.301215171813965,12068600,0.0,0.0
2010-04-15,4.310766088054785,4.374440348625871,4.278928745384364,4.323501110076904,9326200,0.0,0.0
2010-04-16,4.298031995530738,4.313950670308542,3.989210299519127,4.036966323852539,23037600,0.0,0.0
2010-04-19,4.033781620239478,4.126109570019085,3.951004617969968,4.027414321899414,18781200,0.0,0.0
2010-04-20,4.0497010798896875,4.0815384273325614,3.979659085423291,4.062436103820801,16952800,0.0,0.0
2010-04-21,4.062436634473218,4.177050590515137,4.049701608878602,4.177050590515137,18253300,0.0,0.0
2010-04-22,4.291663931264478,4.444482502285583,4.196151899606517,4.288480281829834,26901300,0.0,0.0
2010-04-23,4.301216053314257,4.304399703617679,4.1738670677882,4.2470927238464355,9613600,0.0,0.0
2010-04-26,4.199335009244201,4.215253679140954,4.021046416124227,4.040148735046387,14732300,0.0,0.0
2010-04-27,4.014679240608875,4.087904869507091,3.8236556207871595,3.8427579402923584,18418600,0.0,0.0
2010-04-28,3.896883171236282,3.957374233472294,3.8554948626947545,3.944639205932617,12645800,0.0,0.0
2010-04-29,3.976475832705264,4.043333759287638,3.941454831975032,4.024231433868408,13106600,0.0,0.0
2010-04-30,4.001944558931292,4.199335493747646,3.8936979309600583,3.896881580352783,13582800,0.0,0.0
2010-05-03,3.935086534429223,4.087905540317587,3.912800562144399,4.075170516967773,11159500,0.0,0.0
2010-05-04,4.001944899031599,4.0401495445306015,3.8554936163621574,3.890514612197876,18040300,0.0,0.0
2010-05-05,3.8523104912443413,3.8809637668852326,3.6803891383195553,3.7217774391174316,23055700,0.0,0.0
2010-05-06,3.699490870439609,3.8141048041640184,3.2951573908934297,3.5466718673706055,20527200,0.0,0.0
2010-05-07,3.5371208274325188,3.6135303315853258,3.358832196794206,3.5148346424102783,28453700,0.0,0.0
2010-05-10,3.6772053202330697,3.84594259058261,3.6198979220296033,3.8395752906799316,25439900,0.0,0.0
2010-05-11,3.7536141897402464,3.842758502052802,3.6803885501374105,3.689939498901367,14582600,0.0,0.0
2010-05-12,3.712226117129149,3.826840057756364,3.6963074434692884,3.8141050338745117,8179300,0.0,0.0
2010-05-13,3.795002034606142,3.925535050417146,3.795002034606142,3.8554930686950684,10308900,0.0,0.0
2010-05-14,3.8172894581161305,3.826840408325099,3.712226457198343,3.7472474575042725,12133800,0.0,0.0
2010-05-17,3.7663492315755134,3.7727165307831214,3.597611554875967,3.712225914001465,15511500,0.0,0.0
2010-05-18,3.7217770855490566,3.7886354303093674,3.5689580724926055,3.610346794128418,10970300,0.0,0.0
2010-05-19,3.5880609028227437,3.6517356067824296,3.4861817587801385,3.5848772525787354,12133800,0.0,0.0
2010-05-20,3.486181324902067,3.5180186729195433,3.3015251736475117,3.31744384765625,15146600,0.0,0.0
2010-05-21,3.23466735913821,3.3938539129909744,3.135971861409755,3.3110768795013428,26230600,0.0,0.0
2010-05-24,3.3269947056657743,3.377934372886467,3.253769066776587,3.260136365890503,16779000,0.0,0.0
2010-05-25,3.186910438520119,3.3078920841217037,3.148705797755355,3.307892084121704,23026900,0.0,0.0
2010-05-26,3.384301416142735,3.683571654176989,3.2760545851792706,3.4893643856048584,32804000,0.0,0.0
2010-05-27,3.559406783333977,3.7090417075423483,3.5466717606024836,3.6612861156463623,21015200,0.0,0.0
2010-05-28,3.6453674237676545,3.6644697453769997,3.5243857703952837,3.5371205806732178,15187500,0.0,0.0
2010-06-01,3.502100230285763,3.549856043082171,3.4607117176055913,3.460711717605591,12508100,0.0,0.0
2010-06-02,3.5212021614160087,3.610346689303109,3.4575276806837114,3.597611665725708,13865200,0.0,0.0
2010-06-03,3.60079530516084,3.763165262422976,3.60079530516084,3.65810227394104,11484300,0.0,0.0
2010-06-04,3.5212018352191676,3.5657739888411943,3.4829971927959686,3.5020995140075684,16539200,0.0,0.0
2010-06-07,3.527569723576255,3.565774370084192,3.30470871925354,3.30470871925354,21877500,0.0,0.0
2010-06-08,3.32699486837684,3.4352415072260865,3.244217851998672,3.4320578575134277,14158100,0.0,0.0
2010-06-09,3.4670785209913415,3.5880599594597657,3.4575273603855416,3.5020995140075684,17676600,0.0,0.0
2010-06-10,3.603978954853661,3.6803886713304,3.5307533128395487,3.65810227394104,19181100,0.0,0.0
2010-06-11,3.5976123719490665,3.683573054623735,3.568958669467547,3.680389404296875,11754900,0.0,0.0
2010-06-14,3.7249603050533775,3.728143954479952,3.6198973253577935,3.626265048980713,13040600,0.0,0.0
2010-06-15,3.680388769809428,3.8332073573123813,3.629449099051838,3.8141050338745117,19103600,0.0,0.0
2010-06-16,3.782267803078614,3.804553774478237,3.7345117859910366,3.779083728790283,9883900,0.0,0.0
2010-06-17,3.7790844216678905,3.83002409761357,3.7090424203388137,3.8236567974090576,11669000,0.0,0.0
2010-06-18,3.8363914201960414,3.8523100938075023,3.7376957287589443,3.7950026988983154,11168700,0.0,0.0
2010-06-21,3.849125749543489,3.9319027615685602,3.7981860825103517,3.820472478866577,13178300,0.0,0.0
2010-06-22,3.8077386322155133,3.8682292665713334,3.6963083150900946,3.798187255859375,15597100,0.0,0.0
2010-06-23,3.7950015416483747,3.8682271630697445,3.7440618865792294,3.8332061767578125,9679100,0.0,0.0
2010-06-24,3.801370133339853,3.83002340383974,3.642183834133449,3.6549184322357178,12935100,0.0,0.0
2010-06-25,3.702675192707686,3.747247569322483,3.600795838819465,3.6931238174438477,15804200,0.0,0.0
2010-06-28,3.763165210897382,3.7663492853164127,3.67720497128896,3.7249605655670166,10506200,0.0,0.0
2010-06-29,3.6644703253130317,3.6644703253130317,3.358832494038854,3.387485980987549,20410000,0.0,0.0
2010-06-30,3.3874852273048783,3.4798131799480156,3.2856059020856754,3.307892084121704,12094900,0.0,0.0
2010-07-01,3.2951577849819067,3.352464971082731,3.199645949737147,3.285606622695923,12008400,0.0,0.0
2010-07-02,3.326995019083104,3.339729830895505,3.2187483753305,3.2951576709747314,10079700,0.0,0.0
2010-07-06,3.358832483401694,3.486181455471426,3.2569531358379713,3.285606622695923,15036700,0.0,0.0
2010-07-07,3.304708794582579,3.4829976445817294,3.304708794582579,3.463895320892334,9998600,0.0,0.0
2010-07-08,3.482997388950968,3.55940689048547,3.467078716249835,3.5466718673706055,7377700,0.0,0.0
2010-07-09,3.5625906694652087,3.6198976384088053,3.5275696732047095,3.597611665725708,6533800,0.0,0.0
2010-07-12,3.588059730821834,3.6453671155746648,3.5657737616233662,3.6071624755859375,9751300,0.0,0.0
2010-07-13,3.661286435334347,3.7408793786238936,3.61353041449873,3.715409755706787,9228000,0.0,0.0
2010-07-14,3.6994914245958537,3.7122264496183304,3.6071634489150717,3.6453680992126465,10176300,0.0,0.0
2010-07-15,3.6485511331845837,3.6740207541589034,3.565774121670923,3.6549184322357178,11685000,0.0,0.0
2010-07-16,3.6358162305860646,3.658102202772042,3.4702624144670815,3.479813575744629,10690500,0.0,0.0
2010-07-19,3.4957317800541197,3.623080721606457,3.4734458108556523,3.6071624755859375,11051500,0.0,0.0
2010-07-20,3.5275695645131053,3.712225914001465,3.505283380131787,3.712225914001465,13589800,0.0,0.0
2010-07-21,3.7567976656011677,3.7567976656011677,3.2601362469036577,3.29197359085083,44382900,0.0,0.0
2010-07-22,3.3206274213355194,3.4416090861649584,3.2824227744988157,3.4256904125213623,16007000,0.0,0.0
2010-07-23,3.397036773877587,3.4957322486688405,3.3492809674898503,3.479813575744629,16124500,0.0,0.0
2010-07-26,3.4702630569894852,3.5530400865676697,3.447977080677239,3.5275702476501465,13850900,0.0,0.0
2010-07-27,3.562590274522214,3.6198972371128533,3.5275692821440856,3.572141647338867,11263300,0.0,0.0
2010-07-28,3.8523096120761635,3.8618605601868046,3.648550955145333,3.670836925506592,21042600,0.0,0.0
2010-07-29,3.7154097442001954,3.7918190374846916,3.6326327266287817,3.775900363922119,16786600,0.0,0.0
2010-07-30,3.7281440934360113,3.8395748009077804,3.7154094952550665,3.820472478866577,22643300,0.0,0.0
2010-08-02,3.893698748933706,3.9096174240112305,3.8172894483774704,3.9096174240112305,13024600,0.0,0.0
2010-08-03,3.890514530678627,3.9064332034312956,3.7376955271148846,3.772716522216797,15731700,0.0,0.0
2010-08-04,3.785451802989888,3.8109214262656046,3.6740210861378477,3.728144407272339,11580000,0.0,0.0
2010-08-05,3.6994907658469565,3.750430432096449,3.689939392588398,3.7408790588378906,6251800,0.0,0.0
2010-08-06,3.696307654767506,3.8618612756161292,3.6931235800376636,3.858677625656128,14308900,0.0,0.0
2010-08-09,3.880963158631994,3.9159841537475586,3.8332071403553725,3.9159841537475586,9177900,0.0,0.0
2010-08-10,3.8554935580478444,3.890514553353871,3.7886352170509223,3.874595880508423,11921400,0.0,0.0
2010-08-11,3.795002528245799,3.814104850766602,3.7281441870380903,3.7504305839538574,13459700,0.0,0.0
2010-08-12,3.696307420730591,3.7090420197642855,3.6517350498032153,3.696307420730591,10704300,0.0,0.0
2010-08-13,3.689939708019865,3.77590037561605,3.6867560582514534,3.715409755706787,7566300,0.0,0.0
2010-08-16,3.6963086396072304,3.839576324138063,3.642185301557137,3.7918202877044678,9129000,0.0,0.0
2010-08-17,3.826840046121238,3.8332073456578963,3.7663494262135377,3.7950026988983154,8312000,0.0,0.0
2010-08-18,3.7822685565449286,3.8077381825369083,3.7408798302493937,3.756798505783081,8422200,0.0,0.0
2010-08-19,3.7313281919448915,3.747246864544075,3.6389998059156703,3.6517348289489746,10716300,0.0,0.0
2010-08-20,3.626265108506216,3.670837050749454,3.5753254425355316,3.642183780670166,7869000,0.0,0.0
2010-08-23,3.651735274342325,3.6740212487914325,3.5880605761793416,3.594428300857544,6086700,0.0,0.0
2010-08-24,3.5371214106961006,3.6294496033202384,3.5212027348245316,3.5275702476501465,10456400,0.0,0.0
2010-08-25,3.5084677407622222,3.5753260910235376,3.5084677407622222,3.5434887409210205,11010600,0.0,0.0
2010-08-26,3.5625912970559828,3.6007959497485627,3.505284105632173,3.5243866443634033,9662600,0.0,0.0
2010-08-27,3.5562233364048734,3.600795496396076,3.4766301783930897,3.581693172454834,10841400,0.0,0.0
2010-08-30,3.5721423159364996,3.619897914648898,3.549855916782885,3.5753259658813477,10179400,0.0,0.0
2010-08-31,3.5689581827416634,3.5848768569749025,3.4957325361306615,3.5180187225341797,11474800,0.0,0.0
2010-09-01,3.5785092352453103,3.651734875268493,3.5562230508467914,3.6485512256622314,11367400,0.0,0.0
2010-09-02,3.674021687061646,3.6994917392730713,3.6326333831804436,3.6994917392730713,6265200,0.0,0.0
2010-09-03,3.7376961800966293,3.7567985057830815,3.6676541776563507,3.756798505783081,9800200,0.0,0.0
2010-09-07,3.7090419433355972,3.7249606165695095,3.6358163013214853,3.65810227394104,6479600,0.0,0.0
2010-09-08,3.664469971898512,3.852309974899927,3.6485512987784054,3.763165235519409,14734200,0.0,0.0
2010-09-09,3.830023395396409,3.833207044914958,3.731328136472488,3.779083728790283,10116400,0.0,0.0
2010-09-10,3.772716522216797,3.807737517318709,3.7472469006744027,3.772716522216797,4759100,0.0,0.0
2010-09-13,3.83639165116628,3.893698624755822,3.8141052519065908,3.858677625656128,9826200,0.0,0.0
2010-09-14,3.8491255862998277,3.893697952352152,3.5466716712432733,3.6676533222198486,39387400,0.0,0.0
2010-09-15,3.6230815752150143,3.6485516243881437,3.5816932762709794,3.594428300857544,14172400,0.0,0.0
2010-09-16,3.578508946036796,3.6135299384149246,3.5434879536586674,3.572141647338867,8189100,0.0,0.0
2010-09-17,3.6262654947844815,3.779084084205351,3.6230814201966948,3.7313284873962402,22333000,0.0,0.0
2010-09-20,3.7695338070495854,3.8395758146161163,3.73451280326632,3.8363921642303467,15031400,0.0,0.0
2010-09-21,3.845941987743241,3.919167624225514,3.8300233157119066,3.868227958679199,8633500,0.0,0.0
2010-09-22,3.8586775354863327,3.9478218561324376,3.785451889038086,3.785451889038086,13916400,0.0,0.0
2010-09-23,3.7631650879731815,3.877779444990187,3.709041771394808,3.820472478866577,11167900,0.0,0.0
2010-09-24,3.8745961733511143,3.903249446822704,3.7854518535409385,3.8077378273010254,16115000,0.0,0.0
2010-09-27,3.8141043808938657,3.826839402595462,3.769532442092896,3.7695324420928955,10870700,0.0,0.0
2010-09-28,3.7918202877044678,3.8204739945186157,3.7313296480378764,3.7918202877044678,10026600,0.0,0.0
2010-09-29,3.7599821559358455,3.7854522066976926,3.7376961800966293,3.756798505783081,6421100,0.0,0.0
2010-09-30,3.7854519712535275,3.8141052456161213,3.6740212494483826,3.6772053241729736,15019300,0.0,0.0
2010-10-01,3.6772048750155837,3.712225869779829,3.603978811151425,3.6517348289489746,9702000,0.0,0.0
2010-10-04,3.6453683062944124,3.6453683062944124,3.5562237632278406,3.5848772525787354,9084200,0.0,0.0
2010-10-05,3.6007949125576757,3.6676532478964234,3.5594066215240505,3.632632255554199,11876300,0.0,0.0
2010-10-06,3.6390003743164807,3.6581026994652683,3.6135307490413826,3.6453680992126465,7685200,0.0,0.0
2010-10-07,3.654918818357899,3.654918818357899,3.5625908485135924,3.581693172454834,8710400,0.0,0.0
2010-10-08,3.5912442207336426,3.6103465429404373,3.5625905250385554,3.5912442207336426,7921900,0.0,0.0
2010-10-11,3.6007953033579074,3.6230812759663036,3.5530394960649856,3.5785093307495117,4744000,0.0,0.0
2010-10-12,3.5753258149666003,3.591244488788751,3.5339373055059897,3.565774440765381,9242900,0.0,0.0
2010-10-13,3.607162893367603,3.626265215574398,3.5625905250385554,3.5912442207336426,10611400,0.0,0.0
2010-10-14,3.578509636696487,3.6167142857971553,3.5753259867330716,3.6135306358337402,9199200,0.0,0.0
2010-10-15,3.6453672814440887,3.6612859529586705,3.556222763439405,3.572141647338867,7755400,0.0,0.0
2010-10-18,3.5785097410798183,3.594428416131077,3.5116513908185034,3.5434887409210205,10851700,0.0,0.0
2010-10-19,3.508466801364899,3.5625901121396377,3.4766294597868788,3.5212016105651855,12156100,0.0,0.0
2010-10-20,3.5594067119435646,3.6581019680162297,3.524385718711703,3.626265048980713,12847200,0.0,0.0
2010-10-21,3.6421841530919155,3.6772051504796277,3.6135304553129433,3.6294491291046143,6997200,0.0,0.0
2010-10-22,3.645367733169408,3.6867560293742048,3.6326327094256965,3.674021005630493,6345000,0.0,0.0
2010-10-25,3.6963071163506966,3.763165030081488,3.683572093595879,3.7408790588378906,10350000,0.0,0.0
2010-10-26,3.7185938544101775,3.769533531164005,3.6994915287237258,3.756798505783081,6669500,0.0,0.0
2010-10-27,3.7058587828378493,3.7663498340658497,3.6835728072764153,3.759982109069824,8174300,0.0,0.0
2010-10-28,3.782268203685187,3.8141051270125286,3.7536145054437697,3.8077378273010254,8599900,0.0,0.0
2010-10-29,3.814104395802093,3.8427580885502466,3.7822674785782775,3.788634777069092,11656100,0.0,0.0
2010-11-01,3.820472211908436,3.8395745326148516,3.7536138770511043,3.7822675704956055,5760800,0.0,0.0
2010-11-02,3.804554484962554,3.8141054353017996,3.7376961335083907,3.759982109069824,7425600,0.0,0.0
2010-11-03,3.753613771158337,3.7950020607263437,3.721776429289219,3.7695324420928955,6606300,0.0,0.0
2010-11-04,3.8109218097243134,3.9064338623508648,3.7663498583144808,3.9000661373138428,11815600,0.0,0.0
2010-11-05,3.9000659756253335,4.043333623855722,3.8936986756221503,4.036966323852539,12660100,0.0,0.0
2010-11-08,4.036965473851125,4.075170115365755,3.947821168727069,3.986025810241699,14098800,0.0,0.0
2010-11-09,3.9987620022651256,4.017864328611259,3.9191686218479975,3.928719997406006,5691100,0.0,0.0
2010-11-10,3.9287205277005053,3.954190158009921,3.861862164079624,3.944639205932617,10926700,0.0,0.0
2010-11-11,3.9000655021992627,3.9287191982750285,3.852309908432714,3.874595880508423,6216800,0.0,0.0
2010-11-12,3.839575485746177,3.865045111420693,3.7281447583992837,3.759982109069824,9301900,0.0,0.0
2010-11-15,3.775900387340476,3.807737734663078,3.6899397194773775,3.7345120906829834,9891200,0.0,0.0
2010-11-16,3.696306970007827,3.705857918118468,3.6294486341542878,3.670836925506592,13937900,0.0,0.0
2010-11-17,3.6708369716300644,3.7408789577338832,3.6517346503990016,3.6676533222198486,5519300,0.0,0.0
2010-11-18,3.7217769159177863,3.7504306123004603,3.696307293954143,3.7249605655670166,5305200,0.0,0.0
2010-11-19,3.721777107645865,3.734512131668634,3.651735112675368,3.728144407272339,5063200,0.0,0.0
2010-11-22,3.693123194870561,3.7026745685242632,3.667653573077016,3.686755895614624,6877700,0.0,0.0
2010-11-23,3.6326329135019586,3.667653912187237,3.600795564739008,3.6167142391204834,9805300,0.0,0.0
2010-11-24,3.638999582264929,3.7026742687482543,3.6326322835245013,3.670836925506592,5079700,0.0,0.0
2010-11-26,3.6358169483384986,3.6549192746646137,3.6167146220123834,3.623081922531128,2034900,0.0,0.0
2010-11-29,3.60397865345515,3.6772047141152178,3.565774010796714,3.626265048980713,25651500,0.0,0.0
2010-11-30,3.57532597700192,3.7281445729886595,3.5689582523225787,3.6772053241729736,11913000,0.0,0.0
2010-12-01,3.7504312379688396,3.826840541376607,3.737696212477588,3.8172895908355713,15465300,0.0,0.0
2010-12-02,3.820472562741818,3.8873309037387407,3.7790838434357354,3.874595880508423,12751800,0.0,0.0
2010-12-03,3.8618612756161292,3.8809636001459764,3.8268402765164358,3.858677625656128,4373500,0.0,0.0
2010-12-06,3.852309554675714,3.852309554675714,3.740878854990242,3.7822675704956055,14534400,0.0,0.0
2010-12-07,3.8268398162522748,3.9096168291056963,3.785451522210459,3.877779483795166,17029700,0.0,0.0
2010-12-08,3.8936978449906845,3.925535187754523,3.865044151549279,3.906432867050171,9506200,0.0,0.0
2010-12-09,3.9446381479797314,3.9732914212967665,3.906433500377134,3.931903123855591,6662500,0.0,0.0
2010-12-10,3.9478214992653062,3.9796588447830543,3.874595859436362,3.9159841537475586,14372700,0.0,0.0
2010-12-13,3.931903123855591,3.9701077714581876,3.9032494257687307,3.931903123855591,7497800,0.0,0.0
2010-12-14,3.941454863359961,3.9541894638942763,3.8777801616089267,3.9000661373138428,4524600,0.0,0.0
2010-12-15,3.9000664462554395,3.9159851229541873,3.8363921642303467,3.8363921642303467,5400100,0.0,0.0
2010-12-16,3.8714127286096414,3.9032496536237593,3.826840353958117,3.830024003982544,6144100,0.0,0.0
2010-12-17,3.823656616153395,3.8491262405339493,3.807737941626859,3.8395752906799316,12588400,0.0,0.0
2010-12-20,4.081538200378418,4.183417536622684,4.011496209806711,4.081538200378418,25553800,0.0,0.0
2010-12-21,4.113375013595668,4.15158008226443,4.103824065005816,4.132477760314941,15296300,0.0,0.0
2010-12-22,4.145211849553647,4.1579468708798375,4.126109529949227,4.154763221740723,6522400,0.0,0.0
2010-12-23,4.138845362364424,4.164314985238351,4.08472204208374,4.08472204208374,7472800,0.0,0.0
2010-12-27,4.071987059083236,4.097457106982314,4.036966061799369,4.078354358673096,6912400,0.0,0.0
2010-12-28,4.100640944412466,4.116559618885334,4.043333546402205,4.065619945526123,12882500,0.0,0.0
2010-12-29,4.078354845777555,4.097457596368338,3.9987618923187256,3.9987618923187256,6311400,0.0,0.0
2010-12-30,3.9987619250817,4.014680600857866,3.9573736229255925,3.9732918739318848,7040800,0.0,0.0
2010-12-31,3.97010710729335,4.017863121192337,3.97010710729335,4.008311748504639,3609100,0.0,0.0
2011-01-03,4.052883939707702,4.129293218861347,4.0369652690890705,4.087904930114746,13019600,0.0,0.0
2011-01-04,4.094272613525391,4.1292936072262,4.062435694063564,4.094272613525391,9555700,0.0,0.0
2011-01-05,4.062436109698447,4.103824406572174,4.01468008846504,4.078354358673096,11489100,0.0,0.0
2011-01-06,4.084722628069316,4.285297264381175,4.0656203019810375,4.215255260467529,33240200,0.0,0.0
2011-01-07,4.234355852632323,4.377623876782498,4.234355852632323,4.307581901550293,29251600,0.0,0.0
2011-01-10,4.272562775813579,4.3075837786909865,4.202520770058765,4.2470927238464355,10187700,0.0,0.0
2011-01-11,4.25982797086765,4.492239977085525,4.221623315704425,4.43174934387207,20458900,0.0,0.0
2011-01-12,4.48268763266135,4.5304432243901305,4.399910622351141,4.508157253265381,24581200,0.0,0.0
2011-01-13,4.536810499101525,4.651424417630766,4.457217146148105,4.485870838165283,22575300,0.0,0.0
2011-01-14,4.482688129108196,4.562281073984072,4.482688129108196,4.546362400054932,9572700,0.0,0.0
2011-01-18,4.5368116368705635,4.559097611378639,4.495422913047178,4.533627986907959,10218000,0.0,0.0
2011-01-19,4.517708939092168,4.552729935327226,4.36488993058379,4.399910926818848,14732800,0.0,0.0
2011-01-20,4.196153199645461,4.632323926569073,4.189785898803475,4.498607635498047,30574500,0.0,0.0
2011-01-21,4.5336276197197645,4.606853262008339,4.479503875659716,4.482687950134277,13869100,0.0,0.0
2011-01-24,4.489054425969599,4.536810437088884,4.441298414850313,4.46995210647583,12991900,0.0,0.0
2011-01-25,4.444482004209777,4.536810376086213,4.419012386817132,4.514523983001709,11323700,0.0,0.0
2011-01-26,4.520893399492921,4.625956407038329,4.489056047248273,4.555914402008057,12914100,0.0,0.0
2011-01-27,4.55272934855896,4.654608249664307,4.524075655416041,4.654608249664307,13888400,0.0,0.0
2011-01-28,4.654608097485958,4.699180460387715,4.571831519592281,4.584566116333008,15272600,0.0,0.0
2011-01-31,4.616403224024165,4.660975584669497,4.58774995803833,4.58774995803833,10704000,0.0,0.0
2011-02-01,4.622772445916878,4.810612046943537,4.610037420921389,4.785142421722412,18509600,0.0,0.0
2011-02-02,4.750121071536192,4.7692233952368905,4.664160402498138,4.673711776733398,8832100,0.0,0.0
2011-02-03,4.673711087448613,4.6800783861531805,4.575015408909248,4.64824104309082,6869000,0.0,0.0
2011-02-04,4.651424602997368,4.686445594738567,4.559096649707775,4.594117641448975,10739500,0.0,0.0
2011-02-07,4.619588487481369,4.6546094885239295,4.549546485396248,4.552730560302734,13002300,0.0,0.0
2011-02-08,4.571831903449605,4.731018199001833,4.546361858290176,4.718283176422119,14073900,0.0,0.0
2011-02-09,4.686447159716868,4.7278358886311755,4.651426156280859,4.72465181350708,5849200,0.0,0.0
2011-02-10,4.680078971948067,4.750120965544353,4.667343948175157,4.740569591522217,4865400,0.0,0.0
2011-02-11,4.705548428645083,4.7819581438159044,4.705548428645083,4.775590419769287,4716500,0.0,0.0
2011-02-14,4.7533038607634115,4.874285505477096,4.7533038607634115,4.8711018562316895,9503100,0.0,0.0
2011-02-15,4.832898059239135,4.864735406789308,4.759671989965807,4.778774738311768,9810600,0.0,0.0
2011-02-16,4.791508761838723,4.851999799870303,4.759671418113657,4.845632076263428,5189700,0.0,0.0
2011-02-17,4.823347091674805,4.858368091978305,4.801061116418901,4.823347091674805,6120000,0.0,0.0
2011-02-18,4.829714873044298,4.8456331235775645,4.775591122151751,4.839265823364258,7071900,0.0,0.0
2011-02-22,4.75967168662436,4.781958083351026,4.613220406950918,4.616404056549072,9798300,0.0,0.0
2011-02-23,4.62277266760367,4.664160969861483,4.428565332381054,4.479504585266113,11658900,0.0,0.0
2011-02-24,4.4826888710347905,4.6546098133383325,4.479504795906109,4.6259565353393555,11464500,0.0,0.0
2011-02-25,4.654609407313916,4.762856483459472,4.632323431976532,4.762856483459473,8834600,0.0,0.0
2011-02-28,4.7787742150984345,4.804243835488091,4.689629481810204,4.718283176422119,11669800,0.0,0.0
2011-03-01,4.7246517901386635,4.756489143063002,4.565465450286865,4.565465450286865,8753500,0.0,0.0
2011-03-02,4.536811306180918,4.657792969330396,4.533627656450371,4.6195878982543945,8073300,0.0,0.0
2011-03-03,4.673711449824211,4.8297141031096125,4.673711449824211,4.759671688079834,9701700,0.0,0.0
2011-03-04,4.7437540661441835,4.766040041049077,4.629139692060724,4.686446666717529,7236400,0.0,0.0
2011-03-07,4.702364763394074,4.759671731004573,4.622771823618903,4.6768951416015625,15375200,0.0,0.0
2011-03-08,4.6800793295086125,4.887021676357201,4.6800793295086125,4.874286651611328,15424200,0.0,0.0
2011-03-09,4.864736255382819,4.883838582291125,4.810612500244407,4.829715251922607,26601700,0.0,0.0
2011-03-10,4.759672567608175,4.775591243315181,4.680079613843018,4.705549240112305,9965600,0.0,0.0
2011-03-11,4.654607114827076,4.775588731711074,4.616402483131003,4.756486415863037,9876100,0.0,0.0
2011-03-14,4.705548699721347,4.721467373600233,4.555913759937573,4.673711776733398,10354500,0.0,0.0
2011-03-15,4.508157937667438,4.594118610506974,4.469953288576498,4.533627986907959,12946600,0.0,0.0
2011-03-16,4.517708646846468,4.565464238790611,4.3648896482237864,4.403094291687012,21015200,0.0,0.0
2011-03-17,4.48268736764325,4.610036312674042,4.466768696418182,4.594117641448975,12373500,0.0,0.0
2011-03-18,4.692812919616699,4.7310175574049484,4.597300900376359,4.692812919616699,13488500,0.0,0.0
2011-03-21,4.766039192518719,4.766039192518719,4.664159861420548,4.718283176422119,8867900,0.0,0.0
2011-03-22,4.727835697021985,4.737386647697511,4.676896019109549,4.721467971801758,7508700,0.0,0.0
2011-03-23,4.68962974011292,4.70873248741955,4.600485426684434,4.6768951416015625,7053100,0.0,0.0
2011-03-24,4.705547901590981,4.721466572769825,4.587750329545185,4.699180603027344,7263600,0.0,0.0
2011-03-25,4.708733065369994,4.788326014914413,4.683263015681489,4.769223690032959,6561500,0.0,0.0
2011-03-28,4.791509169194725,4.836081539153146,4.766039546911203,4.813795566558838,11582300,0.0,0.0
2011-03-29,4.804244410368738,4.941144751365426,4.79787711070185,4.937961101531982,12841900,0.0,0.0
2011-03-30,4.963430766260283,4.966614416120212,4.896572420122464,4.931593418121338,10945700,0.0,0.0
2011-03-31,4.906122847470657,4.934776540218811,4.864734557740875,4.8711018562316895,12672100,0.0,0.0
2011-04-01,5.004819818101035,5.008003468170471,4.823347091674805,4.823347091674805,12482400,0.0,0.0
2011-04-04,4.826531020198087,4.906124400375178,4.79469409289713,4.90294075012207,6371000,0.0,0.0
2011-04-05,4.896572038663892,4.944328057151963,4.8742860666107095,4.925225734710693,12936500,0.0,0.0
2011-04-06,4.94114440754005,4.9602467299813195,4.890204739440066,4.925225734710693,4991000,0.0,0.0
2011-04-07,4.915674703158225,4.963430724969359,4.896572379387736,4.937961101531982,6531600,0.0,0.0
2011-04-08,4.960246678689356,4.96661397784734,4.8424486708781345,4.848816394805908,4903200,0.0,0.0
2011-04-11,4.86791796116085,4.887020280438388,4.804243280389242,4.807426929473877,9648600,0.0,0.0
2011-04-12,4.778773567025119,4.820161853834103,4.686445196805513,4.692812919616699,9779800,0.0,0.0
2011-04-13,4.740569991355041,4.766040041049077,4.6768957166596525,4.686446666717529,6011700,0.0,0.0
2011-04-14,4.654609582499668,4.670528258274033,4.62595630592171,4.645058631896973,5072400,0.0,0.0
2011-04-15,4.667344588323439,4.711916965257029,4.616404911014995,4.705549240112305,6177700,0.0,0.0
2011-04-18,4.641874196136377,4.648241495460614,4.584566803139033,4.610036849975586,7973100,0.0,0.0
2011-04-19,4.613219798553458,4.692813151859404,4.594117478713978,4.689629077911377,10704300,0.0,0.0
2011-04-20,4.76603960236966,4.791509224949552,4.60048556890603,4.6036696434021,10561800,0.0,0.0
2011-04-21,5.017554838702746,5.367764871075086,4.941145531556014,5.192659854888916,40899700,0.0,0.0
2011-04-25,5.1353516429048485,5.195842259093416,5.068493302801312,5.179924011230469,14062100,0.0,0.0
2011-04-26,5.189474670291533,5.256333006663292,5.103514012780668,5.243597984313965,15122600,0.0,0.0
2011-04-27,5.249966377427182,5.265884626431764,5.179924382727738,5.246782302856445,11010400,0.0,0.0
2011-04-28,5.221312013779968,5.265883954847962,5.192658319686424,5.243597984313965,7444000,0.0,0.0
2011-04-29,5.234046591027435,5.297720847819696,5.227678868009399,5.281802177429199,6815000,0.0,0.0
2011-05-02,5.313640786303816,5.332743110377213,5.2945384622304195,5.316824436187744,8889200,0.0,0.0
2011-05-03,5.294537888147087,5.34229390553734,5.275435566144942,5.307272911071777,8793200,0.0,0.0
2011-05-04,5.313640232434891,5.329558904965072,5.179923977859069,5.202209949493408,9095400,0.0,0.0
2011-05-05,5.17037376708383,5.253150797900708,5.135352764596291,5.16082239151001,10070800,0.0,0.0
2011-05-06,5.2244961042468,5.3391104655273915,5.211761080822334,5.2658843994140625,6674300,0.0,0.0
2011-05-09,5.246781885201497,5.2722519311210005,5.192658568584787,5.26270055770874,5183200,0.0,0.0
2011-05-10,5.297722359650613,5.342294734417738,5.27862003468466,5.3359270095825195,4458800,0.0,0.0
2011-05-11,5.300905558967694,5.361396603524768,5.157637921519613,5.214945316314697,7348900,0.0,0.0
2011-05-12,5.214944310477704,5.2276789070694685,5.1289836596346285,5.154453277587891,13086200,0.0,0.0
2011-05-13,5.157638592662312,5.167189967960979,5.039840987521256,5.052575588226318,11664300,0.0,0.0
2011-05-16,5.052574572386205,5.1958421996726045,5.052574572386205,5.164005279541016,8777000,0.0,0.0
2011-05-17,5.122617088432517,5.1767404104268,5.084412440527122,5.097147464752197,8637100,0.0,0.0
2011-05-18,5.103515521627765,5.199027580331071,5.068494518390531,5.192659854888916,9483500,0.0,0.0
2011-05-19,5.227679979281126,5.2754360006043335,5.211761305506723,5.246782302856445,8897300,0.0,0.0
2011-05-20,5.230863220231905,5.284986961696394,5.189474926515306,5.202209949493408,10054000,0.0,0.0
2011-05-23,5.135351192079914,5.160820811194478,5.087595178374134,5.090778827667236,6855100,0.0,0.0
2011-05-24,5.103514471542925,5.128984518531118,4.98890053440547,5.017553806304932,9156700,0.0,0.0
2011-05-25,5.004818896338639,5.10988187789917,4.9889002241534275,5.10988187789917,12827700,0.0,0.0
2011-05-26,5.087595609701857,5.3072729515569455,5.081228310575833,5.300905227661133,12663700,0.0,0.0
2011-05-27,5.313641239744264,5.36776456669915,5.2754365883372705,5.3613972663879395,11133500,0.0,0.0
2011-05-31,5.415520341516059,5.447357691131376,5.3454783422703,5.425071716308594,19620600,0.0,0.0
2011-06-01,5.405855990267104,5.421868634336047,5.293767481784503,5.306577682495117,16631800,0.03574,0.0
2011-06-02,5.306577793383944,5.405856103230499,5.284160262129896,5.393045902252197,9190000,0.0,0.0
2011-06-03,5.300172681354286,5.341805298668362,5.1944894891472115,5.220109462738037,14234500,0.0,0.0
2011-06-06,5.191287534045926,5.3001736160211586,5.114427172442106,5.181680202484131,12937900,0.0,0.0
2011-06-07,5.204097322882348,5.271350347576067,5.178477346810963,5.232920169830322,10036100,0.0,0.0
2011-06-08,5.200894274470875,5.22971711806704,5.095211084321316,5.1240339279174805,13725300,0.0,0.0
2011-06-09,5.127236315528359,5.143248958766171,5.08880614266852,5.095211029052734,12907700,0.0,0.0
2011-06-10,5.06318567102777,5.092008513903984,5.002337969405761,5.043970584869385,11720500,0.0,0.0
2011-06-13,5.072794403186686,5.120831914181085,5.027958908677579,5.034364223480225,20361800,0.0,0.0
2011-06-14,5.101616330787867,5.104819201518015,4.986325802821907,5.040768623352051,23640500,0.0,0.0
2011-06-15,4.995932635148405,5.0503754502512805,4.963907776535213,5.024755477905273,12114700,0.0,0.0
2011-06-16,5.024757406267932,5.108023096082743,4.9959345524496515,5.066390037536621,11468100,0.0,0.0
2011-06-17,5.1272368193106646,5.143249464121817,5.079198884877207,5.111224174499512,10799100,0.0,0.0
2011-06-20,5.079199462358764,5.25213570415941,5.079199462358764,5.223312854766846,7613900,0.0,0.0
2011-06-21,5.261742643479001,5.3578185161062954,5.248932868950564,5.290565490722656,7621100,0.0,0.0
2011-06-22,5.277754773790893,5.3514131065267945,5.252134799957275,5.252134799957275,7962200,0.0,0.0
2011-06-23,5.17527453284723,5.335400546846758,5.143249244591864,5.3257927894592285,11011200,0.0,0.0
2011-06-24,5.328995267300976,5.370628313213183,5.223312071741017,5.335400581359863,11219700,0.0,0.0
2011-06-27,5.31618505556369,5.399450285970556,5.3001724126522305,5.37703275680542,14431500,0.0,0.0
2011-06-28,5.402653270595478,5.437881003076047,5.354615764323658,5.43147611618042,10441000,0.0,0.0
2011-06-29,5.460298507956781,5.473108707960683,5.409058135218453,5.447488307952881,11236400,0.0,0.0
2011-06-30,5.473108119790749,5.473108119790749,5.383437156677246,5.383437156677246,11864000,0.0,0.0
2011-07-01,5.3930464030550445,5.453894115617062,5.370628869719285,5.4378814697265625,13807200,0.0,0.0
2011-07-05,5.444286823272705,5.469906800513792,5.418666418754267,5.444286823272705,11007000,0.0,0.0
2011-07-06,5.399449798141998,5.418664882444254,5.341804545235229,5.383437156677246,10101300,0.0,0.0
2011-07-07,5.431476131487459,5.479514065171973,5.415463486925955,5.421868801116943,13435900,0.0,0.0
2011-07-08,5.351413205433864,5.370628292983541,5.287362628750068,5.348210334777832,15872400,0.0,0.0
2011-07-11,5.271349852173958,5.3770330446813,5.194489503905815,5.2105021476745605,12474000,0.0,0.0
2011-07-12,5.1816797543169715,5.296970286751142,5.1816797543169715,5.1944899559021,10608000,0.0,0.0
2011-07-13,5.264943960616233,5.271348845990264,5.1848807570548,5.204095840454102,10672900,0.0,0.0
2011-07-14,5.232919587634641,5.261742004098606,5.143249040445215,5.17207145690918,10227800,0.0,0.0
2011-07-15,5.194490377257729,5.220110355228845,5.111224701116219,5.140047550201416,9183800,0.0,0.0
2011-07-18,5.12403482048354,5.156059685607743,5.018351611924808,5.101616859436035,11379700,0.0,0.0
2011-07-19,5.124033958556214,5.220109392322432,5.120831088032936,5.1688690185546875,17891800,0.0,0.0
2011-07-20,5.204096828866,5.24252700296363,5.1528564543100615,5.213704586029053,15395400,0.0,0.0
2011-07-21,5.258538895073966,5.441082836861245,5.239323810771709,5.383437156677246,18711900,0.0,0.0
2011-07-22,5.4250711574024635,5.444286245112053,5.345007935881416,5.351413249969482,8219900,0.0,0.0
2011-07-25,5.293767843174192,5.30978048833627,5.1816797543169715,5.1944899559021,10890300,0.0,0.0
2011-07-26,5.1912879819009925,5.226515721888086,5.127237817464623,5.143250465393066,8115800,0.0,0.0
2011-07-27,5.120831355101845,5.140046870134528,4.976717983297868,4.986325740814209,12280100,0.0,0.0
2011-07-28,4.992730603263525,5.098413799040758,4.960705314735157,4.97031307220459,8833200,0.0,0.0
2011-07-29,4.938286854505342,5.056780228854081,4.896654243618293,4.992729663848877,13295500,0.0,0.0
2011-08-01,5.021553521477431,5.0856036721890385,4.928680525215348,5.018351078033447,13603500,0.0,0.0
2011-08-02,4.970313879223281,5.018351819815645,4.851820463339731,4.85502290725708,11639400,0.0,0.0
2011-08-03,4.855022464167977,4.896655513126041,4.746136817251197,4.864630222320557,14069700,0.0,0.0
2011-08-04,4.784566666502577,4.829402156004544,4.595618232834305,4.605225563049316,20485800,0.0,0.0
2011-08-05,4.65966824742309,4.70450373562278,4.393859043368811,4.499542236328125,20075900,0.0,0.0
2011-08-08,4.3650363089118995,4.390656710607464,3.714924490949874,3.836620330810547,46269100,0.0,0.0
2011-08-09,3.865442132929916,4.384250640869141,3.865442132929916,4.384250640869141,29789400,0.0,0.0
2011-08-10,4.256151113918191,4.473922841940118,4.1408605760924795,4.188898086547852,35285000,0.0,0.0
2011-08-11,4.198506250369686,4.618036673730803,4.198506250369686,4.547581195831299,18831300,0.0,0.0
2011-08-12,4.624439948612144,4.723718242757329,4.429086230517782,4.448301315307617,16120100,0.0,0.0
2011-08-15,4.502743832153193,4.566794395446777,4.451503466973769,4.566794395446777,13127600,0.0,0.0
2011-08-16,4.477124600171635,4.557187390190361,4.371441409707273,4.4066691398620605,13343600,0.0,0.0
2011-08-17,4.441895488810409,4.4739207657705595,4.387452688889013,4.438693046569824,11206200,0.0,0.0
2011-08-18,4.227328141846038,4.24654322897796,4.083214347440682,4.137657165527344,15087000,0.0,0.0
2011-08-19,4.051188959032584,4.230530033739726,4.051188959032584,4.076808929443359,14280700,0.0,0.0
2011-08-22,4.288175453320336,4.288175453320336,4.121644571022317,4.172884941101074,14865700,0.0,0.0
2011-08-23,4.188897903429446,4.432289597902503,4.102429790201456,4.403467178344727,17491100,0.0,0.0
2011-08-24,4.390656541297862,4.553984993519034,4.365036140590255,4.441896915435791,16789100,0.0,0.0
2011-08-25,4.5155537754796224,4.573199022824918,4.36503513114352,4.384250640869141,20671900,0.0,0.0
2011-08-26,4.355429196085996,4.393859373269847,4.256150882296612,4.371441841125488,35539300,0.0,0.0
2011-08-29,4.432287734811504,4.496338288731804,4.425882850330334,4.438693046569824,40744700,0.0,0.0
2011-08-30,4.409872482846682,4.4418977762992204,4.3009868269299485,4.352227210998535,23620100,0.0,0.0
2011-08-31,4.416751774646859,4.465145376553146,4.374810107764841,4.429656505584717,15987200,0.03574,0.0
2011-09-01,4.397393687004078,4.426430191642884,4.2844747119769835,4.294153690338135,10282000,0.0,0.0
2011-09-02,4.178008073504005,4.216723125793151,4.084446625397795,4.0908989906311035,9901800,0.0,0.0
2011-09-06,3.919907535924184,4.061863033750427,3.8811924784160636,4.0489583015441895,17293000,0.0,0.0
2011-09-07,4.152198359872557,4.339321264095295,4.148971746673133,4.313511371612549,15828800,0.0,0.0
2011-09-08,4.248986514233065,4.339321794634348,4.194140109362455,4.213497638702393,8525500,0.0,0.0
2011-09-09,4.207043947494009,4.26834269935842,4.084446013320606,4.100577354431152,11570500,0.0,0.0
2011-09-12,4.00379051632686,4.213497583620234,4.000564333219831,4.197366237640381,16199300,0.0,0.0
2011-09-13,4.21027081215711,4.274796187059548,4.132840276185254,4.252212047576904,12419200,0.0,0.0
2011-09-14,4.28770084354091,4.445787664962507,4.278022295739698,4.365131378173828,24149200,0.0,0.0
2011-09-15,4.429656321515843,4.436109117161295,4.323189713034643,4.365131378173828,19374100,0.0,0.0
2011-09-16,4.387715509775049,4.394167875597834,4.2618913631179645,4.349000453948975,20717200,0.0,0.0
2011-09-19,4.242533533303419,4.349000144471232,4.190913319060421,4.3102850914001465,9142100,0.0,0.0
2011-09-20,4.323189688531802,4.355452375242273,4.248985767364502,4.248985767364502,8413000,0.0,0.0
2011-09-21,4.255438572888449,4.323190135902553,4.02960060343435,4.087673187255859,16262800,0.0,0.0
2011-09-22,4.016695120137417,4.132840278493082,3.961848723617578,4.01992130279541,45218400,0.0,0.0
2011-09-23,4.007016561566584,4.036053069420217,3.9586229557367894,4.003790378570557,13444100,0.0,0.0
2011-09-26,4.052184314290822,4.100578349364423,3.9683014062521846,4.087673187255859,29720300,0.0,0.0
2011-09-27,4.219950069408236,4.255438945480561,4.119936238032872,4.142519950866699,28222000,0.0,0.0
2011-09-28,4.155423596227311,4.190912459336394,4.039278030395508,4.039278030395508,13118900,0.0,0.0
2011-09-29,4.139293038769392,4.1683291128870685,4.023147450964741,4.119935512542725,17910500,0.0,0.0
2011-09-30,4.048958189935855,4.136067282150341,4.0134693164575355,4.016695499420166,18779300,0.0,0.0
2011-10-03,4.000563435214071,4.000563435214071,3.661806106567383,3.661806106567383,21136300,0.0,0.0
2011-10-04,3.6166386270841655,3.8102143244931876,3.5198509936019833,3.8037619590759277,24875800,0.0,0.0
2011-10-05,3.8005360363831375,3.9618490568528686,3.7263321072293176,3.9360387325286865,18508400,0.0,0.0
2011-10-06,3.916680949908074,4.197365733630973,3.916680949908074,4.152198314666748,23413600,0.0,0.0
2011-10-07,4.190914886181654,4.255439855279925,4.042506553321519,4.052185535430908,15725000,0.0,0.0
2011-10-10,4.161876730555598,4.323189735412598,4.161876730555598,4.323189735412598,13667100,0.0,0.0
2011-10-11,4.271569282025794,4.4199775480697685,4.20704434197785,4.387714862823486,13435900,0.0,0.0
2011-10-12,4.449014032436163,4.574838172192897,4.397393817350752,4.429656505584717,22059900,0.0,0.0
2011-10-13,4.3296429260359375,4.381263143952265,4.2134973281130295,4.349000453948975,11831600,0.0,0.0
2011-10-14,4.4328826031700705,4.439335398959711,4.300606100485243,4.3683576583862305,10777600,0.0,0.0
2011-10-17,4.345773344264915,4.345773344264915,4.184459928649904,4.19091272354126,9317300,0.0,0.0
2011-10-18,4.226402567392646,4.455467154065932,4.2102712220963845,4.410299301147461,19556900,0.0,0.0
2011-10-19,4.4199780269290425,4.487729587197498,4.287701089177361,4.3006062507629395,13917200,0.0,0.0
2011-10-20,4.194139330458233,4.4070725440979,4.194139330458233,4.4070725440979,24583700,0.0,0.0
2011-10-21,4.458693388642951,4.532897319597805,4.400620803171068,4.513539791107178,14902900,0.0,0.0
2011-10-24,4.523218376948763,4.687757570022676,4.490955688790429,4.574838161468506,24231700,0.0,0.0
2011-10-25,4.390939908899687,4.4554652626933215,3.9650736069285233,3.987657308578491,52150500,0.0,0.0
2011-10-26,4.181234544458558,4.245759923019901,4.087673089900351,4.171555995941162,35147600,0.0,0.0
2011-10-27,4.355452009947532,4.519991181837355,4.287700459626839,4.48450231552124,23274000,0.0,0.0
2011-10-28,4.403846263885498,4.468371204789685,4.33609471005817,4.403846263885498,17681600,0.0,0.0
2011-10-31,4.313511659814583,4.436109625799356,4.284475152192373,4.410299301147461,17460900,0.0,0.0
2011-11-01,4.216722645736935,4.3135106958855305,4.181233780104702,4.236080169677734,19088500,0.0,0.0
2011-11-02,4.323189892679429,4.43933548423277,4.313511344476036,4.429656505584717,14112200,0.0,0.0
2011-11-03,4.513541417195935,4.561935471079726,4.323191816275571,4.549030303955078,15407700,0.0,0.0
2011-11-04,4.626458178983467,4.626458178983467,4.507086840514721,4.568385601043701,12321500,0.0,0.0
2011-11-07,4.581290761845196,4.6071006530035445,4.403846414992043,4.568385601043701,11842500,0.0,0.0
2011-11-08,4.594196385281365,4.642589989882076,4.487729766448306,4.626458644866943,8578900,0.0,0.0
2011-11-09,4.4909565380468015,4.4909565380468015,4.319964516739207,4.352227210998535,12144100,0.0,0.0
2011-11-10,4.4457879066467285,4.484502960845513,4.374810163800733,4.4457879066467285,12801100,0.0,0.0
2011-11-11,4.526444327021055,4.603874430265502,4.513539166332102,4.5812907218933105,8122000,0.0,0.0
2011-11-14,4.529669939280001,4.545801280499038,4.397393027372812,4.4490132331848145,9675700,0.0,0.0
2011-11-15,4.407072630312148,4.5199916044411035,4.387715104188459,4.468371391296387,8703400,0.0,0.0
2011-11-16,4.410298628842529,4.53934894109553,4.378035943168122,4.403846263885498,15446000,0.0,0.0
2011-11-17,4.394168651403266,4.403847632290984,3.984433449088578,4.22640323638916,44973900,0.0,0.0
2011-11-18,4.258663665833942,4.265116029362278,4.148970472740507,4.216722011566162,12233400,0.0,0.0
2011-11-21,4.113482827414283,4.139293150040094,3.952169817559278,4.065089225769043,15803300,0.0,0.0
2011-11-22,4.061862116046165,4.119935119632505,4.02314706728501,4.036052227020264,7306400,0.0,0.0
2011-11-23,3.971528355641506,3.9779811531634692,3.87796688079834,3.87796688079834,13127600,0.0,0.0
2011-11-25,3.8747392126732416,3.9457169451067027,3.8618340530186295,3.8682868480682373,3350800,0.0,0.0
2011-11-28,3.994111321702795,3.99733750428859,3.8876447137037213,3.95216965675354,15841900,0.0,0.0
2011-11-29,3.9683021800926057,3.9779811611726537,3.8844192556963435,3.900550603866577,9602700,0.0,0.0
2011-11-30,4.066461147625123,4.190081596374512,3.955853491911107,4.190081596374512,20850400,0.03574,0.0
2011-12-01,4.157551416350446,4.183576578311634,4.098994476411657,4.13803243637085,15040600,0.0,0.0
2011-12-02,4.190082043103551,4.248638966953833,4.105499530407787,4.112005710601807,9972000,0.0,0.0
2011-12-05,4.180321668048982,4.203093729108995,4.092486079349349,4.134777545928955,10526000,0.0,0.0
2011-12-06,4.121765978988581,4.2811713218688965,4.024170658514218,4.2811713218688965,20663200,0.0,0.0
2011-12-07,4.261651871007578,4.385272336117,4.20960112601231,4.342980861663818,14953600,0.0,0.0
2011-12-08,4.313701742161444,4.31695483168315,4.151043359764517,4.167308807373047,11669000,0.0,0.0
2011-12-09,4.19008243957353,4.27466496027258,4.180322734324324,4.25514554977417,8764400,0.0,0.0
2011-12-12,4.154296385908463,4.2193594774538585,4.063207710517214,4.170562267303467,10649400,0.0,0.0
2011-12-13,4.196588131308057,4.268157848012267,4.157550182930251,4.209600925445557,12152800,0.0,0.0
2011-12-14,4.170563538804019,4.24538635561187,4.134778675632024,4.222614288330078,15373600,0.0,0.0
2011-12-15,4.287677254728564,4.372259774102692,4.287677254728564,4.32020902633667,11216300,0.0,0.0
2011-12-16,4.365753715214248,4.518652438390105,4.310449875551199,4.362500190734863,16610000,0.0,0.0
2011-12-19,4.39503173226111,4.417804232246202,4.235626402539096,4.261651992797852,12911300,0.0,0.0
2011-12-20,4.352741169251183,4.437323695840543,4.3137032136052555,4.417804718017578,7540600,0.0,0.0
2011-12-21,4.430817753137103,4.434070844262284,4.355994921118575,4.39503288269043,6230800,0.0,0.0
2011-12-22,4.437323617166919,4.473108481547016,4.391779047030991,4.45033597946167,6709000,0.0,0.0
2011-12-23,4.479614698861844,4.515399563530861,4.424310856558341,4.512146472930908,4950500,0.0,0.0
2011-12-27,4.489373652816064,4.5056391030916885,4.3982845270643836,4.41129732131958,10978500,0.0,0.0
2011-12-28,4.4210565103132105,4.447081661756074,4.365752683716809,4.382018566131592,7525500,0.0,0.0
2011-12-29,4.417803935464527,4.424310115574777,4.316955539547472,4.41129732131958,8890000,0.0,0.0
2011-12-30,4.4308164506592345,4.4340695408281405,4.355993640635537,4.359246730804443,5859800,0.0,0.0
2012-01-03,4.476362228393555,4.541425351510417,4.411298671241862,4.476362228393555,13215500,0.0,0.0
2012-01-04,4.460095114205957,4.460095114205957,4.264904930391829,4.375512599945068,11959200,0.0,0.0
2012-01-05,4.333222051670335,4.495880484305385,4.277918210616504,4.45358943939209,11733600,0.0,0.0
2012-01-06,4.492626467670835,4.580462063952235,4.45358852133125,4.4828667640686035,14051200,0.0,0.0
2012-01-09,4.495879757022908,4.551183589130435,4.473107692986795,4.492626667022705,8441500,0.0,0.0
2012-01-10,4.531664039635783,4.554436100780159,4.424309479053479,4.479613304138184,20866900,0.0,0.0
2012-01-11,4.466602521206869,4.518653280121256,4.427564560529785,4.476362228393555,7088700,0.0,0.0
2012-01-12,4.499132985017338,4.551183728721125,4.411297382144366,4.456841945648193,9625900,0.0,0.0
2012-01-13,4.39828470903359,4.460095158777022,4.362499848877303,4.437323093414307,10489900,0.0,0.0
2012-01-17,4.473107953570594,4.551183854262597,4.430816479000163,4.437323093414307,9575000,0.0,0.0
2012-01-18,4.437323270264389,4.791918361735262,4.3950317940084265,4.648778915405273,20308100,0.0,0.0
2012-01-19,4.704083472353579,4.9090329492892915,4.7008299478021005,4.733361721038818,17531900,0.0,0.0
2012-01-20,4.736614580184338,4.801678123479592,4.658538675457824,4.756133556365967,9751000,0.0,0.0
2012-01-23,4.746374822351473,4.791918960583743,4.687817887180787,4.739868640899658,8517100,0.0,0.0
2012-01-24,4.704083774845109,4.778906597680115,4.661792293303959,4.739868640899658,7970600,0.0,0.0
2012-01-25,4.7236022187530775,4.808184304195222,4.720348694360524,4.756133556365967,9916100,0.0,0.0
2012-01-26,4.778906964640582,4.918793348874403,4.765894166702947,4.8830084800720215,12883900,0.0,0.0
2012-01-27,4.883006807620902,5.016386530185359,4.860234310521015,4.92204475402832,13606300,0.0,0.0
2012-01-30,4.863486703315744,4.928550227359225,4.821195673108248,4.8667402267456055,10418600,0.0,0.0
2012-01-31,4.87975456176617,4.9545778183508995,4.811438354678037,4.863488674163818,13811700,0.0,0.0
2012-02-01,4.918792718519721,5.078198062214421,4.87324814859205,4.980602741241455,15534400,0.0,0.0
2012-02-02,4.987108078864266,5.068437499252749,4.938310860665868,5.039158821105957,8761300,0.0,0.0
2012-02-03,5.110728348625895,5.218082919151827,5.110728348625895,5.201817035675049,12389800,0.0,0.0
2012-02-06,5.156274472188423,5.20181861250145,5.097717534342472,5.166033744812012,6669500,0.0,0.0
2012-02-07,5.162779824698657,5.2115774820832055,5.143260848551786,5.146513938903809,10920800,0.0,0.0
2012-02-08,5.153021157442255,5.1790463173426415,5.084704515905907,5.12699556350708,10227500,0.0,0.0
2012-02-09,5.143260922037293,5.214830646943304,5.113982674416034,5.175792694091797,17775100,0.0,0.0
2012-02-10,5.123742695373514,5.192059339877861,5.058679141743697,5.166033744812012,9113300,0.0,0.0
2012-02-13,5.198564727206085,5.234349589427045,5.172539570152087,5.208324432373047,9786800,0.0,0.0
2012-02-14,5.1953115135354135,5.240856079842487,5.1790456279996535,5.227843284606934,8608000,0.0,0.0
2012-02-15,5.247361718869074,5.273386872619428,5.1660322995841845,5.182298183441162,8183300,0.0,0.0
2012-02-16,5.188804676121366,5.214829829263406,5.149766729390969,5.201817035675049,9099600,0.0,0.0
2012-02-17,5.221336874484526,5.273387185069229,5.192058195000257,5.250615119934082,7744500,0.0,0.0
2012-02-21,5.276640400463445,5.3482101158724245,5.234348928790613,5.292906284332275,7428900,0.0,0.0
2012-02-22,5.286400227371498,5.318931998536906,5.247362275586902,5.273387432098389,9060200,0.0,0.0
2012-02-23,5.270134765118677,5.328692131533994,5.247362697087591,5.322185516357422,7229700,0.0,0.0
2012-02-24,5.34821186553722,5.34821186553722,5.257123146492954,5.266882419586182,16087900,0.0,0.0
2012-02-27,5.234349310164043,5.305919030787574,5.156273409132814,5.27989387512207,9861200,0.0,0.0
2012-02-28,5.299414197966597,5.318933178187881,5.250616530395974,5.266882419586182,7601800,0.0,0.0
2012-02-29,5.294744607552568,5.320972682418087,5.147213108021753,5.166883945465088,15453900,0.04467,0.0
2012-03-01,5.193111645463171,5.366870769905005,5.193111645463171,5.3242506980896,8976200,0.0,0.0
2012-03-02,5.311135591763721,5.350477255885769,5.265237129425161,5.28162956237793,8683800,0.0,0.0
2012-03-05,5.271794728061015,5.278351527273049,5.19966818708242,5.239009857177734,7130100,0.0,0.0
2012-03-06,5.163604331619835,5.209503233138954,5.101313433927644,5.1275410652160645,8727500,0.0,0.0
2012-03-07,5.183274950220357,5.265237114755845,5.140654887108795,5.2357306480407715,11213200,0.0,0.0
2012-03-08,5.271794201152847,5.31113586731602,5.2127817019080895,5.298022270202637,7863400,0.0,0.0
2012-03-09,5.314415313566357,5.363592624664307,5.252124402771567,5.363592624664307,8696400,0.0,0.0
2012-03-12,5.3537562972913575,5.360313095758795,5.314414194252216,5.334085464477539,5861200,0.0,0.0
2012-03-13,5.37670523112351,5.465224192581798,5.366869596556374,5.43243932723999,10649400,0.0,0.0
2012-03-14,5.5373509259165745,5.5373509259165745,5.268515632559163,5.278350830078125,15875000,0.0,0.0
2012-03-15,5.298022374657334,5.34064244093914,5.255401870964008,5.294743537902832,18451100,0.0,0.0
2012-03-16,5.311135795018497,5.360313095758795,5.291464962204679,5.334085464477539,11749300,0.0,0.0
2012-03-19,5.324250484540808,5.452111132270277,5.298022850032109,5.409491062164307,9635700,0.0,0.0
2012-03-20,5.370149308413797,5.435718612374457,5.317693602798339,5.399655342102051,6545300,0.0,0.0
2012-03-21,5.412768504307348,5.435717735119289,5.301300311893366,5.340641975402832,5284300,0.0,0.0
2012-03-22,5.278350843006744,5.330806542137514,5.248844812966091,5.255401611328125,7726600,0.0,0.0
2012-03-23,5.261959536828137,5.317693642445432,5.252123900584352,5.284908771514893,4948200,0.0,0.0
2012-03-26,5.3504771725744575,5.422603701478973,5.31769274459089,5.340641975402832,12809800,0.0,0.0
2012-03-27,5.3406432929801415,5.343921692846156,5.242288672530162,5.252124309539795,11494100,0.0,0.0
2012-03-28,5.239010079202769,5.261959752240587,5.071807755506005,5.1996684074401855,22165700,0.0,0.0
2012-03-29,5.170161129605749,5.212781631886268,5.143933498319779,5.196389198303223,11165400,0.0,0.0
2012-03-30,5.235732095222564,5.239010495227851,5.12426387057313,5.166883945465088,9397300,0.0,0.0
2012-04-02,5.1472114824491415,5.232452042724318,5.117705454308425,5.183274745941162,12271700,0.0,0.0
2012-04-03,5.157048148967552,5.2062250181821215,5.117706478631273,5.193111419677734,18518000,0.0,0.0
2012-04-04,5.143933247321415,5.157047281030254,5.065249919891357,5.065249919891357,8417200,0.0,0.0
2012-04-05,5.035744121318603,5.088199825699967,4.996402452385467,5.002959251403809,12733400,0.0,0.0
2012-04-09,4.924275327397964,4.99312345854169,4.894768860504513,4.960338592529297,7526600,0.0,0.0
2012-04-10,4.924274855773495,5.045578673436827,4.8685407638549805,4.8685407638549805,16850300,0.0,0.0
2012-04-11,4.93411133932427,4.953782174696853,4.875098833206518,4.894769668579102,19162600,0.0,0.0
2012-04-12,4.911161365115562,4.993123531341553,4.8980473310371035,4.993123531341553,7777300,0.0,0.0
2012-04-13,4.9734521500821085,4.986565745301913,4.858705130028679,4.8685407638549805,13902900,0.0,0.0
2012-04-16,4.898046895127832,4.96689502114812,4.852148436055279,4.865262031555176,10273900,0.0,0.0
2012-04-17,4.9177181041928915,4.97017380246316,4.878376439843063,4.937389373779297,6972600,0.0,0.0
2012-04-18,4.901326656341553,4.973453638696187,4.86198498408381,4.901326656341553,10190800,0.0,0.0
2012-04-19,4.937389504423767,4.963617135547144,4.7996932381444,4.888212203979492,11825100,0.0,0.0
2012-04-20,4.904604695683902,4.960338795217769,4.8619841931616445,4.943946361541748,10860100,0.0,0.0
2012-04-23,4.9013266123869,4.91771904858255,4.83903570477269,4.891491413116455,12700400,0.0,0.0
2012-04-24,4.904603814928353,4.924274644324842,4.871818953463729,4.907882213592529,12040300,0.0,0.0
2012-04-25,4.934110052188349,4.947224084819602,4.852148332418777,4.8685407638549805,13046700,0.0,0.0
2012-04-26,4.861984337529676,4.891490806504958,4.816085871803151,4.871819972991943,14141000,0.0,0.0
2012-04-27,4.901326004555704,4.911161640017972,4.839035104666413,4.871819972991943,6494400,0.0,0.0
2012-04-30,4.868541488927608,4.871819888220812,4.812807388708605,4.8619842529296875,13411900,0.0,0.0
2012-05-01,4.868541647540205,4.920997350174963,4.829199542505491,4.835756778717041,8706500,0.0,0.0
2012-05-02,4.816087670478706,4.835758511338235,4.730847068479624,4.737403869628906,6739200,0.0,0.0
2012-05-03,4.737401578034118,4.757072409378393,4.632490623335136,4.655439853668213,10632400,0.0,0.0
2012-05-04,4.639047973433458,4.6521620083609125,4.547250603764327,4.5505290031433105,9239200,0.0,0.0
2012-05-07,4.534137457326678,4.599707207401187,4.521023419829454,4.563643932342529,6797100,0.0,0.0
2012-05-08,4.521022667610655,4.560364773556491,4.425946895750845,4.501351833343506,15955800,0.0,0.0
2012-05-09,4.445617880149239,4.570200126322761,4.425947045217794,4.543972492218018,10776200,0.0,0.0
2012-05-10,4.596427906683638,4.596427906683638,4.524301370699926,4.5505290031433105,7747900,0.0,0.0
2012-05-11,4.498073389004883,4.563643127515762,4.458731720862969,4.491516590118408,7083100,0.0,0.0
2012-05-14,4.429225842392313,4.507909626592668,4.425947442511379,4.465289115905762,11468400,0.0,0.0
2012-05-15,4.47512477091985,4.524302081565983,4.435783097367581,4.442339897155762,11294400,0.0,0.0
2012-05-16,4.45873189444708,4.504630363262354,4.327592849731445,4.327592849731445,10834600,0.0,0.0
2012-05-17,4.340706857112903,4.360377693803585,4.2489094734191895,4.2489094734191895,10657000,0.0,0.0
2012-05-18,4.275136118150795,4.304642144617486,4.212844791610604,4.225958824157715,9627000,0.0,0.0
2012-05-21,4.239074323623541,4.363656582403786,4.232517086375151,4.3505425453186035,8128100,0.0,0.0
2012-05-22,4.380048131202954,4.484959094375344,4.343984864590458,4.383326530456543,11150500,0.0,0.0
2012-05-23,4.337427499100964,4.402997231860031,4.288250199531665,4.3636555671691895,14404100,0.0,0.0
2012-05-24,4.386605173699758,4.448896075217188,4.363655940236655,4.44561767578125,13219900,0.0,0.0
2012-05-25,4.435783284787778,4.484960160100133,4.42594764727834,4.448896884918213,8268600,0.0,0.0
2012-05-29,4.47512422429145,4.534136727411583,4.47512422429145,4.524301528930664,9512000,0.0,0.0
2012-05-30,4.595428517957912,4.674831447966117,4.562344000571944,4.645055294036865,18129000,0.04467,0.0
2012-05-31,4.671522119204221,4.681447649870656,4.572269019586623,4.621895790100098,13385900,0.0,0.0
2012-06-01,4.519335102038804,4.582195341809333,4.519335102038804,4.529260635375977,12176300,0.0,0.0
2012-06-04,4.535876724758712,4.582194696719537,4.519334465798586,4.562344074249268,10984100,0.0,0.0
2012-06-05,4.532567467093637,4.678138964097832,4.532567467093637,4.664905071258545,9277800,0.0,0.0
2012-06-06,4.691372956241975,4.817093849182129,4.684756229764367,4.817093849182129,10086200,0.0,0.0
2012-06-07,4.896495995769631,4.939505593857394,4.714531632460939,4.727765083312988,12877700,0.0,0.0
2012-06-08,4.731075306547109,4.813786164819195,4.7012991503798744,4.807169437408447,9374100,0.0,0.0
2012-06-11,4.853487100205067,4.913039408712551,4.68475658938914,4.6946821212768555,10826800,0.0,0.0
2012-06-12,4.7178410395548225,4.800551891326904,4.6913732491729885,4.800551891326904,9538600,0.0,0.0
2012-06-13,4.764158984731397,4.846870277463614,4.711224287074054,4.724457740783691,8850900,0.0,0.0
2012-06-14,4.727766501432301,4.840253957281055,4.727766501432301,4.807169437408447,11158400,0.0,0.0
2012-06-15,4.8303274385636135,4.985824473653785,4.754233323238157,4.965973854064941,24839200,0.0,0.0
2012-06-18,4.936197571302561,5.022217214815085,4.9295808454205705,4.972590446472168,9924500,0.0,0.0
2012-06-19,5.0189096048371855,5.095003729533434,4.992441814519728,5.061919212341309,10195000,0.0,0.0
2012-06-20,5.042068181567606,5.042068181567606,4.936197911699046,4.979207515716553,13091500,0.0,0.0
2012-06-21,5.002366002764246,5.022216619466395,4.896495752746598,4.89980411529541,9235300,0.0,0.0
2012-06-22,4.9527405196124406,5.048685265357199,4.922964366163305,5.012292385101318,10127300,0.0,0.0
2012-06-25,4.939505822701703,4.9990576785228305,4.909729674086479,4.952739715576172,9936500,0.0,0.0
2012-06-26,4.949431480422988,4.972590462493902,4.820402235443133,4.866720199584961,19275400,0.0,0.0
2012-06-27,4.886571193839396,5.061918857831605,4.876646104222497,5.028834342956543,13719700,0.0,0.0
2012-06-28,4.972590789848035,5.068535528808885,4.965974063509136,5.058610439300537,9181000,0.0,0.0
2012-06-29,5.157863362423931,5.227340752208565,5.124778849058929,5.197564601898193,12246800,0.0,0.0
2012-07-02,5.2240335408992244,5.306744401137687,5.210799644353671,5.2902021408081055,12222200,0.0,0.0
2012-07-03,5.300126075744629,5.319976693873887,5.283583820402029,5.300126075744629,5149400,0.0,0.0
2012-07-05,5.2902005459753445,5.339827312003145,5.253807672503487,5.300126075744629,7870200,0.0,0.0
2012-07-06,5.237266665789236,5.392763272003307,5.237266665789236,5.386146545410156,11983800,0.0,0.0
2012-07-09,5.3795295433607935,5.399380165161996,5.303435419554617,5.376221179962158,8522700,0.0,0.0
2012-07-10,5.422538939886289,5.435772391889935,5.276967436571471,5.306743144989014,14700600,0.0,0.0
2012-07-11,5.300125938746982,5.386145576023205,5.290200409234252,5.359677791595459,15953600,0.0,0.0
2012-07-12,5.323285602796131,5.326593965922205,5.260425379172636,5.296818256378174,9232000,0.0,0.0
2012-07-13,5.306744292790287,5.412614580174284,5.306744292790287,5.399380683898926,8529100,0.0,0.0
2012-07-16,5.376221837957648,5.422540255435625,5.356371213726929,5.41923189163208,7174300,0.0,0.0
2012-07-17,5.432464707653463,5.439081875891414,5.280276459321518,5.3497538566589355,13481600,0.0,0.0
2012-07-18,5.32328540140291,5.376220533645511,5.286892525574205,5.306743144989014,12221600,0.0,0.0
2012-07-19,5.276967763110143,5.276967763110143,5.0089837223133795,5.028834342956543,58390300,0.0,0.0
2012-07-20,5.058611323393137,5.3795301108758276,4.9858255553070405,5.190948963165283,36609300,0.0,0.0
2012-07-23,5.164481179339654,5.164481179339654,5.005675760064591,5.111546039581299,18002300,0.0,0.0
2012-07-24,5.111545988129496,5.147938868758954,5.015600799990455,5.061919212341309,14923100,0.0,0.0
2012-07-25,5.068535842377942,5.217415725488647,5.025526235695549,5.171097755432129,14253500,0.0,0.0
2012-07-26,5.267040910926928,5.290199888966648,5.190946810646951,5.283583164215088,17835500,0.0,0.0
2012-07-27,5.296818609477977,5.37622109543438,5.20418222872571,5.3299031257629395,15292400,0.0,0.0
2012-07-30,5.310051949399265,5.366295444642777,5.290200888575117,5.306743144989014,10543900,0.0,0.0
2012-07-31,5.286893777024078,5.329903830444767,5.184332292672007,5.2902021408081055,17799400,0.0,0.0
2012-08-01,5.333211895021182,5.333211895021182,5.187640365415379,5.2041826248168945,11327400,0.0,0.0
2012-08-02,5.167789449192533,5.2405752098655345,5.0950036885195304,5.141321659088135,10696700,0.0,0.0
2012-08-03,5.243882584143513,5.366295097115029,5.220723603227597,5.300126075744629,8721900,0.0,0.0
2012-08-06,5.339828979665202,5.356371240174053,5.23726749420166,5.23726749420166,8542200,0.0,0.0
2012-08-07,5.210798073458313,5.343135674789803,5.210798073458313,5.300126075744629,5569400,0.0,0.0
2012-08-08,5.27365951598519,5.326594211259216,5.260425621461994,5.310052394866943,6700600,0.0,0.0
2012-08-09,5.300127673569632,5.319978297683241,5.270351516694497,5.2902021408081055,6578000,0.0,0.0
2012-08-10,5.273659558248984,5.353062043205742,5.237266679075573,5.333211421966553,4188600,0.0,0.0
2012-08-13,5.316669164032331,5.336519785271521,5.273659558248984,5.333211421966553,4541400,0.0,0.0
2012-08-14,5.34975404959606,5.372913035740622,5.293510545296746,5.313361167907715,3888600,0.0,0.0
2012-08-15,5.329903209562483,5.429156318568497,5.3067437829532516,5.376221179962158,7937000,0.0,0.0
2012-08-16,5.3861458294136,5.409304810820412,5.313360080927056,5.319976806640625,8266900,0.0,0.0
2012-08-17,5.329902156727831,5.339827244963199,5.276967028577959,5.303434371948242,8151100,0.0,0.0
2012-08-20,5.296817055127466,5.303433779879027,5.247190295262989,5.283583164215088,9465300,0.0,0.0
2012-08-21,5.2670425429895635,5.28689316480448,5.181022887518663,5.194256782531738,13621500,0.0,0.0
2012-08-22,5.204182598059426,5.250500571017989,5.144630287956391,5.230649948120117,10742900,0.0,0.0
2012-08-23,5.227340752208565,5.233957478317826,5.167788892997169,5.197564601898193,4119200,0.0,0.0
2012-08-24,5.1777137965093125,5.24719118380277,5.157863177483943,5.233957290649414,5007000,0.0,0.0
2012-08-27,5.250500184664384,5.267042442763599,5.19094832035284,5.200873851776123,6131200,0.0,0.0
2012-08-28,5.187639957014874,5.23726673131252,5.164480972239727,5.200873851776123,4185800,0.0,0.0
2012-08-29,5.2107990409457345,5.227341299359731,5.1545555389019055,5.194256782531738,3228800,0.0,0.0
2012-08-30,5.161171869485306,5.167789037188546,5.108236734906179,5.138012886047363,4065400,0.0,0.0
2012-08-31,5.184330918881694,5.247191138349286,5.171097025842975,5.210798263549805,7946500,0.0,0.0
2012-09-04,5.210798308688038,5.253807909674783,5.147938088675923,5.233957290649414,8003300,0.0,0.0
2012-09-05,5.225617506764079,5.225617506764079,5.112234259054383,5.162256240844727,9136500,0.04467,0.0
2012-09-06,5.185598057554718,5.288976699102704,5.138911244866531,5.262298583984375,7976200,0.0,0.0
2012-09-07,5.285643385249559,5.372348060883936,5.258964818166103,5.315656661987305,5265200,0.0,0.0
2012-09-10,5.322325893771414,5.3723478715970145,5.29564732762794,5.318991184234619,4529400,0.0,0.0
2012-09-11,5.338999895562488,5.405695421186777,5.288977917650856,5.389021873474121,5628100,0.0,0.0
2012-09-12,5.402359962139617,5.459051351271146,5.392355834899961,5.4290385246276855,4879400,0.0,0.0
2012-09-13,5.425703903615216,5.572434664907776,5.395690631560101,5.532416820526123,9594300,0.0,0.0
2012-09-14,5.529082969380199,5.6491356313056045,5.475726280182749,5.595778942108154,7365400,0.0,0.0
2012-09-17,5.575769374041789,5.615786773498941,5.502403993395509,5.532416820526123,5666500,0.0,0.0
2012-09-18,5.535752826735253,5.545756955677285,5.449048151281467,5.525748252868652,5853600,0.0,0.0
2012-09-19,5.52241226948695,5.579103655189738,5.4957337086124225,5.549090385437012,9118100,0.0,0.0
2012-09-20,5.532417763102453,5.532417763102453,5.435708957116984,5.489065647125244,9527700,0.0,0.0
2012-09-21,5.515742550702823,5.5257471225228905,5.419033766089735,5.432373046875,14311400,0.0,0.0
2012-09-24,5.415699682255778,5.5390870426819285,5.392356271880408,5.482395648956299,10714300,0.0,0.0
2012-09-25,5.5157435974305535,5.5157435974305535,5.345669403610096,5.352339267730713,7334100,0.0,0.0
2012-09-26,5.365677510683941,5.3723473740643914,5.24562530892999,5.248960018157959,6935900,0.0,0.0
2012-09-27,5.258964908126741,5.308986888570476,5.188934669415004,5.2789740562438965,9503400,0.0,0.0
2012-09-28,5.245625683129182,5.288977796034344,5.212277698621575,5.24229097366333,9025200,0.0,0.0
2012-10-01,5.275639013365518,5.355674272755853,5.252295599967106,5.328995704650879,9178800,0.0,0.0
2012-10-02,5.379017215188669,5.432373901802328,5.345669230439563,5.399025917053223,7847200,0.0,0.0
2012-10-03,5.415699057124539,5.442377173770589,5.359007669942765,5.432373046875,7083600,0.0,0.0
2012-10-04,5.459051723698797,5.6324610569281015,5.459051723698797,5.562430381774902,9665600,0.0,0.0
2012-10-05,5.602447971831424,5.62579138269314,5.502404464620827,5.559095859527588,9880800,0.0,0.0
2012-10-08,5.5024040933107035,5.599112884575655,5.492399520802497,5.592443466186523,3724600,0.0,0.0
2012-10-09,5.6057817711397995,5.639129749770725,5.535751549924214,5.549090385437012,6065700,0.0,0.0
2012-10-10,5.545757715716874,5.572436286401031,5.482396888960107,5.55576229095459,5394800,0.0,0.0
2012-10-11,5.625790305140582,5.805869028552278,5.595777481188269,5.772521495819092,11978700,0.0,0.0
2012-10-12,5.74250954328944,5.772522819046108,5.589108899885378,5.669144153594971,9784300,0.0,0.0
2012-10-15,5.712495888225488,5.7191657517977355,5.662473913594,5.702491760253906,6841900,0.0,0.0
2012-10-16,5.742509077153411,5.789195896846794,5.699156966734624,5.712495803833008,12277600,0.0,0.0
2012-10-17,5.735840562047537,5.752514111046742,5.659140012028248,5.722501277923584,14016300,0.0,0.0
2012-10-18,5.665809207236486,5.66914391664239,5.602447948826172,5.655804634094238,15700100,0.0,0.0
2012-10-19,5.599112919343512,5.669143592562287,5.492399554907714,5.539086818695068,8793800,0.0,0.0
2012-10-22,5.509073984908651,5.582439373188946,5.4857305736170705,5.565765380859375,9203100,0.0,0.0
2012-10-23,5.4957343310390465,5.619121687978084,5.475725630579273,5.5991129875183105,12004500,0.0,0.0
2012-10-24,5.659139407601365,5.769187488789919,5.642465415458444,5.7158308029174805,11932600,0.0,0.0
2012-10-25,5.762517991092221,5.862561497656973,5.752513417973478,5.849222660064697,10780600,0.0,0.0
2012-10-26,5.819209335913808,5.882570593633908,5.802535344141389,5.83254861831665,10174300,0.0,0.0
2012-10-31,5.87590098571169,5.885905559180391,5.762518192664016,5.8625617027282715,9875200,0.0,0.0
2012-11-01,5.8925742584722824,5.935926366717538,5.81253946019658,5.902578830718994,16178500,0.0,0.0
2012-11-02,5.922588352636906,5.982614459678283,5.872566374306811,5.895909786224365,12629300,0.0,0.0
2012-11-05,5.862561800670969,5.999288452454981,5.83254896961256,5.895909786224365,10392600,0.0,0.0
2012-11-06,5.905913590997349,5.942596281345628,5.899243727800251,5.919252872467041,10869100,0.0,0.0
2012-11-07,5.709160991715747,5.779191664918834,5.572434799448608,5.705826282501221,19228900,0.0,0.0
2012-11-08,5.719165686676067,5.7791917885956465,5.612452319980468,5.615787029266357,10365700,0.0,0.0
2012-11-09,5.632461311106867,5.719165981634282,5.609117899977212,5.61912202835083,8375500,0.0,0.0
2012-11-12,5.649134291752214,5.732503792968559,5.565764345611404,5.602447032928467,6743100,0.0,0.0
2012-11-13,5.595778278262435,5.659139088897633,5.5624302958546386,5.5991129875183105,9277600,0.0,0.0
2012-11-14,5.632461335926174,5.669144029973505,5.495734688154551,5.52241325378418,7287600,0.0,0.0
2012-11-15,5.535752110892653,5.555760811113908,5.452382155866998,5.512408256530762,10063000,0.0,0.0
2012-11-16,5.525747082165379,5.599112458561787,5.489064393967176,5.5824384689331055,6861800,0.0,0.0
2012-11-19,5.649135215282431,5.662474052906045,5.589108666278021,5.655804634094238,7049500,0.0,0.0
2012-11-20,5.635796020564739,5.659139431694394,5.56243063279336,5.61912202835083,7366500,0.0,0.0
2012-11-21,5.642465198961582,5.642465198961582,5.582439096504944,5.632461071014404,5411000,0.0,0.0
2012-11-23,5.652469735712654,5.692487137094692,5.5991130522284305,5.685817718505859,2005000,0.0,0.0
2012-11-26,5.64913442744783,5.669143126017353,5.559095061422742,5.5824384689331055,6970600,0.0,0.0
2012-11-27,5.565764479304424,5.629125728878308,5.545755780734902,5.5824384689331055,8092900,0.0,0.0
2012-11-28,5.552425787333038,5.6991570006080465,5.54242165944979,5.685817718505859,11826300,0.0,0.0
2012-11-29,5.722500344457348,5.73583962640537,5.5657650051105145,5.5991129875183105,9018700,0.0,0.0
2012-11-30,5.6157870489521216,5.649135031776961,5.499069553989708,5.519078254699707,20614200,0.0,0.0
2012-12-03,5.5357528637567475,5.549091702435329,5.489065593607995,5.499070167541504,8662800,0.0,0.0
2012-12-04,5.485729581977825,5.559094956996076,5.482394873099626,5.549090385437012,6977900,0.0,0.0
2012-12-05,5.607886982858679,5.722127853480163,5.584366909093485,5.658287525177002,12090700,0.04467,0.0
2012-12-06,5.668367877302311,5.759088682363224,5.654928090102003,5.712048530578613,10509000,0.0,0.0
2012-12-07,5.735567196145555,5.7456474823589,5.634766575470395,5.6784467697143555,12498900,0.0,0.0
2012-12-10,5.681808297247768,5.792689235000532,5.648207931572667,5.762449264526367,9594900,0.0,0.0
2012-12-11,5.806128400582483,5.866608778673176,5.769168094811775,5.819568634033203,8681000,0.0,0.0
2012-12-12,5.843089354306952,5.849809247631647,5.728848478036639,5.738928318023682,11246800,0.0,0.0
2012-12-13,5.7658092136500345,5.775889054381366,5.671728458698686,5.675088405609131,10241700,0.0,0.0
2012-12-14,5.678447941242312,5.678447941242312,5.57764729977084,5.607887268066406,10316500,0.0,0.0
2012-12-17,5.648207096587254,5.75572807153583,5.631406916233306,5.7490081787109375,10861500,0.0,0.0
2012-12-18,5.7691677994639035,5.7826080322265625,5.705327030060031,5.7826080322265625,9442900,0.0,0.0
2012-12-19,5.775887392131251,5.809487748149368,5.6683664321899405,5.668366432189941,6494400,0.0,0.0
2012-12-20,5.6650062887374775,5.6918867519314515,5.584365795738831,5.651566505432129,10835500,0.0,0.0
2012-12-21,5.587725741565168,5.6650062887374775,5.5339652634688585,5.651566505432129,22517400,0.0,0.0
2012-12-24,5.705327929596841,5.712048271183579,5.631407310184956,5.6414875984191895,2825700,0.0,0.0
2012-12-26,5.6616471758012334,5.671727463054803,5.614607030729117,5.621326923370361,4236100,0.0,0.0
2012-12-27,5.6381279560145945,5.661648032107992,5.581007515049619,5.634768009185791,4720700,0.0,0.0
2012-12-28,5.60116719121138,5.668367467226644,5.587726956691633,5.644847393035889,5999400,0.0,0.0
2012-12-31,5.64820726659657,5.769168479127543,5.611246958363735,5.755728244781494,8009800,0.0,0.0
2013-01-02,5.856527275262747,5.880047340897864,5.792686520735406,5.846446990966797,6280600,0.0,0.0
2013-01-03,5.846448674523811,5.876689087828185,5.819568655813469,5.829648494720459,5409300,0.0,0.0
2013-01-04,5.822929266968733,5.896849887226942,5.8061290852471625,5.880049705505371,5651900,0.0,0.0
2013-01-07,5.843089580535888,5.8867697854210865,5.812849162820433,5.843089580535889,4732500,0.0,0.0
2013-01-08,5.836368482633864,5.873328786307543,5.829648142143948,5.859888553619385,7365100,0.0,0.0
2013-01-09,5.8565292263921815,5.9270898950967155,5.8565292263921815,5.900209426879883,6573900,0.0,0.0
2013-01-10,5.933809583839244,5.9506097638237865,5.859888971223938,5.927089691162109,10460000,0.0,0.0
2013-01-11,5.960689744867649,5.960689744867649,5.826288750080578,5.836369037628174,11029900,0.0,0.0
2013-01-14,5.843088098612513,5.866608168486173,5.7960475105735405,5.8330078125,4059000,0.0,0.0
2013-01-15,5.816209012532298,5.8397290861656925,5.789328544129797,5.8229289054870605,6820900,0.0,0.0
2013-01-16,5.94052967105133,5.94052967105133,5.792688440979352,5.8128485679626465,11814500,0.0,0.0
2013-01-17,5.752367121680436,5.7926873681797595,5.621326096411817,5.651566505432129,26100000,0.0,0.0
2013-01-18,5.654927476847876,5.688527837788356,5.59108670140262,5.671727657318115,13392600,0.0,0.0
2013-01-22,5.63812716701805,5.685167312622071,5.56756650032031,5.68516731262207,9573300,0.0,0.0
2013-01-23,5.6784471676228225,5.712047526299589,5.631406575817012,5.701967239379883,6496300,0.0,0.0
2013-01-24,5.708687180062732,5.738927142119451,5.634766575470395,5.6784467697143555,6575800,0.0,0.0
2013-01-25,5.695246947875491,5.698606893849387,5.628046235230946,5.6784467697143555,4020700,0.0,0.0
2013-01-28,5.698607657515136,5.698607657515136,5.597807023331765,5.628046989440918,4459700,0.0,0.0
2013-01-29,5.611246828308564,5.685167443060932,5.611246828308564,5.671727657318115,6672300,0.0,0.0
2013-01-30,5.658288085279188,5.665007978936796,5.5978076974854085,5.634768009185791,13290700,0.0,0.0
2013-01-31,5.644847986831568,5.68852864154269,5.591087491389115,5.675088405609131,12286000,0.0,0.0
2013-02-01,5.712047972973527,5.749008280749875,5.651567591600882,5.735568046569824,9386100,0.0,0.0
2013-02-04,5.688528454686307,5.7322086596708415,5.661647983702157,5.712048530578613,13573600,0.0,0.0
2013-02-05,5.728848273754536,5.772528475390983,5.705327751373311,5.765808582305908,11502800,0.0,0.0
2013-02-06,5.785968880888408,6.004370792110156,5.76916869938737,5.990930557250977,14984400,0.0,0.0
2013-02-07,6.048051239113808,6.108531625983252,5.9170101767507965,6.017810821533203,13322300,0.0,0.0
2013-02-08,6.021170257372746,6.279892394104419,6.021170257372746,6.269812107086182,16596300,0.0,0.0
2013-02-11,6.2496520973408805,6.269812223459853,6.14549107214977,6.16901159286499,13836900,0.0,0.0
2013-02-12,6.192532657390125,6.202612497918645,6.12533192736623,6.135412216186523,7323200,0.0,0.0
2013-02-13,6.13877182594742,6.330293268390534,6.13877182594742,6.175732135772705,10543100,0.0,0.0
2013-02-14,6.18245237318184,6.397494350785304,6.169012585800454,6.363893985748291,11775900,0.0,0.0
2013-02-15,6.3874137555150945,6.424374063030239,6.3437331068115554,6.3706135749816895,9559300,0.0,0.0
2013-02-19,6.323573259110494,6.474774442297211,6.323573259110494,6.451254367828369,8888400,0.0,0.0
2013-02-20,6.441173205889258,6.518454208588209,6.404212901756068,6.427733421325684,14506200,0.0,0.0
2013-02-21,6.410933728219558,6.441173694071193,6.333653167955128,6.350452899932861,10606000,0.0,0.0
2013-02-22,6.387413655159017,6.410933728219558,6.27989268075124,6.350452899932861,10462200,0.0,0.0
2013-02-25,6.404214848569553,6.451255453716948,6.289973955301071,6.306774139404297,12096800,0.0,0.0
2013-02-26,6.333652725767069,6.367252635668451,6.222771812704967,6.273171901702881,11573300,0.0,0.0
2013-02-27,6.279947263903699,6.432373076227821,6.225751349222717,6.405275344848633,9179100,0.05361,0.0
2013-02-28,6.428985304140804,6.520440873211585,6.422210984921696,6.42559814453125,8886700,0.0,0.0
2013-03-01,6.378178210813317,6.699966591904158,6.368016729345446,6.6965789794921875,20044500,0.0,0.0
2013-03-04,6.666093485974734,6.730450885273748,6.588186994009693,6.645770072937012,15528600,0.0,0.0
2013-03-05,6.693190658709597,6.818518738545946,6.611897013368505,6.655930995941162,10849200,0.0,0.0
2013-03-06,6.598348240584068,6.686416661906308,6.578024828267031,6.63222074508667,9402900,0.0,0.0
2013-03-07,6.638995533546976,6.662706559524998,6.527216531956836,6.561089038848877,11495000,0.0,0.0
2013-03-08,6.605122753103054,6.635608098427868,6.381564759181453,6.459471702575684,32187600,0.0,0.0
2013-03-11,6.425598760536078,6.574637413024903,6.422211600601805,6.574637413024902,14962000,0.0,0.0
2013-03-12,6.60512252522263,6.703352878136855,6.5068926242310265,6.6864166259765625,13529700,0.0,0.0
2013-03-13,6.666093078903033,6.737225246152623,6.659318307022407,6.706739902496338,8993600,0.0,0.0
2013-03-14,6.730451050973252,6.7880341313182315,6.71012763743518,6.740612983703613,8163700,0.0,0.0
2013-03-15,6.706741055466376,6.757549819653955,6.655932291278796,6.747387886047363,15610000,0.0,0.0
2013-03-18,6.679641936403992,6.828680595716022,6.645769883587953,6.818519115447998,11345300,0.0,0.0
2013-03-19,6.828679751915802,6.859165092798142,6.635607131454508,6.727062702178955,8418000,0.0,0.0
2013-03-20,6.750773429870605,6.82867991181351,6.727062859697239,6.7507734298706055,8173200,0.0,0.0
2013-03-21,6.73045082809624,6.838842664658358,6.703353094917028,6.798195838928223,11118900,0.0,0.0
2013-03-22,6.798195771194183,6.893038514260409,6.794808611070859,6.879489421844482,11035300,0.0,0.0
2013-03-25,6.916749879075842,6.933686133554445,6.788034616192068,6.811745643615723,7714300,0.0,0.0
2013-03-26,6.865939271538138,6.916748021327379,6.804969042944586,6.872714042663574,6623400,0.0,0.0
2013-03-27,6.825293110335366,6.90658720821824,6.821905950407456,6.869327545166016,4630600,0.0,0.0
2013-03-28,6.865940238000655,6.943847179412842,6.815131932982105,6.943847179412842,8460800,0.0,0.0
2013-04-01,6.9438479349711875,6.9438479349711875,6.788034487115419,6.804970741271973,6648800,0.0,0.0
2013-04-02,6.835455417633056,6.889651335225368,6.8049700727615585,6.835455417633057,7196400,0.0,0.0
2013-04-03,6.8456169090315155,6.882876574191244,6.60512266555303,6.638995170593262,13862100,0.0,0.0
2013-04-04,6.63899559118399,6.733838340151496,6.628834110181754,6.649157524108887,12827700,0.0,0.0
2013-04-05,6.594960911653443,6.723676154313984,6.5441521562005045,6.706739902496338,6975100,0.0,0.0
2013-04-08,6.7202889097240375,6.747386641137533,6.6525439033063885,6.743999481201172,3999400,0.0,0.0
2013-04-09,6.7710976168788015,6.899812865603633,6.750774204124632,6.852391719818115,5805500,0.0,0.0
2013-04-10,6.8456172547842895,6.943847614746824,6.832068613621998,6.899813175201416,5959400,0.0,0.0
2013-04-11,6.909974840658904,7.075949755779529,6.886264267619569,7.038690090179443,9294900,0.0,0.0
2013-04-12,7.028528464569383,7.119984052481818,6.984494476728181,7.086111545562744,8107400,0.0,0.0
2013-04-15,7.0725629280429905,7.119984076350541,6.984494500142695,6.987881660461426,10838800,0.0,0.0
2013-04-16,6.967557497100888,7.062400235436067,6.903199650277576,7.055625915527344,7718500,0.0,0.0
2013-04-17,7.011592176326242,7.038690362496133,6.896426014910843,6.899813175201416,13714900,0.0,0.0
2013-04-18,6.7981966947820025,7.008205622108375,6.622059825213284,6.693192005157471,16174300,0.0,0.0
2013-04-19,6.764322614903238,6.903199330048048,6.66609272117044,6.882875919342041,8232800,0.0,0.0
2013-04-22,6.886264591286206,7.004817913977739,6.808357644342104,6.987881660461426,6439500,0.0,0.0
2013-04-23,6.879489230933538,6.937072307199965,6.703352842104927,6.909974575042725,13234200,0.0,0.0
2013-04-24,6.9167490632922,7.042077150883192,6.889651330476039,7.004817485809326,6491300,0.0,0.0
2013-04-25,7.042077832083852,7.1132100090007135,7.0048181634057505,7.045464992523193,5395600,0.0,0.0
2013-04-26,7.0556262804715555,7.062400600730673,6.91674909977858,6.950621604919434,6330100,0.0,0.0
2013-04-29,6.960783351254894,6.994655403568133,6.906587434862042,6.95400857925415,6568000,0.0,0.0
2013-04-30,6.9472354105538745,6.9980441753282925,6.835456399203772,6.994656562805176,6515400,0.0,0.0
2013-05-01,6.967557430267333,7.075949259302863,6.954008338657241,6.967557430267334,5040000,0.0,0.0
2013-05-02,6.998042337584067,7.109821319580078,6.998042337584067,7.109821319580078,3977600,0.0,0.0
2013-05-03,7.150468674972022,7.197889818318304,7.052238324469878,7.0996599197387695,6657200,0.0,0.0
2013-05-06,7.109821448865157,7.174178840310752,7.082723266839843,7.160629749298096,4609100,0.0,0.0
2013-05-07,7.191115111144341,7.241923863641516,7.116595788250851,7.231761932373047,3784800,0.0,0.0
2013-05-08,7.211439232059444,7.258860829445514,7.10643455694055,7.245311737060547,5601500,0.0,0.0
2013-05-09,7.241925539677805,7.255474181941281,7.123371756413547,7.218214511871338,5918300,0.0,0.0
2013-05-10,7.20466527229705,7.2148267531522094,7.079337178291519,7.167405605316162,5505300,0.0,0.0
2013-05-13,7.143694190176041,7.170792374825041,7.086111112700202,7.13014554977417,4151100,0.0,0.0
2013-05-14,7.1403082430505735,7.329993760126287,7.1403082430505735,7.302896022796631,6798800,0.0,0.0
2013-05-15,7.2961195916206085,7.587422104349755,7.282570500912428,7.584035396575928,12324600,0.0,0.0
2013-05-16,7.57726126226006,7.6382314976886105,7.51967818681266,7.580648422241211,11676000,0.0,0.0
2013-05-17,7.621294914493526,7.716138101377728,7.536614110956149,7.7025885581970215,10934300,0.0,0.0
2013-05-20,7.709363084979745,7.7703337713179605,7.685652513582997,7.7432355880737305,7813900,0.0,0.0
2013-05-21,7.746623460721877,7.79404460511187,7.719525276565349,7.7567853927612305,8188600,0.0,0.0
2013-05-22,7.746623460721877,7.838079041385573,7.712750956487527,7.7567853927612305,9675700,0.0,0.0
2013-05-23,7.726301265357438,7.756787068059772,7.65516953340953,7.67210578918457,10661700,0.0,0.0
2013-05-24,7.638232159771783,7.726300134605897,7.604359653178976,7.7195258140563965,6440900,0.0,0.0
2013-05-28,7.790656887321112,7.838078025565293,7.756784387476662,7.783881664276123,10047000,0.0,0.0
2013-05-29,8.498591032839645,8.864413354055634,7.926146978913917,7.953245162963867,34457600,0.0,0.0
2013-05-30,7.960019816232167,8.237774180719539,7.932921631047852,8.14293098449707,22645000,0.0,0.0
2013-05-31,8.125994432061475,8.210675692736231,8.027764531216855,8.041313171386719,13027700,0.0,0.0
2013-06-03,8.075187403095043,8.16664300341885,7.983731802771237,8.11583423614502,13648900,0.0,0.0
2013-06-04,8.11583260061553,8.170028969657292,8.04470088307413,8.075185775756836,15985200,0.0,0.0
2013-06-05,8.03768895204084,8.09222756064137,7.97633222149322,8.024054527282715,10011800,0.05361,0.0
2013-06-06,8.000194553641174,8.102455488917961,7.9592903614441015,8.095638275146484,9860100,0.0,0.0
2013-06-07,8.126316109615669,8.139951446588764,8.000194472631707,8.03087329864502,13158900,0.0,0.0
2013-06-10,8.04450941260569,8.088822675314304,7.989970781983732,8.007014274597168,15788800,0.0,0.0
2013-06-11,7.945655924107769,8.017238032972363,7.904751731961113,7.9626994132995605,15082600,0.0,0.0
2013-06-12,8.037691900656302,8.037691900656302,7.9320227960962075,7.955883502960205,7691400,0.0,0.0
2013-06-13,7.942248092357265,7.955883431563159,7.904752956069858,7.928613662719727,20173000,0.0,0.0
2013-06-14,7.949064291913888,7.959289656881837,7.785446628040942,7.833168029785156,21405800,0.0,0.0
2013-06-17,7.901343877017038,8.150178129565475,7.788857558826475,7.843396186828613,10704500,0.0,0.0
2013-06-18,7.81271811352844,7.925204429532014,7.81271811352844,7.884300231933594,10771400,0.0,0.0
2013-06-19,7.8706652759766635,7.935430175376821,7.802491314684594,7.8093085289001465,8683000,0.0,0.0
2013-06-20,7.758177800336859,7.829760821144077,7.6593259235728395,7.6627349853515625,11660300,0.0,0.0
2013-06-21,7.7275000330572,7.7275000330572,7.550248372829762,7.621830940246582,17148100,0.0,0.0
2013-06-24,7.4957093445193035,7.557065636370327,7.465030971201725,7.5161614418029785,9732200,0.0,0.0
2013-06-25,7.550247406973604,7.8263509105695235,7.550247406973604,7.812716484069824,10694500,0.0,0.0
2013-06-26,7.829760551452636,7.8774819573015495,7.737725891847896,7.829760551452637,7251000,0.0,0.0
2013-06-27,7.877482085061393,7.894525574507882,7.833168830586878,7.836577892303467,6748700,0.0,0.0
2013-06-28,7.839986776628649,7.839986776628649,7.7206823532026725,7.792264461517334,10781800,0.0,0.0
2013-07-01,7.83317105995959,7.9081622529534865,7.7922668555600545,7.839989185333252,6000000,0.0,0.0
2013-07-02,7.8263516167219285,7.8706648711964435,7.805899975127079,7.836577892303467,8824600,0.0,0.0
2013-07-03,7.778630008519061,7.819534200216972,7.734316755192905,7.802490711212158,6890000,0.0,0.0
2013-07-05,7.81612534114039,7.921795339535908,7.782039271815641,7.836577892303467,4695800,0.0,0.0
2013-07-08,7.874075440595027,7.901344301276108,7.853622885515814,7.86384916305542,6384700,0.0,0.0
2013-07-09,7.942245074098845,7.972923893477094,7.846802283770095,7.9320197105407715,8718500,0.0,0.0
2013-07-10,7.938838182715233,7.972925158833333,7.870664230479032,7.9252028465271,5820100,0.0,0.0
2013-07-11,8.010422412713742,8.010422412713742,7.904753304444928,7.959291934967041,6822600,0.0,0.0
2013-07-12,7.949067615114897,7.99337997401634,7.874076419779554,7.976336479187012,7657500,0.0,0.0
2013-07-15,8.010419192956562,8.041097103446356,7.979741282466766,8.024054527282715,7492400,0.0,0.0
2013-07-16,8.04450789976934,8.092229306285198,7.9558823005872865,7.979743003845215,7808000,0.0,0.0
2013-07-17,8.010420920952805,8.047916961478283,7.969516728286609,7.979743003845215,6799600,0.0,0.0
2013-07-18,8.286524000211841,8.569445165889846,8.136541673597764,8.33083724975586,26644700,0.0,0.0
2013-07-19,8.409237730640585,8.409237730640585,8.26266444504371,8.364925384521484,11749900,0.0,0.0
2013-07-22,8.358105629926985,8.487636309902939,8.35128841720574,8.47400188446045,11022100,0.0,0.0
2013-07-23,8.53876841792651,8.542176570160981,8.43309841686118,8.450141906738281,12025200,0.0,0.0
2013-07-24,8.460366882865832,8.487636644393566,8.358105959312917,8.37174129486084,6371800,0.0,0.0
2013-07-25,8.41264529850634,8.51831437146071,8.276297403415729,8.327427864074707,6775300,0.0,0.0
2013-07-26,8.289934968049165,8.30697845951894,8.221761002170071,8.235395431518555,4369300,0.0,0.0
2013-07-29,8.242212545599605,8.242212545599605,8.122909016335582,8.180856704711914,4659200,0.0,0.0
2013-07-30,8.197900164680926,8.422873702736455,8.170630396852532,8.361516952514648,15938200,0.0,0.0
2013-07-31,8.381969301049924,8.497864674529474,8.324021614310148,8.422873497009277,15593800,0.0,0.0
2013-08-01,8.47741179481593,8.538768541172754,8.446733876421652,8.514907836914062,18542600,0.0,0.0
2013-08-02,8.514907163232564,8.54899414078188,8.470593910504816,8.518315315246582,7751200,0.0,0.0
2013-08-05,8.518316494642885,8.589899521234694,8.474004145348099,8.542177200317383,10029700,0.0,0.0
2013-08-06,8.521724998981508,8.521724998981508,8.395603354754808,8.439916610717773,8986800,0.0,0.0
2013-08-07,8.433099778059486,8.433099778059486,8.25584854620916,8.347883224487305,10862900,0.0,0.0
2013-08-08,8.409238286500267,8.514908294772837,8.371743151954233,8.467185974121094,5718500,0.0,0.0
2013-08-09,8.450142003368393,8.4910471071958,8.368333614850098,8.42969036102295,5455500,0.0,0.0
2013-08-12,8.422873050589518,8.460368182578192,8.364925366921023,8.450141906738281,3658100,0.0,0.0
2013-08-13,8.44673163881684,8.57967046273321,8.416053728549377,8.521722793579102,14931800,0.0,0.0
2013-08-14,8.511498775062137,8.548994817160269,8.470594580680343,8.514907836914062,7805500,0.0,0.0
2013-08-15,8.378559062047822,8.443323954087944,8.249029277967578,8.399011611938477,6494100,0.0,0.0
2013-08-16,8.361518164341659,8.528544038448954,8.32061396145502,8.460370063781738,7761300,0.0,0.0
2013-08-19,8.416055554246963,8.501272091205745,8.34788159702536,8.351289749145508,8156400,0.0,0.0
2013-08-20,8.358107813381599,8.508090170702365,8.279708482254293,8.467185974121094,5629200,0.0,0.0
2013-08-21,8.463777973804515,8.497864956496395,8.388786793796042,8.426281929016113,4547500,0.0,0.0
2013-08-22,8.439916019817124,8.555811380004654,8.422872530991418,8.508089065551758,2949900,0.0,0.0
2013-08-23,8.50127024702211,8.545583491516908,8.375148635435396,8.521722793579102,6131800,0.0,0.0
2013-08-26,8.55581197901944,8.559220131282279,8.436507548886675,8.439916610717773,6372100,0.0,0.0
2013-08-27,8.371743620159386,8.375151772816917,8.146770071596178,8.174039840698242,9078900,0.0,0.0
2013-08-28,8.167221716246454,8.218352192224687,8.12631751737754,8.174039840698242,8457200,0.0,0.0
2013-08-29,8.16381276723699,8.283116289980189,8.133133938901647,8.208125114440918,5322600,0.0,0.0
2013-08-30,8.231986852737474,8.262664771967321,8.143360337856139,8.177447319030762,4984900,0.0,0.0
2013-09-03,8.30356600192291,8.30356600192291,8.208122306807121,8.293339729309082,5048400,0.0,0.0
2013-09-04,8.269336078259297,8.358512409510544,8.245327347602737,8.30020523071289,10902400,0.05361,0.0
2013-09-05,8.33793062527412,8.409956796949949,8.272763958251595,8.289913177490234,8031900,0.0,0.0
2013-09-06,8.355080529386523,8.355080529386523,8.193878038371546,8.28305435180664,6803800,0.0,0.0
2013-09-09,8.313921611997447,8.46826457977295,8.286482679128545,8.46826457977295,7552300,0.0,0.0
2013-09-10,8.499132835125522,8.54029077695853,8.447685179031579,8.492273330688477,5358400,0.0,0.0
2013-09-11,8.492272984930453,8.557439647245266,8.464834053088698,8.554009437561035,9768600,0.0,0.0
2013-09-12,8.550580546847408,8.564299555810752,8.509422604746636,8.540290832519531,5187700,0.0,0.0
2013-09-13,8.540290895807672,8.547150400340177,8.468264725400253,8.495702743530273,4329300,0.0,0.0
2013-09-16,8.567729737865772,8.574589242325194,8.48198364409616,8.516282081604004,5533000,0.0,0.0
2013-09-17,8.495703109349025,8.567730198068622,8.481984099693285,8.550580978393555,5366200,0.0,0.0
2013-09-18,8.547151052712247,8.704923329845005,8.516282822354546,8.674055099487305,8621400,0.0,0.0
2013-09-19,8.711781196047376,8.742650335808811,8.643185243180127,8.680912971496582,12643800,0.0,0.0
2013-09-20,8.6637651493059,8.694634294037137,8.591738975354598,8.59859848022461,11159500,0.0,0.0
2013-09-23,8.54715206699784,8.54715206699784,8.44082743798431,8.512853622436523,5770000,0.0,0.0
2013-09-24,8.530001301674313,8.622606902195706,8.47855364413901,8.567729949951172,7773400,0.0,0.0
2013-09-25,8.481984422351509,8.636326490087567,8.481984422351509,8.60545825958252,6280100,0.0,0.0
2013-09-26,8.608886230133098,8.711780610118923,8.529999654107073,8.643184661865234,5973400,0.0,0.0
2013-09-27,8.591739951785906,8.643187616974082,8.554011297896885,8.622608184814453,4086700,0.0,0.0
2013-09-30,8.554009841482875,8.612317002393198,8.488843176090882,8.540290832519531,9146300,0.0,0.0
2013-10-01,8.564300237064266,8.571159742091584,8.444255695848389,8.533432006835938,8804700,0.0,0.0
2013-10-02,8.4511160905482,8.516282760926998,8.437396165324216,8.50942325592041,6935400,0.0,0.0
2013-10-03,8.481985162960552,8.533432828435025,8.385949337699355,8.437397003173828,8029900,0.0,0.0
2013-10-04,8.451116706119407,8.62603821497715,8.413388053018842,8.595169067382812,6803300,0.0,0.0
2013-10-07,8.540289906742652,8.557439123693209,8.444254108777413,8.47169303894043,4525400,0.0,0.0
2013-10-08,8.457974776798947,8.505992222407645,8.310491314985484,8.327640533447266,7689700,0.0,0.0
2013-10-09,8.365369559098095,8.368798853819367,8.207597291229067,8.289913177490234,9287600,0.0,0.0
2013-10-10,8.37222916058973,8.519711715579296,8.341360931687444,8.478553771972656,9055400,0.0,0.0
2013-10-11,8.481984422351509,8.626037690059764,8.457975696935268,8.60545825958252,5876300,0.0,0.0
2013-10-14,8.536860216267367,8.674053960212516,8.533430921795155,8.646615028381348,8724400,0.0,0.0
2013-10-15,8.632895469665527,8.698062127800378,8.574588315248453,8.632895469665527,7831600,0.0,0.0
2013-10-16,8.728931573223148,8.855835612991848,8.663764905972153,8.824967384338379,10821200,0.0,0.0
2013-10-17,8.807818843241066,8.896994241334678,8.684345003908948,8.818108558654785,8801900,0.0,0.0
2013-10-18,8.869554489877979,8.872983784206202,8.77694889964546,8.845545768737793,5134600,0.0,0.0
2013-10-21,8.862695354053196,8.917573223357238,8.82153740968056,8.900424003601074,5571600,0.0,0.0
2013-10-22,8.914142701384549,9.013608721616109,8.886704682903469,8.96216106414795,7661700,0.0,0.0
2013-10-23,8.910714538293577,8.941582770610273,8.78723977860505,8.804388999938965,9586500,0.0,0.0
2013-10-24,8.783809961655727,8.848976632768974,8.78037975150837,8.814678192138672,7337100,0.0,0.0
2013-10-25,8.818107879661026,8.838686393693084,8.776949936386146,8.824967384338379,5654700,0.0,0.0
2013-10-28,8.852405204127104,8.879843219383266,8.797527343193481,8.82153606414795,8734700,0.0,0.0
2013-10-29,8.842115981178127,8.903853349349701,8.794098536606182,8.879843711853027,5301000,0.0,0.0
2013-10-30,8.914143119370223,8.91757332944658,8.773520064823204,8.787239074707031,3775900,0.0,0.0
2013-10-31,8.79410078896355,8.818109517398673,8.698064960012129,8.701495170593262,7157800,0.0,0.0
2013-11-01,8.680915010576518,8.715213452671902,8.584880104878126,8.6603364944458,6500500,0.0,0.0
2013-11-04,8.68434435602353,8.68777365076504,8.598598259324255,8.639756202697754,4419100,0.0,0.0
2013-11-05,8.612317970968153,8.684345064153005,8.588309244976816,8.656906127929688,6545600,0.0,0.0
2013-11-06,8.728932080851434,8.728932080851434,8.629466969218548,8.698063850402832,4955800,0.0,0.0
2013-11-07,8.680914315755441,8.763230204111451,8.550580978393555,8.550580978393555,7765000,0.0,0.0
2013-11-08,8.536860587635534,8.636325690238392,8.4408256948648,8.608887672424316,7342700,0.0,0.0
2013-11-11,8.588307567211936,8.742650523704302,8.57458855938577,8.708352088928223,8189400,0.0,0.0
2013-11-12,8.694634294393955,8.866125576994435,8.646615929880326,8.807818412780762,8531300,0.0,0.0
2013-11-13,8.756370289074919,8.872984611318047,8.650045681196948,8.866125106811523,7352000,0.0,0.0
2013-11-14,8.85240645169894,9.013608932495117,8.838686526926658,9.013608932495117,13541200,0.0,0.0
2013-11-15,8.982740582891939,9.051337467189962,8.965591361817433,9.01017951965332,5644100,0.0,0.0
2013-11-18,9.010178879959366,9.054767034629634,8.941582000531502,8.948441505432129,10563500,0.0,0.0
2013-11-19,8.931291709174584,8.955300432382721,8.890133767216243,8.910713195800781,9005000,0.0,0.0
2013-11-20,8.96902209609971,8.972451391388441,8.869556974141029,8.883275985717773,7467300,0.0,0.0
2013-11-21,8.941582430624303,8.979311082208705,8.797529159938945,8.958731651306152,7519300,0.0,0.0
2013-11-22,9.003318786621094,9.003318786621094,8.948440920581186,9.003318786621094,5431400,0.0,0.0
2013-11-25,9.010177916221602,9.044476352266937,8.989598488510122,9.041046142578125,5328500,0.0,0.0
2013-11-26,9.030756769549555,9.123362367324823,8.718642454094695,9.071915626525879,6028200,0.0,0.0
2013-11-27,9.085634808532388,9.12336254119873,9.068485589535666,9.12336254119873,3811400,0.0,0.0
2013-11-29,9.133652961344131,9.195390337544577,9.082205300378893,9.140512466430664,3109100,0.0,0.0
2013-12-02,9.102783972639125,9.174810142864594,9.068485534852499,9.075345039367676,5384400,0.0,0.0
2013-12-03,9.06505713549035,9.106215086012345,9.041048407286764,9.095926284790039,6393400,0.0,0.0
2013-12-04,9.06487905264947,9.168358726275677,9.02693580000049,9.158010482788086,7021800,0.05361,0.0
2013-12-05,9.147663538245927,9.17870734957672,9.013139128590346,9.020037651062012,6713500,0.0,0.0
2013-12-06,9.130416794050815,9.1476635604802,9.023486474021988,9.120068550109863,10484600,0.0,0.0
2013-12-09,9.151114443163479,9.23389857268918,9.140767117285382,9.195956230163574,9273400,0.0,0.0
2013-12-10,9.12696783449855,9.244245487841816,9.08212605395553,9.089025497436523,9206500,0.0,0.0
2013-12-11,9.123518393327673,9.130416915908175,8.895861625671385,8.895861625671387,27362200,0.0,0.0
2013-12-12,8.875166554884732,8.899311847980822,8.685452091331957,8.823426246643066,16504800,0.0,0.0
2013-12-13,8.864818720588751,8.92690727744377,8.82687637836727,8.885515213012695,7300500,0.0,0.0
2013-12-16,8.913109309022204,8.957951095662875,8.830325180160052,8.885515213012695,6975400,0.0,0.0
2013-12-17,8.892413324298621,8.895863046348106,8.7647874147192,8.823426246643066,9351700,0.0,0.0
2013-12-18,8.823426233274528,8.982095959391838,8.754439155723498,8.96829891204834,9712100,0.0,0.0
2013-12-19,8.961401194709794,8.97864796564939,8.916559406183474,8.947603225708008,9054300,0.0,0.0
2013-12-20,8.96829848059417,8.995893494370373,8.885514359682285,8.951051712036133,9750100,0.0,0.0
2013-12-23,9.044184078166184,9.044184078166184,8.933804943478098,8.951051712036133,7131200,0.0,0.0
2013-12-24,8.940703376504954,9.013140171883688,8.940703376504954,8.98554515838623,2285400,0.0,0.0
2013-12-26,9.037285463537694,9.044183986807878,8.87861574665657,8.98554515838623,4780300,0.0,0.0
2013-12-27,8.988997987419172,8.988997987419172,8.95450443872829,8.97175121307373,2780000,0.0,0.0
2013-12-30,8.96829874577925,9.002792283915268,8.92690668409938,8.992444038391113,5200000,0.0,0.0
2013-12-31,9.026938062608583,9.106273388676813,9.02348834044252,9.064881324768066,6151400,0.0,0.0
2014-01-02,9.051082434551146,9.068329202791052,8.937254500501139,8.975196838378906,6729400,0.0,0.0
2014-01-03,9.009690905340513,9.106272997253981,8.975197366829757,9.057981491088867,5234200,0.0,0.0
2014-01-06,9.075227994400445,9.116620055317032,9.009690641317244,9.016589164733887,6279500,0.0,0.0
2014-01-07,8.98209533483381,9.04073416259146,8.913108262079703,8.920007705688477,6916300,0.0,0.0
2014-01-08,8.957950416666423,9.130418105737174,8.951051893186941,9.126968383789062,11098800,0.0,0.0
2014-01-09,9.140767992951629,9.199406833684545,9.092476479088063,9.185608863830566,7521800,0.0,0.0
2014-01-10,9.209752348595183,9.264942376319006,9.185607056622283,9.251144409179688,8305300,0.0,0.0
2014-01-13,9.227000047807232,9.30633537550542,9.192506507105136,9.295987129211426,9348900,0.0,0.0
2014-01-14,9.309784752920473,9.368424512073005,9.295987703953333,9.333930969238281,12225500,0.0,0.0
2014-01-15,9.333929443961823,9.396017074584961,9.323581198719058,9.396017074584961,11162600,0.0,0.0
2014-01-16,9.392568364264427,9.430510703300472,9.309783321935656,9.361523628234863,10198100,0.0,0.0
2014-01-17,8.88206551226793,8.90966052876094,8.42330308020784,8.440549850463867,51661700,0.0,0.0
2014-01-21,8.46124553844507,8.46124553844507,8.285329031673507,8.361214637756348,21253000,0.0,0.0
2014-01-22,8.481941482247045,8.512985298957318,8.34051760519632,8.42330265045166,12559100,0.0,0.0
2014-01-23,8.288778973903133,8.395708401543068,7.854160898213053,8.047324180603027,55931100,0.0,0.0
2014-01-24,7.985235551620962,8.057672357147469,7.926596714984516,7.936944961547852,22538700,0.0,0.0
2014-01-27,7.971436990684208,8.064569351250041,7.916247886845814,7.926595211029053,16070300,0.0,0.0
2014-01-28,7.964540515693495,8.03007788098354,7.878306655881907,7.892104625701904,16635500,0.0,0.0
2014-01-29,7.91969844935164,8.074919391619613,7.9093502024504,7.978337287902832,24906100,0.0,0.0
2014-01-30,8.040425808682496,8.07146962881409,7.9438437054487325,7.967989921569824,11864300,0.0,0.0
2014-01-31,7.885203930454281,7.961089530974109,7.809318329934453,7.850710391998291,13059900,0.0,0.0
2014-02-03,7.836912921445535,7.854159689741889,7.626502900480046,7.660996437072754,23826000,0.0,0.0
2014-02-04,7.650648466075646,7.750679357611153,7.519573298452954,7.557516098022461,15403500,0.0,0.0
2014-02-05,7.547168044530753,7.6403004092734985,7.491978478008818,7.588560104370117,13980700,0.0,0.0
2014-02-06,7.57131357528501,7.7817240631650195,7.53682003759293,7.774824619293213,11770300,0.0,0.0
2014-02-07,7.788621652200544,7.9058992981168394,7.781723129573108,7.847260475158691,10278100,0.0,0.0
2014-02-10,7.857609388698142,7.895551726589663,7.785172593897602,7.878304958343506,7748700,0.0,0.0
2014-02-11,7.650648603948919,8.126658698224936,7.271220601416137,8.06801986694336,16602200,0.0,0.0
2014-02-12,8.08871296919145,8.264629409348732,8.07491592618885,8.130105018615723,10980400,0.0,0.0
2014-02-13,8.09906195778555,8.230136639635052,8.040423138997632,8.143903732299805,10344200,0.0,0.0
2014-02-14,8.133558628520582,8.1577039255281,8.047324767481646,8.140457153320312,7346100,0.0,0.0
2014-02-18,8.150802634660756,8.28532704406234,8.064568802886251,8.250833511352539,12251800,0.0,0.0
2014-02-19,8.278429980316407,8.354315581566182,8.123209055771373,8.178399085998535,17616400,0.0,0.0
2014-02-20,8.157702874715236,8.216341708584924,8.04387492913982,8.074918746948242,14037200,0.0,0.0
2014-02-21,8.068018959850754,8.247384235124272,8.030075703655081,8.223238945007324,13361000,0.0,0.0
2014-02-24,8.212892863228577,8.340518790668357,8.202545536465623,8.264633178710938,10206500,0.0,0.0
2014-02-25,8.271529613289172,8.271529613289172,8.09906195778555,8.143903732299805,15288500,0.0,0.0
2014-02-26,8.174949307457902,8.243936384556719,8.099063706732554,8.123208999633789,8705100,0.0,0.0
2014-02-27,8.09216507454732,8.21289153743391,7.964539167709997,8.202544212341309,7652500,0.0,0.0
2014-02-28,8.19564476612477,8.37156123831169,8.085265640757491,8.257732391357422,8463900,0.0,0.0
2014-03-03,8.199094661705798,8.319822047532027,8.133557306138266,8.278429985046387,7054000,0.0,0.0
2014-03-04,8.343965953152574,8.48194008543977,8.333617709147711,8.406054496765137,9630900,0.0,0.0
2014-03-05,8.402585051353409,8.492824055192502,8.340112892206363,8.4268798828125,7548700,0.05361,0.0
2014-03-06,8.465057327221762,8.596943807136974,8.388701753029515,8.548354148864746,14906000,0.0,0.0
2014-03-07,8.57612149011305,8.71147907930823,8.47199998269607,8.614298820495605,11639400,0.0,0.0
2014-03-10,8.62471091719237,8.662888246515806,8.555296580840091,8.635123252868652,6695800,0.0,0.0
2014-03-11,8.659418106079102,8.676771690208676,8.60041610526199,8.659418106079102,8700100,0.0,0.0
2014-03-12,8.614298820495605,8.669830661564884,8.57265040275226,8.614298820495605,6057300,0.0,0.0
2014-03-13,8.624711357808378,8.676772112732248,8.524060935402462,8.54488468170166,8605800,0.0,0.0
2014-03-14,8.555297099655988,8.596945518769585,8.385232335726604,8.485882759094238,10974800,0.0,0.0
2014-03-17,8.555296580840091,8.714948998780015,8.53794299675202,8.635123252868652,12292100,0.0,0.0
2014-03-18,8.628181215817449,8.704536793602408,8.610827633315544,8.673299789428711,16128200,0.0,0.0
2014-03-19,8.680241346958622,8.742714431418241,8.642064019762351,8.701066017150879,15439600,0.0,0.0
2014-03-20,8.676770407531112,8.895424794346546,8.638592157643018,8.846835136413574,13386700,0.0,0.0
2014-03-21,8.954428105199991,8.992606360710768,8.829482855206653,8.923192024230957,21344500,0.0,0.0
2014-03-24,8.937074903357122,8.937074903357122,8.732302972429585,8.760068893432617,11545900,0.0,0.0
2014-03-25,8.812128763902898,8.812128763902898,8.687183521100806,8.701066017150879,7239800,0.0,0.0
2014-03-26,8.756596328417844,8.777420997185455,8.638592341713599,8.64553451538086,6170400,0.0,0.0
2014-03-27,8.642064389534621,8.701066389447696,8.461587302575785,8.537942886352539,11420500,0.0,0.0
2014-03-28,8.531001638030505,8.638593302315009,8.482411973659076,8.537942886352539,6971200,0.0,0.0
2014-03-31,8.492824813972089,8.621240230855072,8.47894139038567,8.496294975280762,16205100,0.0,0.0
2014-04-01,8.503236143694672,8.590004067350526,8.447705228225264,8.555296897888184,19589900,0.0,0.0
2014-04-02,8.576120658908359,8.64553499045865,8.496293992402096,8.603885650634766,18263600,0.0,0.0
2014-04-03,8.593474993817638,8.638593572379982,8.50323598445852,8.517119407653809,17968700,0.0,0.0
2014-04-04,8.569180160872405,8.70106666146574,8.506707071786646,8.517119407653809,9996100,0.0,0.0
2014-04-07,8.510176015868055,8.624709841791725,8.347053457120316,8.406055450439453,12348100,0.0,0.0
2014-04-08,8.392171415537518,8.513646480124407,8.315815845877735,8.458115577697754,10017100,0.0,0.0
2014-04-09,8.506706472207242,8.593474388122559,8.41299730824213,8.593474388122559,6309400,0.0,0.0
2014-04-10,8.590002607796032,8.78436216809056,8.590002607796032,8.596943855285645,15270900,0.0,0.0
2014-04-11,8.54835531186797,8.718420065075138,8.489353311333883,8.610828399658203,14708200,0.0,0.0
2014-04-14,8.718419555807227,8.718419555807227,8.506706398479075,8.65247631072998,11219100,0.0,0.0
2014-04-15,8.496293102490277,8.68024032093799,8.475469360876575,8.628180503845215,14144400,0.0,0.0
2014-04-16,8.711477171452964,8.871129558857358,8.659416429146027,8.853775978088379,16379400,0.0,0.0
2014-04-17,8.610827857860908,9.232083904948581,8.583061939910383,8.999547004699707,30054400,0.0,0.0
2014-04-21,9.037723900298342,9.121021650175404,8.933603333656931,8.982192993164062,17552400,0.0,0.0
2014-04-22,9.00995751974523,9.030781259414015,8.950955534841578,8.964838027954102,11950800,0.0,0.0
2014-04-23,8.944015383869742,9.023842052603117,8.937074135744483,8.954427719116211,12286200,0.0,0.0
2014-04-24,8.971780706999548,8.989134289219457,8.81906955391119,8.898896217346191,11472900,0.0,0.0
2014-04-25,8.836423321851878,8.975251982529,8.815598652303462,8.961368560791016,14619200,0.0,0.0
2014-04-28,8.94748565997754,9.058548398266266,8.905837248883902,8.96830940246582,17005900,0.0,0.0
2014-04-29,9.051606982565497,9.05507714319052,8.878071167802565,8.930131912231445,15393700,0.0,0.0
2014-04-30,8.940543840490765,9.003015990075891,8.86071718410008,8.93707275390625,95491200,0.0,0.0
2014-05-01,9.1769354880727,9.20606835788145,8.7205162058552,8.759361267089844,30871900,0.0,2.798
2014-05-02,8.701093648785797,8.769070646270041,8.613694122810548,8.720515251159668,17782400,0.0,0.0
2014-05-05,8.603982972197937,8.701093763701229,8.351496581300236,8.536005973815918,18121400,0.0,0.0
2014-05-06,8.448606378670718,8.759360353309235,8.351496514066355,8.642827033996582,20417500,0.0,0.0
2014-05-07,8.477738346005795,8.623404516633784,8.448605482327013,8.56513786315918,16503600,0.0,0.0
2014-05-08,8.5165843485441,8.64282708059876,8.5165843485441,8.574850082397461,8573800,0.0,0.0
2014-05-09,8.516583399066889,8.584560389689727,8.477738346005795,8.56513786315918,8214500,0.0,0.0
2014-05-12,8.623406279025227,8.846759823071725,8.58456214414248,8.827338218688965,9890100,0.0,0.0
2014-05-13,8.769069694443026,8.83704761066583,8.710803967528657,8.749648094177246,10576500,0.0,0.0
2014-05-14,8.778781955783254,8.80791482255285,8.642827033996582,8.642827033996582,11166200,0.0,0.0
2014-05-15,8.652537387255391,8.652537387255391,8.545716269602783,8.594271659851074,9601500,0.0,0.0
2014-05-16,8.64282703778896,8.691382433171016,8.574850039924366,8.671960830688477,5736500,0.0,0.0
2014-05-19,8.633116718377902,8.662249585223627,8.574850058569314,8.603982925415039,5626300,0.0,0.0
2014-05-20,8.555427565302255,8.57484916580496,8.429183920625032,8.497160911560059,7007700,0.0,0.0
2014-05-21,8.526296520710618,8.691384345666064,8.477741114644193,8.662251472473145,9900400,0.0,0.0
2014-05-22,8.642826123982326,8.671959913801524,8.565137870031876,8.594271659851074,5078800,0.0,0.0
2014-05-23,8.603981990103236,8.66224864357784,8.536004999480399,8.56513786315918,5360100,0.0,0.0
2014-05-27,8.584560389689727,8.652537380312566,8.526293736215125,8.56513786315918,6782400,0.0,0.0
2014-05-28,8.565138862623954,8.594272655819392,8.429184865513825,8.48745059967041,8187400,0.0,0.0
2014-05-29,8.429183991174542,8.506872246069667,8.264096217993139,8.322361946105957,8864100,0.0,0.0
2014-05-30,8.31265443448406,8.429186856438653,8.29323190109961,8.36120891571045,6461600,0.0,0.0
2014-06-02,8.419474574360208,8.516585377336185,8.380630438393268,8.458318710327148,5980200,0.0,0.0
2014-06-03,8.438895114375141,8.652538298292159,8.409762247605546,8.642827033996582,8251900,0.0,0.0
2014-06-04,8.594271659851074,8.701092777503682,8.526293743056652,8.594271659851074,7481700,0.0,0.0
2014-06-05,8.613694213672082,8.662249609294642,8.448606424225659,8.574850082397461,5337500,0.0,0.0
2014-06-06,8.555430320020879,8.739939751732491,8.516586180391206,8.662251472473145,13388900,0.0,0.0
2014-06-09,8.662249588965242,8.730226587007007,8.584561326598328,8.633116722106934,3992300,0.0,0.0
2014-06-10,8.623407332843472,8.720517218858983,8.565140660340292,8.662251472473145,2925300,0.0,0.0
2014-06-11,8.652539390161847,8.652539390161847,8.43889617928505,8.458318710327148,3868700,0.0,0.0
2014-06-12,8.468030059247731,8.497162929980545,8.244675580650123,8.34178638458252,5698300,0.0,0.0
2014-06-13,8.332075147002632,8.390341814781586,8.21554273756199,8.283519744873047,2568700,0.0,0.0
2014-06-16,8.273806573611441,8.302939434471496,8.196117401123047,8.196117401123047,2329500,0.0,0.0
2014-06-17,8.205831499444981,8.273809433101386,8.157276097152485,8.264098167419434,4841800,0.0,0.0
2014-06-18,8.273807450746054,8.46802808726466,8.22525206008714,8.429183959960938,6075100,0.0,0.0
2014-06-19,8.438895443282975,8.448606707957051,8.09900951474487,8.108720779418945,8480400,0.0,0.0
2014-06-20,8.157274267592749,8.186408058104316,8.079586011796023,8.128141403198242,9593500,0.0,0.0
2014-06-23,8.137852684083258,8.166985548539989,8.050453164596005,8.079586029052734,4110800,0.0,0.0
2014-06-24,8.050453147401516,8.166985531096605,8.04074188389766,8.128141403198242,6201000,0.0,0.0
2014-06-25,8.079586054601327,8.137852709816096,8.031031589058928,8.069875717163086,3723800,0.0,0.0
2014-06-26,8.069875734783059,8.08929733581901,7.9824762148286075,8.021320343017578,3392400,0.0,0.0
2014-06-27,7.963054587659323,8.137853647324,7.963054587659323,8.108720779418945,9473900,0.0,0.0
2014-06-30,8.12814144626079,8.137852709816096,8.060164453607781,8.069875717163086,2996700,0.0,0.0
2014-07-01,8.089298250070792,8.205830647808186,8.060165382165737,8.108720779418945,3747800,0.0,0.0
2014-07-02,8.128141942892814,8.16698607337036,7.982476685131297,7.992187023162842,3730700,0.0,0.0
2014-07-03,8.011609551460175,8.040742417789055,7.982476685131297,7.992187023162842,2826200,0.0,0.0
2014-07-07,7.992187454686226,8.118431117083825,7.953343322111363,8.09900951385498,3976000,0.0,0.0
2014-07-08,8.060165311617927,8.380629634120144,7.982477047139644,8.225253105163574,9882100,0.0,0.0
2014-07-09,8.254385993793395,8.254385993793395,8.108720729055673,8.157275199890137,5490500,0.0,0.0
2014-07-10,8.196119332228006,8.205830596841766,8.040742802876524,8.157275199890137,4836400,0.0,0.0
2014-07-11,8.137854491905847,8.273809433101386,8.089299089613348,8.264098167419434,5091400,0.0,0.0
2014-07-14,8.302941368656601,8.302941368656601,8.186408971953002,8.21554183959961,4033100,0.0,0.0
2014-07-15,8.196119309448877,8.264097235439097,8.166986441805733,8.205830574035645,2935900,0.0,0.0
2014-07-16,8.244674707246219,8.254385971834143,8.176697707365078,8.21554183959961,3609800,0.0,0.0
2014-07-17,8.186408971953002,8.332074236303209,8.186408971953002,8.21554183959961,4732000,0.0,0.0
2014-07-18,8.19611931042376,8.273808501009992,8.186408971953002,8.21554183959961,3390300,0.0,0.0
2014-07-21,8.215539925774383,8.23496152430877,8.157273277937325,8.196117401123047,2625300,0.0,0.0
2014-07-22,8.186407064914329,8.254384048960105,8.157273277937325,8.196117401123047,2571300,0.0,0.0
2014-07-23,8.176696739236135,8.273807521383038,8.118430084724583,8.254384994506836,2955100,0.0,0.0
2014-07-24,8.060165177437094,8.487450624954466,8.060165177437094,8.468029022216797,9804300,0.0,0.0
2014-07-25,8.458315828450203,8.477737426757812,8.380627582985891,8.477737426757812,3481100,0.0,0.0
2014-07-28,8.468028082816508,8.477738420049551,8.390339828249873,8.409761428833008,4900100,0.0,0.0
2014-07-29,8.400050169895362,8.477738424502805,8.361206042591641,8.429183959960938,4634700,0.0,0.0
2014-07-30,8.429183881913504,8.574849126424454,8.400050092117683,8.56513786315918,3701700,0.0,0.0
2014-07-31,8.71080498071126,8.73022658323603,8.536005927402636,8.603982925415039,11322600,0.0,0.0
2014-08-01,8.594272568524042,8.720515299953394,8.516584306359608,8.671960830688477,7018700,0.0,0.0
2014-08-04,8.701093693652908,8.701093693652908,8.594272564752968,8.642827033996582,8403200,0.0,0.0
2014-08-05,8.613694193456634,8.69138245582355,8.55542845974002,8.633116722106934,3405400,0.0,0.0
2014-08-06,8.574851926777045,8.681673079229311,8.545719053584126,8.662251472473145,2929000,0.0,0.0
2014-08-07,8.681672150201678,8.681672150201678,8.584562274577914,8.61369514465332,2452200,0.0,0.0
2014-08-08,8.633115709539142,8.739936826235445,8.584560319725538,8.730225563049316,2356900,0.0,0.0
2014-08-11,8.75936033062441,8.85647019497728,8.662249540154406,8.681671142578125,4045800,0.0,0.0
2014-08-12,8.720515296126926,8.720515296126926,8.594272564752968,8.642827033996582,2844700,0.0,0.0
2014-08-13,8.652538320902671,8.691382452069352,8.555428456044545,8.603982925415039,2744800,0.0,0.0
2014-08-14,8.584561326598328,8.642827060314943,8.54571719541487,8.633116722106934,2680400,0.0,0.0
2014-08-15,8.642827056581718,8.662249585223627,8.487450531915002,8.603982925415039,2680300,0.0,0.0
2014-08-18,8.633116720866724,8.6719608520446,8.584561325365092,8.623405456542969,2291000,0.0,0.0
2014-08-19,8.613694193456634,8.642827060314943,8.54571719541487,8.633116722106934,2919000,0.0,0.0
2014-08-20,8.613694167226987,8.652538298292159,8.565138771866236,8.642827033996582,2271000,0.0,0.0
2014-08-21,8.633116699606258,8.681671168871178,8.603982906706744,8.671960830688477,1704000,0.0,0.0
2014-08-22,8.662249633529775,8.701093764913074,8.516584372371694,8.545717239379883,1838500,0.0,0.0
2014-08-25,8.574848195901135,8.623403580841343,8.487448688232147,8.555426597595215,1662700,0.0,0.0
2014-08-26,8.565138771866236,8.701093693652908,8.565138771866236,8.642827033996582,2325200,0.0,0.0
2014-08-27,8.623405432786681,8.662249563857548,8.574850037418814,8.652538299560547,2153900,0.0,0.0
2014-08-28,8.623405456542969,8.633116720866724,8.555428458510969,8.623405456542969,1749000,0.0,0.0
2014-08-29,8.642827056581718,8.642827056581718,8.574850058569314,8.603982925415039,1607400,0.0,0.0
2014-09-02,8.603981919980761,8.739936826235445,8.594271582911666,8.730225563049316,4950900,0.0,0.0
2014-09-03,8.807914779792352,8.92444717242213,8.720515253790735,8.739937782287598,8661500,0.0,0.0
2014-09-04,8.76906963842762,8.885602017628997,8.730225512027161,8.85646915435791,2554200,0.0,0.0
2014-09-05,8.827338218688965,8.837049483938959,8.710805814040718,8.827338218688965,2060100,0.0,0.0
2014-09-08,8.817626953438971,8.885603957954473,8.749649948923468,8.827338218688965,1950400,0.0,0.0
2014-09-09,8.778781955783254,8.827337351144005,8.613694167226987,8.642827033996582,3600700,0.0,0.0
2014-09-10,8.623407332843472,8.671962738909897,8.555430320020879,8.662251472473145,2277600,0.0,0.0
2014-09-11,8.63311665390625,8.76907064891576,8.594272523029657,8.739937782287598,2362600,0.0,0.0
2014-09-12,8.701094627380371,8.807915767743449,8.691383362042664,8.701094627380371,2691600,0.0,0.0
2014-09-15,8.681671166334413,8.730226561702281,8.545717170644949,8.652538299560547,4078800,0.0,0.0
2014-09-16,8.623404523553234,8.720514377932775,8.584560396578008,8.594271659851074,3286100,0.0,0.0
2014-09-17,8.574850039924366,8.691382433171016,8.487450513460093,8.671960830688477,3006300,0.0,0.0
2014-09-18,8.671960722005057,8.963291238411948,8.671960722005057,8.875892639160156,5186600,0.0,0.0
2014-09-19,8.885602995235004,8.934158390106965,8.807914733886719,8.807914733886719,9828500,0.0,0.0
2014-09-22,8.77878095763443,8.788492220825836,8.710803967528657,8.749648094177246,3166900,0.0,0.0
2014-09-23,8.73022658323603,8.83704863853225,8.594272587211224,8.603982925415039,5766500,0.0,0.0
2014-09-24,8.613693292927408,8.623404556237283,8.438894257817863,8.497160911560059,6095600,0.0,0.0
2014-09-25,8.46802810616019,8.477738443420002,8.312651596598599,8.390339851379395,3121700,0.0,0.0
2014-09-26,8.380629469638574,8.516584392865848,8.351496602560282,8.48745059967041,2019500,0.0,0.0
2014-09-29,8.448605553889655,8.477738417815202,8.370917299343496,8.400050163269043,3047400,0.0,0.0
2014-09-30,8.400051190353604,8.429184983958423,8.234963397728269,8.312652587890625,3697200,0.0,0.0
2014-10-01,8.370918369531067,8.370918369531067,8.09900944385707,8.225253105163574,6566000,0.0,0.0
2014-10-02,8.25438491969974,8.42918395553319,8.205829529066333,8.409761428833008,8134100,0.0,0.0
2014-10-03,8.458318602761505,8.623406410050869,8.409763201891003,8.61369514465332,8623500,0.0,0.0
2014-10-06,8.623405457781784,8.701093720148698,8.613694193456634,8.633116722106934,5174800,0.0,0.0
2014-10-07,8.613692332938463,8.613692332938463,8.477737440103427,8.516582489013672,4390600,0.0,0.0
2014-10-08,8.545716269602783,8.594271659851074,8.487449616081427,8.594271659851074,6567100,0.0,0.0
2014-10-09,8.565136947917598,8.633114857393585,8.468027103992805,8.516582489013672,6579100,0.0,0.0
2014-10-10,8.516583438179806,8.652537420049859,8.429183920625032,8.497160911560059,5065700,0.0,0.0
2014-10-13,8.497161843621473,8.652538369154666,8.487450579246362,8.545717239379883,5629100,0.0,0.0
2014-10-14,8.633117675448418,8.681672150201678,8.545718139104961,8.61369514465332,4355500,0.0,0.0
2014-10-15,8.516583438179806,8.613693292927408,8.448605521127735,8.497160911560059,9424400,0.0,0.0
2014-10-16,8.380630438393268,8.536006982261028,8.380630438393268,8.458318710327148,6830400,0.0,0.0
2014-10-17,8.536005975004771,8.555428503754992,8.448606447863064,8.545717239379883,2997000,0.0,0.0
2014-10-20,8.506873106811788,8.594272633941323,8.448606446686384,8.536005973815918,3479200,0.0,0.0
2014-10-21,8.61369325336851,8.642826117047292,8.555427526010945,8.56513786315918,5091400,0.0,0.0
2014-10-22,8.545717169392217,8.720515296126926,8.53600590509664,8.642827033996582,3516700,0.0,0.0
2014-10-23,8.662248572980491,8.759359352607698,8.322361770402301,8.730225563049316,11000600,0.0,0.0
2014-10-24,8.710805839826726,8.7884941098222,8.526295503999556,8.778782844543457,5448900,0.0,0.0
2014-10-27,8.778780846816172,8.97300147760739,8.73993672065793,8.963290214538574,6493600,0.0,0.0
2014-10-28,8.992423976314052,9.089533828354922,8.963290187196476,9.070112228393555,3665100,0.0,0.0
2014-10-29,9.099246954421282,9.186646487434611,9.079825350483436,9.157513618469238,4239300,0.0,0.0
2014-10-30,9.157512660136762,9.235200919992497,9.021557742330668,9.128378868103027,4205400,0.0,0.0
2014-10-31,9.167223882023578,9.283757209161566,9.157513543193078,9.274045944213867,3344400,0.0,0.0
2014-11-03,9.487688083632102,9.497398421378909,9.215778252145414,9.439132690429688,4394800,0.0,0.0
2014-11-04,9.526532212970615,9.681908730324668,9.400288561091173,9.439132690429688,4806300,0.0,0.0
2014-11-05,9.497400255554771,9.594511060714028,9.458556118714522,9.53624439239502,6367000,0.0,0.0
2014-11-06,9.555666867464154,9.662488011614924,9.50711146517116,9.633355140686035,3593000,0.0,0.0
2014-11-07,9.604220366375609,9.672197360443636,9.575086575103239,9.623641967773438,2658400,0.0,0.0
2014-11-10,9.662487006042399,9.720753667953648,9.652775741370995,9.70133113861084,2555600,0.0,0.0
2014-11-11,9.691619899737306,9.730464958526321,9.66248703176272,9.681909561157227,2111800,0.0,0.0
2014-11-12,9.64306446036203,9.740174319233619,9.61393066919518,9.730463981628418,2761800,0.0,0.0
2014-11-13,9.720752734496148,9.769308127073351,9.60422034798111,9.672197341918945,3166700,0.0,0.0
2014-11-14,9.652775813015747,9.701331210615981,9.507110546332228,9.575087547302246,5000400,0.0,0.0
2014-11-17,9.575088472946211,9.652776746170002,9.526533996769293,9.613932609558105,2861500,0.0,0.0
2014-11-18,9.643065475214915,9.643065475214915,9.507110547146059,9.584798812866211,3082400,0.0,0.0
2014-11-19,9.565377235412598,9.652775839996695,9.487688969481946,9.565377235412598,1816000,0.0,0.0
2014-11-20,9.293466572898751,9.516821012674935,9.293466572898751,9.322600364685059,4329800,0.0,0.0
2014-11-21,9.409999923659155,9.507110720640096,9.274045919226472,9.31289005279541,2824800,0.0,0.0
2014-11-24,9.342021966425495,9.409998961692676,9.206067049774031,9.322600364685059,5639200,0.0,0.0
2014-11-25,9.332311681665661,9.36144547650876,9.176935146971276,9.274045944213867,6109000,0.0,0.0
2014-11-26,9.303178763680439,9.448844032655844,9.303178763680439,9.361445426940918,2677900,0.0,0.0
2014-11-28,9.33231066076782,9.487688104582062,9.33231066076782,9.400288581848145,1385200,0.0,0.0
2014-12-01,9.390576345788519,9.604219498562895,9.390576345788519,9.429420471191406,3882600,0.0,0.0
2014-12-02,9.477977728205477,9.62364299565723,9.429422330349164,9.51682186126709,2681600,0.0,0.0
2014-12-03,9.507108660705853,9.652773898498339,9.507108660705853,9.604219436645508,3658600,0.0,0.0
2014-12-04,9.575086575103239,9.652774832928722,9.55566497370541,9.623641967773438,3972700,0.0,0.0
2014-12-05,9.633354163788132,9.70133116443456,9.565377163141706,9.681909561157227,3061900,0.0,0.0
2014-12-08,9.64306444043243,9.856706685178636,9.021557455247002,9.769308090209961,3808700,0.0,0.0
2014-12-09,9.68190946726374,9.876130128739423,9.613931541159378,9.846997261047363,3391100,0.0,0.0
2014-12-10,9.837286091844588,10.050929284598297,9.681909561157227,9.681909561157227,3308300,0.0,0.0
2014-12-11,9.720753596704723,9.87613012583965,9.701331067504276,9.817863464355469,4034900,0.0,0.0
2014-12-12,9.74988760807502,9.80815427639403,9.526534052772913,9.53624439239502,3280800,0.0,0.0
2014-12-15,9.58479697280295,9.58479697280295,9.380865082908548,9.429420471191406,3853300,0.0,0.0
2014-12-16,9.409997945431462,9.575085709922979,9.293465569222803,9.429420471191406,5590600,0.0,0.0
2014-12-17,9.808152274696777,9.808152274696777,9.283756071316215,9.623641967773438,7049700,0.0,0.0
2014-12-18,9.720753667058403,9.769309064293777,9.52653300423408,9.691619873046875,7894400,0.0,0.0
2014-12-19,9.681907686950431,9.808151325225184,9.526531186340582,9.604219436645508,9957700,0.0,0.0
2014-12-22,9.565376142129859,9.856706643013345,9.41970996557104,9.837285041809082,3020200,0.0,0.0
2014-12-23,9.895551659122603,10.03150658421526,9.846997188698303,9.944107055664062,2821600,0.0,0.0
2014-12-24,9.9441070344248,10.031506562789323,9.914974167009012,10.002373695373535,1226900,0.0,0.0
2014-12-26,10.031503701902693,10.050926225385542,9.934392936722228,9.953815460205078,1645000,0.0,0.0
2014-12-29,9.9149741418291,10.099483536483394,9.798441746344732,10.021795272827148,1731400,0.0,0.0
2014-12-30,9.973240804770562,10.089773200279941,9.914974143957293,10.041217803955078,1711600,0.0,0.0
2014-12-31,10.07034976849615,10.167460552439895,9.895550727844238,9.895550727844238,1864200,0.0,0.0
2015-01-02,9.9149741418291,10.041217801799787,9.86641874551466,10.021795272827148,2993400,0.0,0.0
2015-01-05,9.953818489860108,9.992662622531949,9.623642899090878,9.681909561157227,3212900,0.0,0.0
2015-01-06,9.711042526575156,9.75959792443147,9.477977728205477,9.51682186126709,2803100,0.0,0.0
2015-01-07,9.594511004310792,9.613932609558105,9.390579055569026,9.613932609558105,2139000,0.0,0.0
2015-01-08,9.681909537163193,9.808153199563106,9.652775743143632,9.72075366973877,2248800,0.0,0.0
2015-01-09,9.720754795058271,9.720754795058271,9.419712038159581,9.458556175231934,2942600,0.0,0.0
2015-01-12,9.44884304904068,9.584797965084228,9.312889059114227,9.400288581848145,2616100,0.0,0.0
2015-01-13,9.439131731381853,9.575085707194715,9.361443480598215,9.419709205627441,3270500,0.0,0.0
2015-01-14,9.322599355206398,9.487687119650875,9.322599355206398,9.419709205627441,2650300,0.0,0.0
2015-01-15,9.4002895341328,9.477977800851484,9.371155739525397,9.380867004394531,3067700,0.0,0.0
2015-01-16,9.371153820028574,9.45855333371432,9.371153820028574,9.429420471191406,2786200,0.0,0.0
2015-01-20,9.477977826667981,9.536243563807107,9.30317876301622,9.351734161376953,3802700,0.0,0.0
2015-01-21,9.322601242178068,9.458555245509148,9.293467447649531,9.40999984741211,2685500,0.0,0.0
2015-01-22,8.46803068373585,8.87589460854286,8.254387454999483,8.788495063781738,18330100,0.0,0.0
2015-01-23,8.61369310084829,9.138089268366231,8.584560237685356,8.943868637084961,13574200,0.0,0.0
2015-01-26,8.90502635819698,9.118669559985664,8.769071425037415,9.011847496032715,8553300,0.0,0.0
2015-01-27,8.914737700299574,9.002137234791487,8.807915635424026,8.885603904724121,3825700,0.0,0.0
2015-01-28,8.885601979722283,9.002135284543545,8.739936737871238,8.924446105957031,5344300,0.0,0.0
2015-01-29,8.89531519612752,8.963292200436104,8.749649922289919,8.846759796142578,5202700,0.0,0.0
2015-01-30,8.807915661378068,9.167224139479082,8.778782791833994,8.846759796142578,7295600,0.0,0.0
2015-02-02,8.895313232695514,9.021556874344148,8.827336243391258,8.992424011230469,4459900,0.0,0.0
2015-02-03,8.992425866846691,9.186646537877646,8.992425866846691,9.060402870178223,4893500,0.0,0.0
2015-02-04,9.050690551870954,9.312889121838673,8.92444689886247,9.283756256103516,5384300,0.0,0.0
2015-02-05,9.34202102264877,9.487687188513096,9.215777382679828,9.26433277130127,7004300,0.0,0.0
2015-02-06,9.303177895771091,9.351733289605475,9.157512640385047,9.176934242248535,2685500,0.0,0.0
2015-02-09,9.118669434294917,9.235201835632324,9.060402770567611,9.235201835632324,3533600,0.0,0.0
2015-02-10,9.274045029917303,9.332310761624878,9.11866851054096,9.176934242248535,2949900,0.0,0.0
2015-02-11,9.14780242919228,9.274046097243902,9.002137157041986,9.011847496032715,4037500,0.0,0.0
2015-02-12,8.992424013714851,9.128377992360923,8.982712750635269,9.002135276794434,3011800,0.0,0.0
2015-02-13,8.982712748153569,9.021556874344148,8.914735758849313,8.992424011230469,2169800,0.0,0.0
2015-02-17,8.953579920411416,8.992424046755449,8.905024530952119,8.914735794067383,1593300,0.0,0.0
2015-02-18,8.934157351449146,9.011845603765632,8.85646909913266,8.963290214538574,1894000,0.0,0.0
2015-02-19,8.914735773922025,8.992424026434534,8.914735773922025,8.943868637084961,2590900,0.0,0.0
2015-02-20,8.97300236946421,9.157512681642729,8.895314109426025,9.089534759521484,3492700,0.0,0.0
2015-02-23,9.050691631261278,9.099247030688685,9.002137157951086,9.031270027160645,1781100,0.0,0.0
2015-02-24,9.01184650099852,9.09924602508545,8.943869504982958,9.09924602508545,5136500,0.0,0.0
2015-02-25,9.108957249668082,9.235200903233844,9.079824383804326,9.196356773376465,4010500,0.0,0.0
2015-02-26,9.215779304504395,9.27404596822424,9.17693517073023,9.215779304504395,2612200,0.0,0.0
2015-02-27,9.186645509382842,9.264333769097602,9.157512643519084,9.196356773376465,4247100,0.0,0.0
2015-03-02,9.157514543253734,9.215780287068531,9.157514543253734,9.186647415161133,4495100,0.0,0.0
2015-03-03,9.167223882023578,9.332311681665661,9.167223882023578,9.274045944213867,2480900,0.0,0.0
2015-03-04,9.264335690992397,9.274046957000628,9.176936149152901,9.186647415161133,3237000,0.0,0.0
2015-03-05,9.186646436879105,9.244913100606409,9.167223906930936,9.235201835632324,1769800,0.0,0.0
2015-03-06,9.215778349232322,9.342022002441723,9.176934219484592,9.206067085266113,2331000,0.0,0.0
2015-03-09,9.20606811651257,9.283757310827735,9.099246979269685,9.10895824432373,3162300,0.0,0.0
2015-03-10,9.031268147690351,9.060401010837156,8.91473576898611,8.924446105957031,1722600,0.0,0.0
2015-03-11,8.905024530952119,8.914735794067383,8.778780888804754,8.914735794067383,2491300,0.0,0.0
2015-03-12,8.905026461347953,9.050691735185556,8.827338191818935,8.846759796142578,2861700,0.0,0.0
2015-03-13,8.846758868663807,8.856470132866129,8.739937740789655,8.837048530578613,1887800,0.0,0.0
2015-03-16,8.837048508564761,8.963291238411948,8.807914716030373,8.875892639160156,2654000,0.0,0.0
2015-03-17,8.846759719037506,8.982714652586967,8.798205245592971,8.973003387451172,1593800,0.0,0.0
2015-03-18,8.97300146508873,9.05068971729683,8.866180349831847,9.021556854248047,1521700,0.0,0.0
2015-03-19,8.973003361718156,9.050691630347275,8.895315093089037,9.011847496032715,1316900,0.0,0.0
2015-03-20,9.021556876836577,9.050689739958305,8.885601972073484,9.002135276794434,4839300,0.0,0.0
2015-03-23,8.98271178560091,9.167221133705594,8.973000523564632,9.04097843170166,4031400,0.0,0.0
2015-03-24,9.040981291356546,9.108958294877722,9.011847496032715,9.011847496032715,2552100,0.0,0.0
2015-03-25,9.002138292518108,9.021559899066506,8.671962646139356,8.788495063781738,6386000,0.0,0.0
2015-03-26,8.759359352607698,9.040979502186158,8.681670173235714,8.730225563049316,2488700,0.0,0.0
2015-03-27,8.71080493927002,8.837048596490412,8.603982884481999,8.71080493927002,4567800,0.0,0.0
2015-03-30,8.739937758755454,8.788493153749744,8.720515230310887,8.769070625305176,4430100,0.0,0.0
2015-03-31,8.739938555830799,9.031270026248603,8.720516025614913,9.011847496032715,5169200,0.0,0.0
2015-04-01,8.992425842026798,9.23520191167471,8.992425842026798,9.10895824432373,4381400,0.0,0.0
2015-04-02,9.089534717009736,9.225489634499251,9.02155772132353,9.16722297668457,2435200,0.0,0.0
2015-04-06,9.108958144571782,9.34202294661336,9.060402745950487,9.274045944213867,6192700,0.0,0.0
2015-04-07,9.27404403424896,9.31288815992271,9.157511657227705,9.26433277130127,4308200,0.0,0.0
2015-04-08,9.23520087716474,9.332310738475513,9.14780135370307,9.206067085266113,2277300,0.0,0.0
2015-04-09,9.186645552251726,9.196356816290665,9.021557768058214,9.118668556213379,1428100,0.0,0.0
2015-04-10,9.128378871201875,9.186645529172011,9.031269009407794,9.147801399230957,1264700,0.0,0.0
2015-04-13,9.108958168154745,9.254623438278559,9.108958168154745,9.215779304504395,1230600,0.0,0.0
2015-04-14,9.011847323048247,9.342022921442814,9.011847323048247,9.31289005279541,3033800,0.0,0.0
2015-04-15,9.351734136596278,9.487689066422632,9.342022871726426,9.390578269958496,4356700,0.0,0.0
2015-04-16,9.361443548544152,9.361443548544152,9.186644519953767,9.26433277130127,4765800,0.0,0.0
2015-04-17,9.196357700675913,9.27404596822424,8.982714501859414,9.215779304504395,4334500,0.0,0.0
2015-04-20,9.303177774686342,9.536242550717422,9.06040173479136,9.439132690429688,8179300,0.0,0.0
2015-04-21,9.477976756252765,9.565376278207998,9.429421363375738,9.545953750610352,2935400,0.0,0.0
2015-04-22,9.526533027903739,9.681909558549247,9.458555101158447,9.652775764465332,4754200,0.0,0.0
2015-04-23,10.128617376245757,10.186883111195726,9.749886394602312,9.934395790100098,9675800,0.0,0.0
2015-04-24,9.98294831931246,10.13832480270769,9.89554881587342,9.953815460205078,6046600,0.0,0.0
2015-04-27,9.953817389289567,10.031505646043437,9.885840396159198,9.924684524536133,3327600,0.0,0.0
2015-04-28,9.905262878406864,10.05092906736584,9.788730482909978,10.031506538391113,3161100,0.0,0.0
2015-04-29,9.9635304331127,10.157751109699086,9.924686297795422,10.09948444366455,6063400,0.0,0.0
2015-04-30,10.031505640142067,10.089772295731727,9.856706599490154,9.895550727844238,5212700,0.0,0.0
2015-05-01,9.934395769913818,10.012084959884517,9.827574638644489,10.002373695373535,5081000,0.0,0.0
2015-05-04,10.012084934457985,10.041217801799787,9.944107009170903,10.021795272827148,3482700,0.0,0.0
2015-05-05,9.973240802629862,10.08006193362791,9.953818273657223,10.021795272827148,4513500,0.0,0.0
2015-05-06,10.01208586039531,10.08006286585188,9.914975058785428,10.060640335083008,3203600,0.0,0.0
2015-05-07,10.021795276050714,10.08977320135966,9.97324080583781,10.050929069519043,2762900,0.0,0.0
2015-05-08,10.118905088956678,10.118905088956678,10.002372704717974,10.08977222442627,2939400,0.0,0.0
2015-05-11,10.041217736118764,10.167461395263672,10.02179520727317,10.167461395263672,3661000,0.0,0.0
2015-05-12,10.1091947555542,10.138327622765123,9.953818228939737,10.1091947555542,2713000,0.0,0.0
2015-05-13,10.11890502685021,10.196593282532522,10.060638372029947,10.186882019042969,2207200,0.0,0.0
2015-05-14,10.196593190070057,10.410236354317634,10.196593190070057,10.390813827514648,2364300,0.0,0.0
2015-05-15,10.37139420977217,10.429659949087055,10.283994674682617,10.283994674682617,1299400,0.0,0.0
2015-05-18,10.449081511844472,10.449081511844472,10.26457119349587,10.293704986572266,1729000,0.0,0.0
2015-05-19,10.235438326536617,10.332549117890316,10.196594195218564,10.293704986572266,1896300,0.0,0.0
2015-05-20,10.283994647787804,10.33255004783471,10.099484312833006,10.30341625213623,1255800,0.0,0.0
2015-05-21,10.313126678264966,10.313126678264966,10.050929021132351,10.1091947555542,3933800,0.0,0.0
2015-05-22,10.293705075496735,10.293705075496735,10.04121775668966,10.1091947555542,4697500,0.0,0.0
2015-05-26,10.109193821362364,10.109193821362364,10.031505565234315,10.07034969329834,2170900,0.0,0.0
2015-05-27,10.109194802055704,10.118906066543067,9.992662406558818,10.031506538391113,4576000,0.0,0.0
2015-05-28,10.031506537313467,10.060639404655271,9.934395744684585,10.021795272827148,2851100,0.0,0.0
2015-05-29,10.041216889717196,10.041216889717196,9.914973241213708,9.963528633117676,1627800,0.0,0.0
2015-06-01,10.03150560832008,10.050928135494047,9.934394824684391,10.012084007263184,3279900,0.0,0.0
2015-06-02,9.992662406558818,10.089773199198135,9.963529539213885,10.031506538391113,3584200,0.0,0.0
2015-06-03,10.031507465046941,10.10919573588795,10.01208586039531,10.060640335083008,2860100,0.0,0.0
2015-06-04,10.031505664179269,10.041216927820328,9.866417886749566,9.876129150390625,1717500,0.0,0.0
2015-06-05,9.866417863107943,9.924684518697605,9.837284998371649,9.895550727844238,1640600,0.0,0.0
2015-06-08,9.924686459109394,9.934396798508613,9.79844278574699,9.856708526611328,1583200,0.0,0.0
2015-06-09,9.85670664110441,9.885840432080776,9.779018384068248,9.827573776245117,3479700,0.0,0.0
2015-06-10,9.856707526088696,10.031506583172927,9.856707526088696,9.934395790100098,3157200,0.0,0.0
2015-06-11,9.91497418818605,9.9829511876738,9.846997188698303,9.944107055664062,2642000,0.0,0.0
2015-06-12,9.885838480248887,9.963526721946502,9.720750735112233,9.953815460205078,1629200,0.0,0.0
2015-06-15,9.905262922625111,9.96352958369224,9.817863394082996,9.934395790100098,1497200,0.0,0.0
2015-06-16,9.720752599714908,10.02179436250878,9.720752599714908,9.963528633117676,1864600,0.0,0.0
2015-06-17,9.992662525624834,10.012085054830985,9.788730599546074,9.846997261047363,1681400,0.0,0.0
2015-06-18,9.866418864136348,9.944107128726621,9.837285996444287,9.846997261047363,1474100,0.0,0.0
2015-06-19,9.8858413933425,9.91497426103456,9.79844186414915,9.846997261047363,2351300,0.0,0.0
2015-06-22,9.924685452717775,9.963529584727512,9.808153056688566,9.944107055664062,1073700,0.0,0.0
2015-06-23,9.973240852355957,10.012084984377754,9.846997191755825,9.973240852355957,1648200,0.0,0.0
2015-06-24,9.973241916374848,10.031507657565182,9.788731574998518,9.808154106140137,1783100,0.0,0.0
2015-06-25,9.817862573053844,9.846996364209645,9.66248605802457,9.711041450500488,2354800,0.0,0.0
2015-06-26,9.730464908662064,9.79844190896014,9.604221246596232,9.740175247192383,6581800,0.0,0.0
2015-06-29,9.662486139629838,9.691619004914601,9.516820887088937,9.555665016174316,2200400,0.0,0.0
2015-06-30,9.594510077610524,9.652775813842048,9.400289413310144,9.584798812866211,5140300,0.0,0.0
2015-07-01,9.623643875240397,9.652776746170002,9.526533996769293,9.613932609558105,2136700,0.0,0.0
2015-07-02,9.604221295813547,9.70133116443456,9.58479876641904,9.681909561157227,2073500,0.0,0.0
2015-07-06,9.61393066919518,9.759596846678185,9.45855415410697,9.730463981628418,4408300,0.0,0.0
2015-07-07,9.730464020517056,9.779018487088361,9.50710958459729,9.643064498901367,3030000,0.0,0.0
2015-07-08,9.594508213151515,9.633352338463181,9.409997923333352,9.44884204864502,2190700,0.0,0.0
2015-07-09,9.487688083632102,9.62364207325835,9.39057729722727,9.439132690429688,1993000,0.0,0.0
2015-07-10,9.477975798370757,9.613929773345877,9.439131673218293,9.604219436645508,1500300,0.0,0.0
2015-07-13,9.66248700515252,9.769309064293777,9.613931607917145,9.691619873046875,1501300,0.0,0.0
2015-07-14,9.652773946330672,9.711040597406592,9.419709194260994,9.477975845336914,3163800,0.0,0.0
2015-07-15,9.47797870682675,9.652776860593695,9.322602158537341,9.458556175231934,1501700,0.0,0.0
2015-07-16,9.322601102413412,9.749886561803654,9.322601102413412,9.681909561157227,6647000,0.0,0.0
2015-07-17,9.701331137717384,9.711042402387895,9.497399210222552,9.691619873046875,3713500,0.0,0.0
2015-07-20,9.507108685633355,9.711040574747738,8.759359042958618,9.497397422790527,3190500,0.0,0.0
2015-07-21,9.458555175170066,9.58479883883667,9.390578174010042,9.565377235412598,3638900,0.0,0.0
2015-07-22,9.507110572906019,9.633354236572623,9.400289438780668,9.565377235412598,4470200,0.0,0.0
2015-07-23,9.410000105236543,9.575087907619396,8.905026359096274,9.031270027160645,11425400,0.0,0.0
2015-07-24,9.138091088414184,9.23520188645504,9.02155868643548,9.157513618469238,4501300,0.0,0.0
2015-07-27,9.108958374311152,9.157513774157076,8.856471036006129,8.90502643585205,3323700,0.0,0.0
2015-07-28,8.953581835697975,8.953581835697975,8.827338166545463,8.90502643585205,2342800,0.0,0.0
2015-07-29,8.875893592491694,9.13809127064314,8.807915662060617,8.866182327270508,2944500,0.0,0.0
2015-07-30,8.837048465110088,8.98271372259725,8.837048465110088,8.953580856323242,1901800,0.0,0.0
2015-07-31,8.99242599679425,9.031270131561769,8.856471062049321,8.866182327270508,2528800,0.0,0.0
2015-08-03,8.875892661270772,8.905025527760609,8.798204399886457,8.837048530578613,2793500,0.0,0.0
2015-08-04,8.837049510098677,8.943870649813144,8.749649974824463,8.778782844543457,2463800,0.0,0.0
2015-08-05,8.798203372953804,8.97300147760739,8.788492109884988,8.963290214538574,3131800,0.0,0.0
2015-08-06,8.943869654304782,9.040980444048703,8.79820439580603,8.807914733886719,1848900,0.0,0.0
2015-08-07,8.769070625305176,8.82733728452175,8.574849971445147,8.769070625305176,3430600,0.0,0.0
2015-08-10,8.807915636160205,8.934159305312717,8.807915636160205,8.90502643585205,1092200,0.0,0.0
2015-08-11,8.798203372953804,8.963290214538574,8.788492109884988,8.963290214538574,2717600,0.0,0.0
2015-08-12,8.85647111453893,8.885603984257925,8.652539174271507,8.778782844543457,2593100,0.0,0.0
2015-08-13,8.759360331928063,9.06040211541904,8.594272543774768,8.69138240814209,1611300,0.0,0.0
2015-08-14,8.691382433171016,8.691382433171016,8.594272568524042,8.671960830688477,2075400,0.0,0.0
2015-08-17,8.633116674745123,8.710804936685834,8.574850015231021,8.69138240814209,2362100,0.0,0.0
2015-08-18,8.6719608520446,8.749649114400356,8.60398292789546,8.623405456542969,1544700,0.0,0.0
2015-08-19,8.603982906706744,8.701093697470855,8.458317646677713,8.671960830688477,5524200,0.0,0.0
2015-08-20,8.6234035815911,8.720513425363022,8.468027090662476,8.477737426757812,2043600,0.0,0.0
2015-08-21,8.429183066354332,8.516582575051444,8.186407064914329,8.196117401123047,2043500,0.0,0.0
2015-08-24,7.759122263011868,7.963054180145263,7.555190808937035,7.963054180145264,5081100,0.0,0.0
2015-08-25,8.196119057450979,8.225252850315538,7.797966482806683,7.817389011383057,3100500,0.0,0.0
2015-08-26,7.953344286821888,8.089299230383316,7.8173902693777455,8.060166358947754,4725200,0.0,0.0
2015-08-27,8.166987362834437,8.341786440640522,7.885367140878673,8.264098167419434,3456200,0.0,0.0
2015-08-28,8.205830528204247,8.536006113372983,8.186408925256348,8.293230056762695,2351300,0.0,0.0
2015-08-31,8.225254031162438,8.312653570069237,8.176698628867852,8.234964370727539,3709900,0.0,0.0
2015-09-01,8.069876280270682,8.137853277667055,7.846521833498534,7.895077228546143,3286600,0.0,0.0
2015-09-02,7.807676814831394,8.011608709947465,7.7494106252351616,7.788255214691162,3544500,0.0,0.0
2015-09-03,7.817390006072077,7.885367012504544,7.729990468591903,7.739701271057129,2848800,0.0,0.0
2015-09-04,7.67172291806982,7.720277847990756,7.574612595169401,7.603745460510254,1846000,0.0,0.0
2015-09-08,7.700856198685569,7.768833659910875,7.632879200518834,7.729989528656006,1924300,0.0,0.0
2015-09-09,7.768833160400391,7.865943945352228,7.749411096021731,7.768833160400391,4842500,0.0,0.0
2015-09-10,7.720277298907789,7.875653804497743,7.710566498837673,7.788255214691162,2108900,0.0,0.0
2015-09-11,7.749411075996521,7.875654262602313,7.739699812303017,7.807677268981934,2378100,0.0,0.0
2015-09-14,7.827101203438295,8.06016601727775,7.788257067798386,7.856234073638916,1630000,0.0,0.0
2015-09-15,7.84652181285196,7.9533429407819165,7.84652181285196,7.94363260269165,1227900,0.0,0.0
2015-09-16,7.943632580668436,8.031032106058422,7.8368105269175095,7.982476711273193,2583600,0.0,0.0
2015-09-17,7.99218614748645,8.001897410571088,7.807676779463444,7.865943431854248,9196800,0.0,0.0
2015-09-18,7.78825515461152,7.914497869841736,7.78825515461152,7.8756537437438965,4798900,0.0,0.0
2015-09-21,7.885365014309859,8.05045278191221,7.875653751246893,7.904787540435791,2084500,0.0,0.0
2015-09-22,7.827100298265475,7.875654767612297,7.6814341118735925,7.778544902801514,1765700,0.0,0.0
2015-09-23,7.778544934471629,8.021320986662749,7.681434143148324,7.7008562088012695,924700,0.0,0.0
2015-09-24,7.603745995628167,7.642590127522013,7.380392005709268,7.506635665893555,3407600,0.0,0.0
2015-09-25,7.555190603457452,7.671722992061883,7.3803915574922545,7.4677910804748535,3564400,0.0,0.0
2015-09-28,7.438658296957448,7.6717235543057045,7.292993032055696,7.341547966003418,3976100,0.0,0.0
2015-09-29,7.380391651366154,7.390102915402653,7.20559306623618,7.283281326293945,7652000,0.0,0.0
2015-09-30,7.32212551095558,7.4775020322304275,7.176459790731131,7.186171054840088,3441100,0.0,0.0
2015-10-01,7.166749099745209,7.273570228232909,6.904550984537875,6.982239246368408,9904500,0.0,0.0
2015-10-02,6.904551120484844,7.254148305605629,6.60350886843488,6.7394633293151855,9226300,0.0,0.0
2015-10-05,6.8074401618599385,7.215303506789284,6.768595570712897,7.0307936668396,6873200,0.0,0.0
2015-10-06,7.050217126269751,7.157038261110012,6.953106330147922,7.079349994659424,6461400,0.0,0.0
2015-10-07,7.089060772398864,7.1764598346212045,7.040505377674237,7.108482837677002,5060500,0.0,0.0
2015-10-08,7.059928015747508,7.108483414411594,6.8462852803544525,6.943395614624023,5263900,0.0,0.0
2015-10-09,6.943395183212459,7.001661380153968,6.739463262387891,6.865706920623779,5121800,0.0,0.0
2015-10-12,6.885129054644801,6.904551120484844,6.681197131795055,6.7394633293151855,5084800,0.0,0.0
2015-10-13,6.564664792806089,6.817151650882472,6.564664792806089,6.632641792297363,4863600,0.0,0.0
2015-10-14,6.671485936127436,6.710330068207998,6.603508936515742,6.613219738006592,3301600,0.0,0.0
2015-10-15,6.6229314412992775,6.690908445414182,6.5452427089329985,6.681197643280029,2786400,0.0,0.0
2015-10-16,6.700619196525269,6.797729525709403,6.661775064851615,6.729752063751221,3188900,0.0,0.0
2015-10-19,6.681197177074932,6.739463374989945,6.545242252214655,6.652063846588135,4355800,0.0,0.0
2015-10-20,6.632642106039579,6.933684374900069,6.613220039114986,6.9045515060424805,7868200,0.0,0.0
2015-10-21,6.943395181985925,7.098771707135836,6.8365735894160755,6.8559956550598145,4978900,0.0,0.0
2015-10-22,6.855995690583106,7.021083480939549,6.739463296116878,6.807440757751465,8717400,0.0,0.0
2015-10-23,6.836573578127249,7.069638828525839,6.778307381292244,6.875417709350586,5914800,0.0,0.0
2015-10-26,6.85599565627091,6.953105984506758,6.78801819497653,6.865706920623779,4161300,0.0,0.0
2015-10-27,6.865706532595239,6.904550661694228,6.642352558746778,6.671485424041748,2366900,0.0,0.0
2015-10-28,6.681196619191681,6.836573133991033,6.652063291137533,6.817151069641113,3322200,0.0,0.0
2015-10-29,6.885129019551511,6.933683952374849,6.70061916348225,6.7977294921875,4612600,0.0,0.0
2015-10-30,6.768596128133704,6.923973116342186,6.710329931202487,6.8559956550598145,4300300,0.0,0.0
2015-11-02,6.846284866333009,6.9045510633711675,6.768596140556891,6.846284866333008,3001600,0.0,0.0
2015-11-03,6.8559956550598145,6.93368391763477,6.75888532684112,6.8559956550598145,4578700,0.0,0.0
2015-11-04,6.8948393289190415,6.914261393274251,6.797729007142992,6.826862335205078,4300000,0.0,0.0
2015-11-05,6.8171515579285495,6.855995689410649,6.768596162046638,6.7977294921875,2645300,0.0,0.0
2015-11-06,6.826862283685363,6.914261341094971,6.778306891634498,6.914261341094971,3354300,0.0,0.0
2015-11-09,6.885128528270707,6.923972656981126,6.778306942787783,6.826862335205078,4251200,0.0,0.0
2015-11-10,6.797729584876596,6.836573716888348,6.593797660285612,6.632641792297363,2832300,0.0,0.0
2015-11-11,6.652063475732068,6.671485540620949,6.409287433091785,6.457842826843262,3341000,0.0,0.0
2015-11-12,6.438420824998774,6.457842890077833,6.292755105376548,6.331599235534668,3545400,0.0,0.0
2015-11-13,6.331599255771278,6.399576715294529,6.244199731106891,6.28304386138916,5009700,0.0,0.0
2015-11-16,6.244199690000629,6.389865409129488,6.147089364934242,6.370443344116211,2340200,0.0,0.0
2015-11-17,6.380154608152127,6.428709539156043,6.302465885040462,6.370443344116211,5238900,0.0,0.0
2015-11-18,6.36073249041181,6.477264879525484,6.283043767944142,6.467553615570068,3088500,0.0,0.0
2015-11-19,6.496687810507979,6.652064350040814,6.457843675624769,6.622931480407715,4978000,0.0,0.0
2015-11-20,6.622930575945513,6.690907571178526,6.496686923286274,6.506397724151611,2674300,0.0,0.0
2015-11-23,6.486975692647307,6.574375216176546,6.409287433091785,6.457842826843262,3771500,0.0,0.0
2015-11-24,6.389865851962174,6.496687448467465,6.341310917593288,6.438421249389648,2656800,0.0,0.0
2015-11-25,6.457842302521369,6.564663882266485,6.360731985961499,6.545241355895996,2350300,0.0,0.0
2015-11-27,6.53553105450969,6.613219313686145,6.4966869249214625,6.516108989715576,1247600,0.0,0.0
2015-11-30,6.564664363861083,6.652063423647449,6.506397706592107,6.564664363861084,3107800,0.0,0.0
2015-12-01,6.56466391201688,6.632640902387597,6.477264395187653,6.4966864585876465,2197600,0.0,0.0
2015-12-02,6.496687485334254,6.574375751212201,6.351021755283809,6.380155086517334,2701900,0.0,0.0
2015-12-03,6.399576632176621,6.496686956621024,6.360732502398859,6.457842826843262,3569500,0.0,0.0
2015-12-04,6.4481315107425505,6.622930556387945,6.4384207099058886,6.554953098297119,3016400,0.0,0.0
2015-12-07,6.516108492457292,6.642352135514382,6.467553102648099,6.545241355895996,3231400,0.0,0.0
2015-12-08,6.486976208225175,6.613219871565885,6.341310941510529,6.3995771408081055,5301300,0.0,0.0
2015-12-09,6.360732995081076,6.72975225655287,6.3413109286878235,6.409287929534912,3879700,0.0,0.0
2015-12-10,6.399576112585447,6.584085945578459,6.389864849400202,6.545241355895996,3681500,0.0,0.0
2015-12-11,6.496687042511771,6.554953237948732,6.2636217977053645,6.292755126953125,3979800,0.0,0.0
2015-12-14,6.292756150820481,6.360733621419872,6.147090406998149,6.185934543609619,3924200,0.0,0.0
2015-12-15,6.215067289997403,6.389865888222783,6.205356025233364,6.380155086517334,4351800,0.0,0.0
2015-12-16,6.409287381278807,6.710329616152093,6.108245146405521,6.554953098297119,4274000,0.0,0.0
2015-12-17,6.554953237948732,6.574375303094386,6.283043862851018,6.292755126953125,2989700,0.0,0.0
2015-12-18,6.292755704314312,6.292755704314312,6.049979636189621,6.1276679039001465,7052700,0.0,0.0
2015-12-21,6.137378692626953,6.215066954308797,6.059689967886545,6.137378692626953,2807600,0.0,0.0
2015-12-22,6.14708994624143,6.1956453448956035,6.069401678841634,6.176223278045654,2806000,0.0,0.0
2015-12-23,6.195644320361676,6.302465438842773,6.137378129446933,6.302465438842773,2447300,0.0,0.0
2015-12-24,6.302465918632506,6.399576707275048,6.27333305248659,6.321888446807861,745000,0.0,0.0
2015-12-28,6.283043405603485,6.331598796463288,6.215066414069992,6.253910541534424,2650000,0.0,0.0
2015-12-29,6.302466345586888,6.3995771408081055,6.234489344602344,6.3995771408081055,2602800,0.0,0.0
2015-12-30,6.370443365692786,6.409287495850905,6.312177170455608,6.331599235534668,1683100,0.0,0.0
2015-12-31,6.292755105376548,6.448131626009025,6.253910975218429,6.331599235534668,2434300,0.0,0.0
2016-01-04,6.215066834502964,6.486975745147914,6.205355570450651,6.3510212898254395,4146700,0.0,0.0
2016-01-05,6.506398387518593,6.506398387518593,6.147089920754962,6.205356121063232,4048900,0.0,0.0
2016-01-06,6.108245474999086,6.137378805193399,5.914024817232254,5.923735618591309,3026100,0.0,0.0
2016-01-07,5.807202409262524,5.8751798614739235,5.583848452634792,5.651825904846191,4646900,0.0,0.0
2016-01-08,5.700381779817287,5.719803846102273,5.632404779349128,5.6615376472473145,3690700,0.0,0.0
2016-01-11,5.6712489119191005,5.72951511077406,5.622693514677341,5.6615376472473145,4171700,0.0,0.0
2016-01-12,5.7198039846236925,5.748937316286012,5.379917584875813,5.447895050048828,3433300,0.0,0.0
2016-01-13,5.768358853893395,5.894602507751763,5.447894550297966,5.477027416229248,6211600,0.0,0.0
2016-01-14,5.496448581233276,5.593559353259776,5.3022279632972324,5.311938762664795,2780800,0.0,0.0
2016-01-15,5.1954078292545525,5.3507848296481635,5.117719560587051,5.26338529586792,3096100,0.0,0.0
2016-01-19,5.321651037899126,5.438183430839014,5.098297053235057,5.224540710449219,5083200,0.0,0.0
2016-01-20,5.1274308252594105,5.311940231799577,4.942920955660638,5.253674030303955,4161700,0.0,0.0
2016-01-21,5.292517827854739,6.496687304648306,5.292517827854739,5.846047401428223,11257900,0.0,0.0
2016-01-22,5.914024361120046,6.069400875350281,5.797491512388832,5.884891033172607,7842100,0.0,0.0
2016-01-25,5.884891545041796,5.962579808914256,5.787781215201221,5.826625347137451,5144300,0.0,0.0
2016-01-26,5.85575761816467,6.147088554977282,5.85575761816467,6.098533630371094,4752800,0.0,0.0
2016-01-27,5.884890957292501,6.2441993733462455,5.884890957292501,6.049978733062744,6717700,0.0,0.0
2016-01-28,6.08882293962906,6.477264688263186,5.816913576667611,5.884891033172607,3108100,0.0,0.0
2016-01-29,5.9334467316813315,6.244199776182768,5.9334467316813315,6.215066909790039,4153600,0.0,0.0
2016-02-01,6.1568016866732265,6.273334096772488,6.069402147569463,6.166512489318848,3770300,0.0,0.0
2016-02-02,6.1082461347708,6.1082461347708,5.690671443939208,5.690671443939209,4273400,0.0,0.0
2016-02-03,5.739225900270028,5.884891628629176,5.341073310739131,5.680959701538086,5275600,0.0,0.0
2016-02-04,5.55471547737482,5.943157226008946,5.55471547737482,5.884891033172607,2835400,0.0,0.0
2016-02-05,5.8751811328914965,6.011135603676991,5.807203665969444,5.96258020401001,2176700,0.0,0.0
2016-02-08,5.894602443689173,5.894602443689173,5.535293550992749,5.612982273101807,2870900,0.0,0.0
2016-02-09,5.535293746467533,5.739225665206096,5.185696568394483,5.24396276473999,5968400,0.0,0.0
2016-02-10,5.2730950176952165,5.632403881263632,5.2730950176952165,5.535293102264404,3397300,0.0,0.0
2016-02-11,5.4284719799598955,5.603270548450354,5.263384211522984,5.564426422119141,4495800,0.0,0.0
2016-02-12,5.632403881263632,5.66153674451659,5.428471986258874,5.535293102264404,3987800,0.0,0.0
2016-02-16,5.603270927813972,5.807202836389093,5.2536733041054005,5.7683587074279785,1727700,0.0,0.0
2016-02-17,5.826625746312368,5.9722914825819,5.748937477117582,5.952869415283203,3629000,0.0,0.0
2016-02-18,5.9431572859010835,5.9431572859010835,5.671248383258012,5.758647441864014,3070000,0.0,0.0
2016-02-19,5.719803834026047,5.816914165245951,5.52558317158624,5.680959701538086,2920000,0.0,0.0
2016-02-22,5.748936583221153,5.923735161730167,5.680959126716155,5.884891033172607,4553100,0.0,0.0
2016-02-23,5.85575771331787,5.923734701482825,5.7489361365548675,5.855757713317871,2922600,0.0,0.0
2016-02-24,5.807203823504848,5.816914625866509,5.457606140371226,5.719804286956787,2990400,0.0,0.0
2016-02-25,5.700381248440498,5.778069506338518,5.515871404403428,5.758647441864014,2431700,0.0,0.0
2016-02-26,5.671248841284257,5.7974920390350295,5.409050718173297,5.778069972991943,2348800,0.0,0.0
2016-02-29,5.797491624702604,5.865469082524516,5.671248435974121,5.671248435974121,2823600,0.0,0.0
2016-03-01,5.690670390384814,5.9820013545665045,5.622692933879817,5.884891033172607,5848200,0.0,0.0
2016-03-02,5.914023834891008,6.020844947390097,5.768358134232208,6.011134147644043,5994000,0.0,0.0
2016-03-03,6.0111350455140276,6.205355700030407,5.933446783707476,6.108245372772217,3670400,0.0,0.0
2016-03-04,6.137378604359927,6.418998780435665,6.08882320997781,6.28304386138916,4580800,0.0,0.0
2016-03-07,6.234488067550313,6.312176317367009,6.011134117798063,6.098533630371094,4353500,0.0,0.0
2016-03-08,6.040268512818749,6.059690580201757,5.894603238975497,5.904314041137695,2508800,0.0,0.0
2016-03-09,6.08882293962906,6.08882293962906,5.8072027760574905,5.884891033172607,2363600,0.0,0.0
2016-03-10,5.914024829864502,5.982001828698804,5.807203236335287,5.914024829864502,3603800,0.0,0.0
2016-03-11,6.001423824453739,6.030557154370165,5.923735562088032,6.020845890045166,2009100,0.0,0.0
2016-03-14,5.982001828698804,6.011135158955344,5.8751806982281645,5.914024829864502,1888400,0.0,0.0
2016-03-15,5.884891592855784,5.884891592855784,5.690670931596616,5.748937129974365,3826200,0.0,0.0
2016-03-16,5.748937527737885,5.894603265290026,5.7003821275343,5.865469932556152,2753900,0.0,0.0
2016-03-17,5.846047277917854,6.10824539395346,5.768359015841907,6.059689998626709,2527100,0.0,0.0
2016-03-18,5.972290789897837,6.360732553877751,5.962579525845524,6.3510212898254395,9200100,0.0,0.0
2016-03-21,6.399576683969887,6.477264944154158,6.253910964595099,6.3510212898254395,2103300,0.0,0.0
2016-03-22,6.448131584161963,6.448131584161963,6.215066804725791,6.418998718261719,2128700,0.0,0.0
2016-03-23,6.370444453091814,6.370444453091814,6.088824229845184,6.147090435028076,2610100,0.0,0.0
2016-03-24,6.108244905610516,6.147089033542973,5.982001258300765,6.088822841644287,3717300,0.0,0.0
2016-03-28,6.127668352619093,6.176223755023103,5.933447669120325,6.166512489318848,2177500,0.0,0.0
2016-03-29,6.137378563956882,6.389865409129488,5.991712844828023,6.370443344116211,5308700,0.0,0.0
2016-03-30,6.428709562445729,6.438420826516827,6.321888436014994,6.341310501098633,5579000,0.0,0.0
2016-03-31,6.3121777459952995,6.389866013395096,6.14708994624143,6.176223278045654,4190100,0.0,0.0
2016-04-01,6.108245276540133,6.331599257244433,6.030557015957518,6.292755126953125,3005600,0.0,0.0
2016-04-04,6.29275564111569,6.312177707848264,6.137379107255099,6.234489440917969,2263600,0.0,0.0
2016-04-05,6.166512489318847,6.234489960072734,6.127668352619093,6.166512489318848,2295000,0.0,0.0
2016-04-06,6.19564578139306,6.3510223271392885,6.069402106444934,6.224778652191162,2048400,0.0,0.0
2016-04-07,6.17622331608202,6.263622385915741,6.108245850159258,6.11795711517334,3206400,0.0,0.0
2016-04-08,6.185933702473389,6.244199899467812,5.952868914495697,5.982001781463623,13005800,0.0,0.0
2016-04-11,6.0014233318340855,6.147089043342276,5.982001267836895,6.069400787353516,2833200,0.0,0.0
2016-04-12,6.079112943795908,6.185934079941329,6.069401678841634,6.176223278045654,3007800,0.0,0.0
2016-04-13,6.253911308016359,6.632641828741203,6.059690183831851,6.584086894989014,3785400,0.0,0.0
2016-04-14,6.574374693860894,6.671485010590154,6.506397240621153,6.5355305671691895,2641800,0.0,0.0
2016-04-15,6.564664415261382,6.613219345954307,6.389865368202904,6.457842826843262,3130900,0.0,0.0
2016-04-18,6.428709466612789,6.545241855377471,6.399576600950894,6.516108989715576,3562800,0.0,0.0
2016-04-19,6.5646648877915235,6.584086954078421,6.438421225397397,6.477265357971191,4315100,0.0,0.0
2016-04-20,6.5063986253663,6.6909084979500575,6.418999553238236,6.5937981605529785,9926600,0.0,0.0
2016-04-21,7.001662027048308,7.001662027048308,6.5646652780829005,6.622931480407715,8356800,0.0,0.0
2016-04-22,6.622930609928024,6.729751735287591,6.389865368202904,6.457842826843262,8302700,0.0,0.0
2016-04-25,6.399577035390093,6.632641828741203,6.283044175655956,6.584086894989014,7966100,0.0,0.0
2016-04-26,6.593798160847494,6.710330565729194,6.554954025886927,6.603509426116943,3687700,0.0,0.0
2016-04-27,6.574376080274396,6.671486417482418,6.467554477816265,6.622931480407715,3318500,0.0,0.0
2016-04-28,6.622931493597226,6.700619763518359,6.525820693137194,6.603509426116943,5426900,0.0,0.0
2016-04-29,6.584086416467679,6.613219281989944,6.409287371099891,6.574375152587891,3592800,0.0,0.0
2016-05-02,6.5646652780829005,6.6617756152909235,6.486976545257869,6.622931480407715,3472300,0.0,0.0
2016-05-03,6.5258203402544055,6.584087002603109,6.3801550735584165,6.389865875244141,3324000,0.0,0.0
2016-05-04,6.341310940698341,6.48697620739433,6.283044278349637,6.389865875244141,2180800,0.0,0.0
2016-05-05,6.418998749015955,6.496687009200227,6.22477763549672,6.3510212898254395,3074800,0.0,0.0
2016-05-06,6.312177096751837,6.477264879525484,6.312177096751837,6.467553615570068,3085200,0.0,0.0
2016-05-09,6.399576694840655,6.545241951404322,6.21506684506031,6.331599235534668,4577900,0.0,0.0
2016-05-10,6.331598688158447,6.593796775587611,6.331598688158447,6.4966864585876465,2097800,0.0,0.0
2016-05-11,6.467553213567253,6.525819404502446,6.2927546407616735,6.312176704406738,1575600,0.0,0.0
2016-05-12,6.341311051507794,6.418999318585487,6.13737911889955,6.205356121063232,2982500,0.0,0.0
2016-05-13,6.195645837543138,6.292756179514624,6.1082462982394805,6.147090435028076,1741500,0.0,0.0
2016-05-16,6.147089503675493,6.263621896385321,6.088823307320579,6.108245372772217,3359200,0.0,0.0
2016-05-17,6.079112060634535,6.176222380776286,6.040267469519303,6.049978733062744,7204800,0.0,0.0
2016-05-18,6.020845386233222,6.1665110975092015,5.982001258300765,6.088822841644287,7022700,0.0,0.0
2016-05-19,6.059690540285363,6.156801339619326,5.943158136754939,5.96258020401001,3203400,0.0,0.0
2016-05-20,5.972290935320552,6.137378723761224,5.933446804282578,6.059689998626709,4263500,0.0,0.0
2016-05-23,6.049978272745256,6.137377785752236,6.011134147644042,6.011134147644043,2259000,0.0,0.0
2016-05-24,6.069402133775208,6.195645809291804,6.0111359288580015,6.185934543609619,2065300,0.0,0.0
2016-05-25,6.1762227044108275,6.360732553877751,6.1762227044108275,6.3510212898254395,3175600,0.0,0.0
2016-05-26,6.351021205837809,6.622930575945513,6.331599141048584,6.506397724151611,6614200,0.0,0.0
2016-05-27,6.525819292584021,6.690907062265059,6.477264365833344,6.545241355895996,3094800,0.0,0.0
2016-05-31,6.545241772940761,6.768595746789221,6.477264778546802,6.671485424041748,5023400,0.0,0.0
2016-06-01,6.622930494197284,6.671485424041748,6.516108907645791,6.671485424041748,2644000,0.0,0.0
2016-06-02,6.632640768876902,6.855994725010111,6.622929968901636,6.788017272949219,6339600,0.0,0.0
2016-06-03,6.768596140556891,6.8851289976917815,6.603508813811392,6.846284866333008,6005700,0.0,0.0
2016-06-06,6.846284799144943,6.9919500587815255,6.817151469382487,6.962817192077637,2973400,0.0,0.0
2016-06-07,6.95310641652168,7.011372617083423,6.914262282813852,6.943395614624023,2826600,0.0,0.0
2016-06-08,6.972527982110309,7.030794178483209,6.953105916652675,6.982239246368408,3085100,0.0,0.0
2016-06-09,6.904551027960532,6.982239290279646,6.8074407000616395,6.894839763641357,2894900,0.0,0.0
2016-06-10,6.807440837420082,6.836573704848299,6.603508913188247,6.652063846588135,2847300,0.0,0.0
2016-06-13,6.603508018019032,6.6423521446966785,6.486975174927578,6.525819301605225,2717600,0.0,0.0
2016-06-14,6.486975396995078,6.516108724529886,6.069400789386367,6.0791120529174805,5254500,0.0,0.0
2016-06-15,6.079112968110369,6.244200305465934,6.049979636189621,6.1276679039001465,3300500,0.0,0.0
2016-06-16,6.088822851350706,6.108244915347896,5.991712531364756,6.069400787353516,2783500,0.0,0.0
2016-06-17,6.0694007970910935,6.108244925147794,5.991712540977693,6.049978733062744,3934500,0.0,0.0
2016-06-20,6.127666492523107,6.302465054610674,6.07911156791692,6.098533630371094,2121600,0.0,0.0
2016-06-21,6.098534674818264,6.098534674818264,5.9140248183748385,5.933446884155273,3307800,0.0,0.0
2016-06-22,5.9528689615008386,6.020845960335141,5.914024829864502,5.914024829864502,2042800,0.0,0.0
2016-06-23,6.0111359288580015,6.195645809291804,5.991713860552267,6.185934543609619,3540800,0.0,0.0
2016-06-24,5.923735223272436,6.059689674636335,5.7683587074279785,5.7683587074279785,12384600,0.0,0.0
2016-06-27,5.6712485625669835,5.729514757832712,5.399339188268357,5.418761253356934,3275300,0.0,0.0
2016-06-28,5.467317079674247,5.603271546038378,5.4478950130508,5.506161212921143,3759400,0.0,0.0
2016-06-29,5.642114998158597,5.9334464253988255,5.564426741043479,5.884891033172607,6566900,0.0,0.0
2016-06-30,5.933446366149571,6.011134622488921,5.8169135185820116,6.001423358917236,4640800,0.0,0.0
2016-07-01,5.982001267836895,6.108244915347896,5.982001267836895,6.069400787353516,2676300,0.0,0.0
2016-07-05,6.020845948637947,6.1179567405987,5.875180686813967,5.933446884155273,3319500,0.0,0.0
2016-07-06,5.894602673244605,6.088823328434473,5.884891408955827,6.059689998626709,2930100,0.0,0.0
2016-07-07,6.079113399457393,6.244200748526826,6.049980065469472,6.185934543609619,2825800,0.0,0.0
2016-07-08,6.27333297886962,6.486975692647307,6.27333297886962,6.457842826843262,3051600,0.0,0.0
2016-07-11,6.516108970489786,6.574375164700213,6.486975641855299,6.564664363861084,1743900,0.0,0.0
2016-07-12,6.632641734567088,6.768596195424874,6.6035088673411355,6.729752063751221,2422800,0.0,0.0
2016-07-13,6.797729035642069,6.8074402993896586,6.671485385274667,6.758884906768799,2411000,0.0,0.0
2016-07-14,6.9045515060424805,6.923973572967073,6.797729906427919,6.9045515060424805,2914900,0.0,0.0
2016-07-15,6.933683894800915,6.953105960380694,6.836573566902023,6.894839763641357,4477300,0.0,0.0
2016-07-18,6.894839731337615,6.962817192077636,6.875417665848833,6.962817192077637,2373000,0.0,0.0
2016-07-19,6.914261829221137,6.991950091540251,6.87541769806158,6.894839763641357,2302000,0.0,0.0
2016-07-20,6.894840142343724,7.069639205221222,6.84628520725666,7.059927940368652,2065200,0.0,0.0
2016-07-21,7.030794281080098,7.186171270067071,6.797729492187499,6.7977294921875,3767500,0.0,0.0
2016-07-22,6.817151948544281,7.069639280703766,6.807441146646624,6.943395614624023,2925200,0.0,0.0
2016-07-25,6.943395181985925,6.972528048922248,6.8365735894160755,6.8559956550598145,3462700,0.0,0.0
2016-07-26,6.836573601964029,6.914261864681575,6.807440734974236,6.846284866333008,2559700,0.0,0.0
2016-07-27,6.87541817412629,6.933684374900069,6.807441171419517,6.9045515060424805,2832700,0.0,0.0
2016-07-28,6.904551493444098,6.923973560333252,6.797729894024449,6.923973560333252,3475800,0.0,0.0
2016-07-29,6.923973049995508,7.040505442741309,6.8948397202797755,6.982239246368408,2800100,0.0,0.0
2016-08-01,6.962817680867676,7.001661814572101,6.894840215355635,6.933684349060059,3228400,0.0,0.0
2016-08-02,6.914261829221137,6.943395159120089,6.836573566902023,6.894839763641357,3062200,0.0,0.0
2016-08-03,6.875418148503423,6.943395614015465,6.826863212902193,6.933684349060059,3408900,0.0,0.0
2016-08-04,6.933683861028493,7.050216716998129,6.885128928844832,6.953105926513672,3360100,0.0,0.0
2016-08-05,7.021082866346738,7.127904450119405,6.972527474706836,7.0307936668396,1982200,0.0,0.0
2016-08-08,7.011372617083423,7.108483414411594,6.8657073472083665,6.943395614624023,1264900,0.0,0.0
2016-08-09,6.933683907423103,7.069638829787617,6.885128974914551,6.885128974914551,2512700,0.0,0.0
2016-08-10,7.108482415906138,7.108482415906138,6.8657063828048726,6.972527503967285,3311500,0.0,0.0
2016-08-11,7.001660812042458,7.069638267821179,6.953105420335011,7.011371612548828,1625600,0.0,0.0
2016-08-12,6.982239214484106,7.059927475959877,6.972527950270352,7.0502166748046875,1581000,0.0,0.0
2016-08-15,7.059927892252614,7.147327423095702,7.059927892252614,7.147327423095703,1455800,0.0,0.0
2016-08-16,7.137616170549377,7.176460303644341,7.0696391691624845,7.127905368804932,1406300,0.0,0.0
2016-08-17,7.1570377693430665,7.205593164067693,7.059927442952375,7.108482837677002,1508500,0.0,0.0
2016-08-18,7.098772025280966,7.215304424366023,7.011372494437878,7.147327423095703,1848100,0.0,0.0
2016-08-19,7.118194104001894,7.166749501899897,7.059927904359447,7.127905368804932,1459500,0.0,0.0
2016-08-22,7.079350007015197,7.147327471807401,6.991950475576448,7.059927940368652,1633500,0.0,0.0
2016-08-23,7.098771606697762,7.157037802804591,7.040505410590934,7.0502166748046875,1508800,0.0,0.0
2016-08-24,7.040505442741309,7.137615770029475,6.982239246368408,6.982239246368408,1316200,0.0,0.0
2016-08-25,6.953105916652675,7.021083377283675,6.914261785737408,6.982239246368408,2428500,0.0,0.0
2016-08-26,6.991950015639294,7.1279049362804585,6.962817149115163,7.0502166748046875,1982000,0.0,0.0
2016-08-29,7.07934997090693,7.1570382370968595,7.059927904359447,7.127905368804932,2089400,0.0,0.0
2016-08-30,7.147326901547699,7.225015161935409,7.079349442179174,7.215303897857666,2359000,0.0,0.0
2016-08-31,7.225015174260919,7.283281369651101,7.118193584516307,7.205593109130859,2182600,0.0,0.0
2016-09-01,7.205593622638231,7.254148557394376,7.10848329006735,7.147327423095703,1647100,0.0,0.0
2016-09-02,7.205593597311441,7.22501566375735,7.118194066775551,7.176460266113281,1429600,0.0,0.0
2016-09-06,7.186171121126509,7.195881922266481,7.059927464896924,7.069638729095459,1587000,0.0,0.0
2016-09-07,7.069638611135088,7.283281326293946,7.021083217069706,7.283281326293945,2128100,0.0,0.0
2016-09-08,7.263859724913667,7.341547989930083,7.215304327749115,7.302703857421875,1525800,0.0,0.0
2016-09-09,7.225015172785315,7.3027034332896905,7.176459778440801,7.1958818435668945,2484600,0.0,0.0
2016-09-12,7.1376155655632285,7.390102872338202,7.069638569938084,7.360969543457031,1902100,0.0,0.0
2016-09-13,7.2541490276741305,7.292993626279334,7.059928349941223,7.166749954223633,1776600,0.0,0.0
2016-09-14,7.16674956367818,7.195882432221237,6.95310636675565,7.021083831787109,2734000,0.0,0.0
2016-09-15,7.011371951560803,7.292992588798899,6.982239085574537,7.2735700607299805,2288200,0.0,0.0
2016-09-16,7.195882332559191,7.322125995986901,6.9822396016541814,7.176460266113281,4686200,0.0,0.0
2016-09-19,7.419235394580328,7.419235394580328,7.030793651485024,7.089060306549072,2290100,0.0,0.0
2016-09-20,7.157037299026241,7.195881427029918,7.069638242547233,7.089060306549072,1258500,0.0,0.0
2016-09-21,7.13761569164816,7.205593151532669,7.040505365426404,7.118193626403809,1669300,0.0,0.0
2016-09-22,7.176460229941546,7.273570561681628,7.108483229252783,7.234726428985596,2102000,0.0,0.0
2016-09-23,7.205593096838482,7.370680881691645,7.1958818327607394,7.215303897857666,1371300,0.0,0.0
2016-09-26,7.157037791589465,7.166749055788,7.069638729095459,7.069638729095459,1271000,0.0,0.0
2016-09-27,7.050216112212539,7.225014686584472,7.02108278495462,7.225014686584473,1559700,0.0,0.0
2016-09-28,7.2541479957196175,7.292992588798899,7.157037670667803,7.2735700607299805,850000,0.0,0.0
2016-09-29,7.283281901184791,7.351259365630276,7.07934997090693,7.127905368804932,1596700,0.0,0.0
2016-09-30,7.176459746282956,7.283281335527081,7.137615616204829,7.254148006439209,2499400,0.0,0.0
2016-10-03,7.166749464419621,7.28328186309508,7.157038199667371,7.176460266113281,1480600,0.0,0.0
2016-10-04,7.205592622765368,7.283280878041783,7.176459295507449,7.225014686584473,3440000,0.0,0.0
2016-10-05,7.273570072995453,7.3512587962264675,7.234725942909224,7.263859272003174,4960300,0.0,0.0
2016-10-06,7.254148544216986,7.273570610695881,7.147327410112357,7.15703821182251,1542300,0.0,0.0
2016-10-07,7.166749489609879,7.225015689152407,7.098772025280966,7.147327423095703,1814000,0.0,0.0
2016-10-10,7.205593622638231,7.283281888694936,7.127905356581526,7.147327423095703,1394900,0.0,0.0
2016-10-11,7.108482395963724,7.147326524106269,6.982238747971186,7.011371612548828,5062700,0.0,0.0
2016-10-12,6.991949558258056,7.108482405907233,6.972527494159616,6.991949558258057,2004600,0.0,0.0
2016-10-13,6.914261840573922,6.94339517052071,6.788018182568793,6.875417709350586,2399400,0.0,0.0
2016-10-14,6.914261301864294,7.059927014131865,6.904550501344341,6.991949558258057,2542700,0.0,0.0
2016-10-17,7.001660831685192,7.108482415906138,6.962816703433672,6.972527503967285,2972100,0.0,0.0
2016-10-18,7.021083343875505,7.059927474605941,6.875417622107087,7.040505409240723,2669000,0.0,0.0
2016-10-19,7.030794633615263,7.098772098646721,6.972528433470553,7.021083831787109,3742200,0.0,0.0
2016-10-20,7.059927054189031,7.195881503649503,6.904550540519919,6.914261341094971,4038500,0.0,0.0
2016-10-21,6.914262282207847,6.9919505496166945,6.885129413458829,6.933684349060059,2995300,0.0,0.0
2016-10-24,7.011372113025575,7.050216706999409,6.923973049995508,6.982239246368408,2456500,0.0,0.0
2016-10-25,6.953106441824662,7.030794709523033,6.8559961072016975,6.9045515060424805,1405100,0.0,0.0
2016-10-26,6.8851284372459,7.021082885934984,6.8851284372459,6.991949558258057,2152000,0.0,0.0
2016-10-27,7.05021721323193,7.05021721323193,6.914262282207847,6.933684349060059,4002400,0.0,0.0
2016-10-28,6.943394668937198,6.972527533720887,6.846284347894002,6.914261341094971,4333300,0.0,0.0
2016-10-31,6.94339519472994,6.991950127399121,6.846284866333009,6.846284866333008,4432000,0.0,0.0
2016-11-01,6.904551039297374,6.991950103020596,6.846284842462368,6.875417709350586,10531000,0.0,0.0
2016-11-02,6.817151071498203,6.885128528270707,6.729751550370488,6.826862335205078,5739700,0.0,0.0
2016-11-03,6.846284889240207,6.894839822071849,6.7685961632041485,6.807440757751465,3015300,0.0,0.0
2016-11-04,6.7977290254671345,6.885128546830445,6.768595697326517,6.77830696105957,5143600,0.0,0.0
2016-11-07,6.87541817412629,6.972528508749255,6.846285305268702,6.9045515060424805,2822200,0.0,0.0
2016-11-08,6.904551027960532,6.9725280259604725,6.8074407000616395,6.894839763641357,2365800,0.0,0.0
2016-11-09,7.399813314258218,8.29322918248943,7.399813314258218,8.147563934326172,22096400,0.0,0.0
2016-11-10,8.244674482970813,8.710804983222477,8.205830351792937,8.623405456542969,11029700,0.0,0.0
2016-11-11,8.555427456284189,8.798203479235173,8.370917160215903,8.730225563049316,6388200,0.0,0.0
2016-11-14,8.807915560241462,9.206068168535207,8.73993855671342,9.031270027160645,6107400,0.0,0.0
2016-11-15,9.02155772132353,9.176934240673202,8.827337072136443,9.16722297668457,3393600,0.0,0.0
2016-11-16,9.031268964459878,9.244912141130948,9.021557700493668,9.206067085266113,2458600,0.0,0.0
2016-11-17,9.225488553915795,9.54595281906772,9.215777291064645,9.526531219482422,4670700,0.0,0.0
2016-11-18,9.545953915146585,9.545953915146585,9.08953469602292,9.206067085266113,6604600,0.0,0.0
2016-11-21,9.27404596941146,9.332311707021564,9.157513568074053,9.235201835632324,3911400,0.0,0.0
2016-11-22,9.312889059114227,9.44884304904068,9.283756193575288,9.400288581848145,4774600,0.0,0.0
2016-11-23,9.409999800759765,9.51682186126709,9.371155667698153,9.51682186126709,1542000,0.0,0.0
2016-11-25,9.516819009404571,9.516819009404571,9.448841102329494,9.468263626098633,743300,0.0,0.0
2016-11-28,9.409999873581008,9.47797780155278,9.332311606856575,9.390578269958496,2096500,0.0,0.0
2016-11-29,9.448841102329494,9.545951868941371,9.400286645140463,9.468263626098633,3316900,0.0,0.0
2016-11-30,9.565377090754165,9.876130149777213,9.487688825998402,9.779019355773926,4736200,0.0,0.0
2016-12-01,9.876130012120834,10.206305595789322,9.788730483959508,10.041217803955078,5427900,0.0,0.0
2016-12-02,10.08977222442627,10.264570337725793,9.992661441168815,10.08977222442627,4274600,0.0,0.0
2016-12-05,10.167462296070052,10.662724785988502,10.167462296070052,10.245150566101074,10202200,0.0,0.0
2016-12-06,10.342259341439105,10.517058393490434,10.050928822843066,10.46850299835205,4986800,0.0,0.0
2016-12-07,10.546190965615507,11.109431310810692,10.487925233970271,11.041454315185547,5753000,0.0,0.0
2016-12-08,11.070587122711043,11.313363164227663,10.924921868247912,11.18712043762207,6342300,0.0,0.0
2016-12-09,11.177409296123058,11.187120560158197,10.905499459841815,10.915210723876953,4465300,0.0,0.0
2016-12-12,10.818099118915908,10.905497702799586,10.47821234138386,10.517056465148926,4826500,0.0,0.0
2016-12-13,10.575324110711822,10.633589838793215,10.381102547461714,10.439369201660156,4218800,0.0,0.0
2016-12-14,10.342258436624238,10.546190337470321,10.30341430913532,10.390813827514648,3376200,0.0,0.0
2016-12-15,10.458793536399249,10.682147076183183,10.371394003051725,10.585036277770996,3624800,0.0,0.0
2016-12-16,10.682147102072573,10.85694616919127,10.487926430894696,10.546192169189453,9931100,0.0,0.0
2016-12-19,10.497636792420655,10.633590787484605,10.361681871239572,10.478214263916016,3232000,0.0,0.0
2016-12-20,10.546191996599823,10.88607886018673,10.419948330870891,10.856945991516113,4415400,0.0,0.0
2016-12-21,10.769546534645684,10.808390668517017,10.52677046642055,10.740413665771484,2666200,0.0,0.0
2016-12-22,10.730702450099825,10.808390718199599,10.565614648858503,10.633591651916504,1510700,0.0,0.0
2016-12-23,10.62387941639546,10.730701469862483,10.555902419547083,10.701568603515625,1318200,0.0,0.0
2016-12-27,10.711279818876463,10.88607888350904,10.682146950143432,10.788968086242676,1566500,0.0,0.0
2016-12-28,10.798679453157824,10.798679453157824,10.585036252824843,10.633591651916504,1839300,0.0,0.0
2016-12-29,10.662723541259767,10.915210852444721,10.555902413966342,10.662723541259766,1987800,0.0,0.0
2016-12-30,10.71127894155316,10.856945125521703,10.653013208859443,10.701568603515625,2914400,0.0,0.0
2017-01-03,10.788967032283953,11.04145433961762,10.730701300509788,11.022032737731934,5406600,0.0,0.0
2017-01-04,11.041454253808414,11.24538616566734,11.041454253808414,11.16769790649414,5352500,0.0,0.0
2017-01-05,11.109433229996132,11.274521041705523,10.856946805720533,11.031744956970215,3960900,0.0,0.0
2017-01-06,11.128853880280406,11.167698010227818,10.934633230543344,10.954054832458496,4139400,0.0,0.0
2017-01-09,10.905499462891317,10.973477385039192,10.720990076757625,10.934633255004883,2092700,0.0,0.0
2017-01-10,10.954054815839266,11.090009733507495,10.915210685950786,11.022032737731934,3470800,0.0,0.0
2017-01-11,11.070587205504701,11.090009733507495,10.82781116217243,11.022032737731934,3297400,0.0,0.0
2017-01-12,10.934634258715887,11.060877924444819,10.672435662328754,10.856945991516113,3062700,0.0,0.0
2017-01-13,10.944346344404007,11.1385670269688,10.944346344404007,11.031744956970215,4075500,0.0,0.0
2017-01-17,10.954054026857218,11.012320680551749,10.594745619739234,10.643301010131836,3319400,0.0,0.0
2017-01-18,10.68214605055735,10.8375225722049,10.555902395189436,10.720990180969238,5116200,0.0,0.0
2017-01-19,10.682145906619912,11.225964651175726,10.400525733399162,11.022032737731934,5492200,0.0,0.0
2017-01-20,11.01232329626509,11.20654397785092,11.01232329626509,11.138566970825195,3531100,0.0,0.0
2017-01-23,11.070589093483173,11.21625529999472,10.983190480916965,11.031744956970215,3248100,0.0,0.0
2017-01-24,11.080300141235348,11.42989828909404,11.031744740019725,11.381342887878418,4443500,0.0,0.0
2017-01-25,11.459030125756755,11.527007125656663,11.284231067594517,11.4784517288208,3819500,0.0,0.0
2017-01-26,11.449317911686496,11.507584568280972,11.40076251887728,11.48816204071045,2452200,0.0,0.0
2017-01-27,11.478450797419615,11.527006190315525,11.274518888150466,11.449317932128906,2744900,0.0,0.0
2017-01-30,11.303652696416954,11.4104738200536,11.099720786843653,11.391051292419434,4416200,0.0,0.0
2017-01-31,11.381340899011501,11.614405672778187,11.225964383167044,11.536717414855957,5217500,0.0,0.0
2017-02-01,11.624117921296483,11.808627317963401,11.400763466260566,11.49787425994873,2575900,0.0,0.0
2017-02-02,11.44931788959653,11.614405669159096,11.381340895465033,11.517294883728027,3642300,0.0,0.0
2017-02-03,11.692094802856445,11.730938934715086,11.556139878292628,11.692094802856445,3162700,0.0,0.0
2017-02-06,11.614404663976982,11.789203692177887,11.556138012537678,11.662960052490234,1910000,0.0,0.0
2017-02-07,11.721225812222972,11.721225812222972,11.546427709625913,11.585271835327148,1866300,0.0,0.0
2017-02-08,11.536718274365212,11.68238353729248,11.255098086886578,11.68238353729248,5596400,0.0,0.0
2017-02-09,11.701805863769646,12.099958439923183,11.653250468261795,12.041691780090332,4404300,0.0,0.0
2017-02-10,12.08053496055158,12.216489872050671,11.973713839734692,12.07082462310791,3774600,0.0,0.0
2017-02-13,12.148512853661844,12.23591237328945,12.070824597574429,12.080534934997559,1612000,0.0,0.0
2017-02-14,12.03198142062308,12.16793541646428,11.934870629778962,12.09024715423584,2030000,0.0,0.0
2017-02-15,12.090247156744061,12.177646683298473,11.993137291996934,12.10966968536377,2293700,0.0,0.0
2017-02-16,12.109669753643033,12.177646751961017,11.847471172501418,11.99313735961914,2050200,0.0,0.0
2017-02-17,11.876604080200194,11.915449137791825,11.76007168577674,11.876604080200195,2695200,0.0,0.0
2017-02-21,11.925158584409775,11.993136503995167,11.740649205231316,11.789204597473145,3037900,0.0,0.0
2017-02-22,11.750359552175288,11.857180665879788,11.62411591264251,11.711515426635742,3268000,0.0,0.0
2017-02-23,11.760071873024145,11.760071873024145,11.420185948739924,11.575562477111816,2800100,0.0,0.0
2017-02-24,11.449318793103128,11.6532507177077,11.332786397060111,11.61440658569336,2947300,0.0,0.0
2017-02-27,11.633828987415166,11.866894721620545,11.517296583371088,11.857183456420898,2736400,0.0,0.0
2017-02-28,11.711516394938966,11.78920465244129,11.527006088783134,11.643538475036621,3432900,0.0,0.0
2017-03-01,11.973713976651606,12.148513018275361,11.7600708064578,11.789204597473145,5463100,0.0,0.0
2017-03-02,11.7794944010991,11.7794944010991,11.53671834400996,11.565851211547852,2883300,0.0,0.0
2017-03-03,11.585273718211896,11.6532507177077,11.323075132527237,11.61440658569336,2096200,0.0,0.0
2017-03-06,11.507585572243864,11.507585572243864,11.206542851456353,11.420186042785645,2804500,0.0,0.0
2017-03-07,11.38134100125832,11.527006254641844,11.293941478781369,11.342496871948242,1970600,0.0,0.0
2017-03-08,11.410474872987546,11.497874403172156,11.225965474022283,11.245387077331543,2542500,0.0,0.0
2017-03-09,11.332786632780843,11.381342030338004,11.177410101491672,11.216254234313965,1455300,0.0,0.0
2017-03-10,11.303653598689564,11.517295863016066,11.225965334185897,11.49787425994873,3427000,0.0,0.0
2017-03-13,11.46874134538543,11.62411787375732,11.19683149461746,11.575562477111816,3528500,0.0,0.0
2017-03-14,11.497874119680079,11.721227645874022,11.42018585612417,11.721227645874023,2895600,0.0,0.0
2017-03-15,11.847471239471538,11.876604106612904,11.711517242067062,11.866893768310547,3211000,0.0,0.0
2017-03-16,11.905737832571937,12.041691829207906,11.896026568207326,11.99313735961914,2861300,0.0,0.0
2017-03-17,11.973715807687,12.041692811550444,11.808628004489595,11.92516040802002,4843000,0.0,0.0
2017-03-20,11.332786239557407,11.905737873393917,11.332786239557407,11.876604080200195,2781500,0.0,0.0
2017-03-21,11.954291635118578,11.973713235142322,11.255096438040459,11.26480770111084,5685200,0.0,0.0
2017-03-22,11.196831703186035,11.264809630202866,10.983189435753651,11.196831703186035,3933600,0.0,0.0
2017-03-23,11.206543787052922,11.478452736643675,11.206543787052922,11.400764465332031,3956000,0.0,0.0
2017-03-24,11.420186063948552,11.565851329237404,11.23567574005769,11.352208137512207,2245700,0.0,0.0
2017-03-27,11.080298226325699,11.53671743708608,10.992898704465508,11.507584571838379,3009100,0.0,0.0
2017-03-28,11.449319579208016,12.070826660226986,11.43960831400837,11.857183456420898,4338800,0.0,0.0
2017-03-29,11.837760951476312,11.99313841665308,11.760072681946541,11.798916816711426,4342800,0.0,0.0
2017-03-30,11.798914857980629,12.031980553996071,11.779493256880967,11.954292297363281,5189900,0.0,0.0
2017-03-31,11.905737969720981,11.905737969720981,11.740650178089439,11.750361442565918,3610800,0.0,0.0
2017-04-03,11.750361485051771,11.789205616980986,11.46874129703568,11.633828163146973,2773200,0.0,0.0
2017-04-04,11.604695342620893,11.68238360679324,11.53671834299938,11.556139945983887,1929700,0.0,0.0
2017-04-05,11.701805337438746,11.828048989634041,11.22596452032216,11.235674858093262,2562000,0.0,0.0
2017-04-06,11.313363888916014,11.594984078070059,11.18712115422382,11.556139945983887,2395000,0.0,0.0
2017-04-07,11.420185878799966,11.798915932857726,11.400763349813847,11.68238353729248,2897000,0.0,0.0
2017-04-10,11.662961022741634,11.798915010548457,11.517294845083788,11.604694366455078,2251700,0.0,0.0
2017-04-11,11.565850181434454,11.779493351957555,11.488161924174614,11.740649223327637,2713100,0.0,0.0
2017-04-12,11.68238365661565,11.779494450303817,11.468741392289148,11.49787425994873,1965400,0.0,0.0
2017-04-13,11.468740587265726,11.556139184109723,11.206542018382436,11.225964546203613,2479800,0.0,0.0
2017-04-17,11.26480856726571,11.400762556236517,11.119142388360729,11.391051292419434,3452700,0.0,0.0
2017-04-18,11.332784718488355,11.40076170791565,11.041453308473203,11.15798568725586,4899000,0.0,0.0
2017-04-19,11.264809630202866,11.313364101635656,11.080299304736414,11.196831703186035,3495700,0.0,0.0
2017-04-20,12.527245662136464,12.818577150443252,11.9348723459359,12.333024978637695,10797600,0.0,0.0
2017-04-21,12.323311765944865,12.585510341830796,12.22620190259673,12.430133819580078,4583200,0.0,0.0
2017-04-24,12.702041776281154,12.760308430792707,12.371866228322153,12.381577491760254,3625300,0.0,0.0
2017-04-25,12.488399595436173,12.585510385236356,12.313601470359824,12.342734336853027,2452800,0.0,0.0
2017-04-26,12.468978931915167,12.498111800601738,12.197069996567064,12.391290664672852,2571500,0.0,0.0
2017-04-27,12.391289777776672,12.42042264437808,12.18735785933255,12.274757385253906,3186700,0.0,0.0
2017-04-28,12.265045202665869,12.27475646617825,12.051402035978825,12.177645683288574,3064500,0.0,0.0
2017-05-01,12.216489717780753,12.401000018636456,12.109668598312805,12.381577491760254,4155600,0.0,0.0
2017-05-02,12.410711270765201,12.624354451566036,12.284467615115487,12.478689193725586,4270800,0.0,0.0
2017-05-03,12.420424433584222,12.546668108532348,12.313603289913006,12.449557304382324,3171000,0.0,0.0
2017-05-04,12.556378591338493,12.556378591338493,12.10967058710964,12.167936325073242,4159300,0.0,0.0
2017-05-05,12.148512121053583,12.148512121053583,11.468739458223439,11.585271835327148,9187000,0.0,0.0
2017-05-08,11.624117991957789,11.701806256933711,11.031743813869914,11.361919403076172,9941300,0.0,0.0
2017-05-09,11.410474730852815,11.633828259771567,11.410474730852815,11.49787425994873,5795600,0.0,0.0
2017-05-10,11.400761656824887,11.536716561187237,11.235673889426684,11.284229278564453,3566000,0.0,0.0
2017-05-11,11.235674989060014,11.303652910952684,10.963766079840662,11.022032737731934,3335700,0.0,0.0
2017-05-12,10.983188666132445,11.01232153217414,10.779256751606365,10.866655349731445,2974500,0.0,0.0
2017-05-15,10.944345472883692,11.03174407849017,10.856945941160017,10.924922943115234,3468800,0.0,0.0
2017-05-16,10.963766229035624,10.963766229035624,10.701568580249681,10.730701446533203,2851800,0.0,0.0
2017-05-17,10.46850218379765,10.614168357878514,10.118905033014286,10.216015815734863,4819700,0.0,0.0
2017-05-18,10.196594195218564,10.371393249208369,10.157750063900513,10.293704986572266,3993700,0.0,0.0
2017-05-19,10.31312641361052,10.750123115028815,10.27428228295372,10.614169120788574,6071200,0.0,0.0
2017-05-22,10.62388041191243,10.682147076183183,10.44908227133459,10.585036277770996,3484700,0.0,0.0
2017-05-23,10.653012350861621,10.711278078862595,10.400525059878607,10.497635841369629,2204000,0.0,0.0
2017-05-24,10.47821336936558,10.60445701551662,10.313125595638613,10.371392250061035,1840600,0.0,0.0
2017-05-25,10.419946792437363,10.48792471078859,10.157749160879105,10.216015815734863,3094100,0.0,0.0
2017-05-26,10.20630539145893,10.419947649223761,10.10919460075336,10.40052604675293,3018200,0.0,0.0
2017-05-30,10.400526157712155,10.517058552131795,10.167461368872877,10.17717170715332,2576400,0.0,0.0
2017-05-31,10.177170818017498,10.177170818017498,9.924684448558839,10.08977222442627,3933200,0.0,0.0
2017-06-01,10.128617329942351,10.157750197284155,9.90526287734278,10.021795272827148,5952800,0.0,0.0
2017-06-02,10.02179539037435,10.050929184175024,9.759597728988455,9.817863464355469,8089700,0.0,0.0
2017-06-05,9.808153151527481,9.89555175480661,9.740175225265267,9.798441886901855,7044600,0.0,0.0
2017-06-06,9.720754381682907,10.177172741344522,9.652776450109094,10.060640335083008,6533200,0.0,0.0
2017-06-07,10.099483537568341,10.196594330207658,10.00237367104618,10.031506538391113,3492800,0.0,0.0
2017-06-08,10.041216661911195,10.536479981084854,9.895550489504034,10.429657936096191,7659800,0.0,0.0
2017-06-09,10.478215191389403,10.701569658377197,10.371394053510064,10.50734806060791,4190300,0.0,0.0
2017-06-12,10.478214331600578,10.643302120487881,10.27428241157021,10.361681938171387,3633100,0.0,0.0
2017-06-13,10.439370156624165,10.507347154309816,10.293704896978587,10.449081420898438,2320800,0.0,0.0
2017-06-14,10.400526048021726,10.458792707675602,10.118905866281786,10.410237312316895,2617400,0.0,0.0
2017-06-15,10.35197072049077,10.458792776203271,10.245149590895416,10.293704986572266,1598500,0.0,0.0
2017-06-16,10.254859937352785,10.274281538214833,10.099482499871103,10.186882019042969,2817700,0.0,0.0
2017-06-19,10.235438214310808,10.54619126144799,10.235438214310808,10.478214263916016,1735400,0.0,0.0
2017-06-20,10.43937017781173,10.565613835282115,10.36168191569413,10.40052604675293,1235400,0.0,0.0
2017-06-21,10.40052409385373,10.526767727619434,10.342257445147649,10.517056465148926,2819000,0.0,0.0
2017-06-22,10.507347110922966,10.720990293489153,10.419947585049655,10.536480903625488,2859900,0.0,0.0
2017-06-23,10.623880437660604,10.72099123630815,10.390815632247152,10.546192169189453,2704700,0.0,0.0
2017-06-26,10.604458635068852,10.915211703135656,10.38110417280794,10.886078834533691,2184700,0.0,0.0
2017-06-27,10.92492284515572,11.245387174524245,10.876367447287146,11.080299377441406,3576400,0.0,0.0
2017-06-28,11.138566015574474,11.303653812293707,11.060877749602739,11.11914348602295,3277600,0.0,0.0
2017-06-29,11.26480967930784,11.439607814685653,10.944345350645134,11.11914348602295,2512400,0.0,0.0
2017-06-30,11.157986642568215,11.255097429593265,11.099720911246864,11.16769790649414,2082700,0.0,0.0
2017-07-03,11.206541048805573,11.303651827275345,11.177408185711448,11.26480770111084,1323700,0.0,0.0
2017-07-05,11.274518066038517,11.391050444821174,11.148274424161384,11.15798568725586,2193300,0.0,0.0
2017-07-06,11.12885390206447,11.12885390206447,10.905499459841815,10.915210723876953,1998200,0.0,0.0
2017-07-07,10.934635078746451,11.04145622262777,10.866657145260824,11.031744956970215,1521900,0.0,0.0
2017-07-10,11.002609293818372,11.099720073514149,10.866654387467689,10.944343566894531,1891700,0.0,0.0
2017-07-11,10.934634135679357,11.070588138690606,10.876367472876545,11.060877799987793,1467200,0.0,0.0
2017-07-12,11.09972091449735,11.26480869681802,10.924921868247912,11.18712043762207,2032300,0.0,0.0
2017-07-13,11.21625325643396,11.245386121981461,11.070587076462266,11.235674858093262,1368800,0.0,0.0
2017-07-14,11.206541951231262,11.381340996106035,11.128853692646272,11.313363075256348,2950500,0.0,0.0
2017-07-17,11.313364101635656,11.361919499185626,11.119143437552955,11.196831703186035,1391800,0.0,0.0
2017-07-18,11.167699841533754,11.225966509068133,10.915212492413543,11.138566970825195,1939200,0.0,0.0
2017-07-19,11.196829702339194,11.488161109461608,11.196829702339194,11.46873950958252,3932000,0.0,0.0
2017-07-20,11.400762946515576,11.42018547481463,10.449081286672918,10.662723541259766,6968100,0.0,0.0
2017-07-21,10.662723634201237,10.701568691137934,10.371393116113044,10.536480903625488,3715600,0.0,0.0
2017-07-24,10.468503776846934,10.973478442051377,10.458793437990849,10.759835243225098,4308000,0.0,0.0
2017-07-25,10.827810242995104,11.041453402304036,10.730700389576157,10.983187675476074,3411900,0.0,0.0
2017-07-26,10.983188711430627,11.04145444375432,10.769545531970477,10.798678398132324,2235300,0.0,0.0
2017-07-27,10.808389707367343,10.876366704067935,10.672434787849038,10.730701446533203,2720500,0.0,0.0
2017-07-28,10.691857294438122,10.788967157225343,10.682146030324263,10.769545555114746,3470400,0.0,0.0
2017-07-31,10.798679377001038,10.886078909526208,10.73070237442244,10.759835243225098,1765900,0.0,0.0
2017-08-01,10.818101908133226,10.847234776939075,10.711279845649777,10.779257774353027,1652500,0.0,0.0
2017-08-02,10.730701469862483,10.886077991868563,10.66272354689698,10.701568603515625,2211300,0.0,0.0
2017-08-03,10.701568667266855,10.769545664520185,10.20630530583426,10.565613746643066,3085400,0.0,0.0
2017-08-04,10.633591651916504,10.70156958109171,10.43937098166707,10.633591651916504,5095000,0.0,0.0
2017-08-07,10.604457856595094,10.691857382102176,10.497636728818172,10.614169120788574,2123600,0.0,0.0
2017-08-08,10.614168125685325,10.69185637971547,10.497635744640107,10.672433853149414,2878700,0.0,0.0
2017-08-09,10.555901583939992,10.594745711366603,10.371392210192848,10.439369201660156,1321800,0.0,0.0
2017-08-10,10.371393387623566,10.39081499048322,10.031506539466674,10.041217803955078,2495800,0.0,0.0
2017-08-11,10.060639405736046,10.118906066543067,9.953818274726522,10.031506538391113,1513700,0.0,0.0
2017-08-14,10.148036944133352,10.216014856099111,10.109192819917336,10.196592330932617,1335400,0.0,0.0
2017-08-15,10.24514968053569,10.254860944979457,10.089773153904012,10.118906021118164,1117200,0.0,0.0
2017-08-16,10.13832857898183,10.177172714299108,10.070351573705903,10.09948444366455,1551300,0.0,0.0
2017-08-17,10.060638508827898,10.196593421179099,9.759596745494838,9.914973258972168,5443200,0.0,0.0
2017-08-18,9.895551613919501,10.05092906736584,9.817863350254912,10.031506538391113,2144100,0.0,0.0
2017-08-21,10.002373764239293,10.021795367277816,9.769308971074032,9.866418838500977,2704100,0.0,0.0
2017-08-22,9.934395768866978,10.012084958829488,9.837285902118863,9.99266242980957,1656000,0.0,0.0
2017-08-23,9.914973223627495,10.118905128368787,9.876129095396632,10.012084007263184,1196800,0.0,0.0
2017-08-24,10.06063847296396,10.099482601194822,9.982950216502235,10.012084007263184,798700,0.0,0.0
2017-08-25,10.041217827300304,10.128617355664828,9.98295116635157,10.002373695373535,999700,0.0,0.0
2017-08-28,10.041217896433503,10.050929161011346,9.856707573923133,9.866418838500977,1116500,0.0,0.0
2017-08-29,9.740174257436536,9.91497329886029,9.652774736724659,9.837285041809082,1930200,0.0,0.0
2017-08-30,9.83728601928719,9.982951284202906,9.769309019142145,9.798441886901855,1570500,0.0,0.0
2017-08-31,9.846996285584524,9.905262015196728,9.808152157137362,9.876129150390625,1968100,0.0,0.0
2017-09-01,9.895552424300822,10.274283435269172,9.895552424300822,10.225728034973145,1760500,0.0,0.0
2017-09-05,10.186883066812515,10.303415462321894,9.992662407630213,10.041217803955078,2500600,0.0,0.0
2017-09-06,10.050929068443482,10.157750199464457,9.953818275793754,10.041217803955078,1408200,0.0,0.0
2017-09-07,10.031505646043437,10.060638510796869,9.808152139405328,9.924684524536133,1507700,0.0,0.0
2017-09-08,9.914973255079815,10.07034976849615,9.866417863107943,9.895550727844238,1448400,0.0,0.0
2017-09-11,10.031506493358556,10.274282547749843,9.992662361700637,10.118906021118164,2499400,0.0,0.0
2017-09-12,10.196594064366423,10.614169165264626,10.138327405078506,10.536480903625488,3606400,0.0,0.0
2017-09-13,10.507345202678419,10.73069960891527,10.429656955148287,10.517056465148926,3361000,0.0,0.0
2017-09-14,10.517057511945396,10.60445703064519,10.283992746157317,10.313125610351562,1986700,0.0,0.0
2017-09-15,10.264571124988562,10.40052604675293,10.216016655752913,10.40052604675293,3743900,0.0,0.0
2017-09-18,10.439371057058986,10.517059325719817,10.390815657616665,10.50734806060791,1523400,0.0,0.0
2017-09-19,10.468503900718302,10.575325964454045,10.381104367158954,10.546192169189453,1928700,0.0,0.0
2017-09-20,10.536481856848582,10.585036330177859,10.45879358818108,10.52677059173584,1386300,0.0,0.0
2017-09-21,10.507348060607908,10.53648185594363,10.458793587282802,10.50734806060791,701300,0.0,0.0
2017-09-22,10.517059274552793,10.604458807900318,10.458793536399249,10.585036277770996,1748600,0.0,0.0
2017-09-25,10.585035285893941,10.75012307205468,10.497636686853363,10.701568603515625,2881400,0.0,0.0
2017-09-26,10.70156855855198,10.876366682015826,10.643301899985952,10.769545555114746,2075600,0.0,0.0
2017-09-27,10.876368356096377,11.235676848559478,10.856946750996425,11.138566970825195,3181900,0.0,0.0
2017-09-28,11.157987643584251,11.167698908381402,10.973478243024292,11.080299377441406,1649700,0.0,0.0
2017-09-29,11.070589037682208,11.235676848559478,11.031744901365041,11.138566970825195,2353900,0.0,0.0
2017-10-02,11.06087682356002,11.177409212761258,11.051165559597308,11.090009689331055,1455800,0.0,0.0
2017-10-03,11.070587122711043,11.206542039362507,11.031742993113069,11.18712043762207,1282400,0.0,0.0
2017-10-04,11.187121364569784,11.255098365469435,11.080299304736414,11.196831703186035,1601700,0.0,0.0
2017-10-05,11.167698098611812,11.1774093627048,10.701568535553797,10.798678398132324,4189600,0.0,0.0
2017-10-06,10.798679351192751,10.944345547092299,10.614169947727296,10.788968086242676,2549100,0.0,0.0
2017-10-09,10.847234826917802,10.87636769585788,10.47821509124705,10.682147026062012,2447500,0.0,0.0
2017-10-10,10.730702350603403,10.83752348672083,10.711279820699943,10.81810188293457,1532000,0.0,0.0
2017-10-11,10.827811309517319,10.856945101917962,10.701568580249681,10.730701446533203,1858200,0.0,0.0
2017-10-12,10.73069960891527,10.750121207739323,10.497634866324875,10.517056465148926,2869100,0.0,0.0
2017-10-13,10.555901472104194,10.856944151058789,10.47821321807405,10.672433853149414,3195800,0.0,0.0
2017-10-16,10.68214592282661,10.973477360490756,10.662723394794348,10.954054832458496,2178800,0.0,0.0
2017-10-17,11.099721039179975,11.099721039179975,10.924921990967027,10.934633255004883,2072800,0.0,0.0
2017-10-18,11.031744901365041,11.148277310316539,10.92492375802215,11.138566970825195,2581200,0.0,0.0
2017-10-19,10.5364819338876,10.856946276013469,10.313127465247533,10.381104469299316,8900000,0.0,0.0
2017-10-20,10.43937098166707,10.740413715141598,10.342260183483749,10.633591651916504,7593000,0.0,0.0
2017-10-23,10.594747726300442,10.730702661208335,10.283994647787804,10.30341625213623,3105700,0.0,0.0
2017-10-24,10.35197067260742,10.390814803745798,10.041217623500405,10.351970672607422,5741700,0.0,0.0
2017-10-25,10.390813943561826,10.487924726427204,10.099482521082752,10.15774917602539,2674400,0.0,0.0
2017-10-26,10.157749951253804,10.478214262603153,10.138327422751598,10.46850299835205,2723200,0.0,0.0
2017-10-27,10.449081398582976,10.497636793733516,10.283993610741419,10.48792552947998,2641900,0.0,0.0
2017-10-30,10.410236392488457,10.49763591118825,10.274281482720216,10.313125610351562,1463300,0.0,0.0
2017-10-31,10.303416279081835,10.400527079429613,10.274283409424394,10.283994674682617,1699800,0.0,0.0
2017-11-01,10.390814893314566,10.478214420658583,10.041217710055648,10.17717170715332,3183900,0.0,0.0
2017-11-02,10.177169805766122,10.293703104531145,10.089771220867814,10.196592330932617,3390100,0.0,0.0
2017-11-03,10.177171755546468,10.24514968053569,9.817863306181422,10.118906021118164,1840300,0.0,0.0
2017-11-06,10.128616352505837,10.225726209646224,10.08006096087711,10.08977222442627,2222600,0.0,0.0
2017-11-07,10.099482635216782,10.18688215555991,9.817862473065075,9.905261993408203,2064000,0.0,0.0
2017-11-08,9.866418909258215,9.93439590955629,9.7013311147196,9.740175247192383,2800100,0.0,0.0
2017-11-09,9.672197281871993,9.846996323617903,9.584797760999038,9.788729667663574,3376000,0.0,0.0
2017-11-10,9.788730599546074,9.905262996431484,9.779019334943,9.846997261047363,1503900,0.0,0.0
2017-11-13,9.740174397800597,9.798441054487212,9.536242488573082,9.555665016174316,3324500,0.0,0.0
2017-11-14,9.516822730853214,9.749887550518858,9.487689859924325,9.633355140686035,3437600,0.0,0.0
2017-11-15,9.536242309039697,9.94410611981611,9.371154532005574,9.895550727844238,3937000,0.0,0.0
2017-11-16,9.924686324169864,10.186884006728958,9.846998053328855,10.060640335083008,3651700,0.0,0.0
2017-11-17,10.070350670223409,10.148038933888,9.992662406558818,10.031506538391113,1723700,0.0,0.0
2017-11-20,10.080061777885804,10.33254909392612,9.992662251093607,10.322837829589844,2285700,0.0,0.0
2017-11-21,10.35197072049077,10.381103587450024,10.138327535182915,10.293704986572266,3043200,0.0,0.0
2017-11-22,10.313125610351562,10.410236392488457,10.196593227457523,10.313125610351562,2092600,0.0,0.0
2017-11-24,10.36168198484957,10.36168198484957,10.235438326536617,10.293704986572266,861300,0.0,0.0
2017-11-27,10.283992801704388,10.29370406519394,10.128616290339764,10.186882019042969,2254600,0.0,0.0
2017-11-28,10.1965940429248,10.585035350303656,10.109194517235276,10.575325012207031,3945100,0.0,0.0
2017-11-29,10.643302557674168,11.342497873086725,10.585035895507632,11.255098342895508,6062400,0.0,0.0
2017-11-30,11.361918510288557,11.57556168524345,11.138564997562563,11.235674858093262,4539600,0.0,0.0
2017-12-01,11.225965597459043,11.332786732127481,10.818101736190918,11.060877799987793,7196800,0.0,0.0
2017-12-04,11.371630622090734,11.54642968064364,11.216254092762448,11.459030151367188,6637700,0.0,0.0
2017-12-05,11.459029296936354,11.527006291919552,11.20654199254576,11.235674858093262,2434600,0.0,0.0
2017-12-06,11.148274424161384,11.216252339705699,11.031742045378726,11.15798568725586,2129900,0.0,0.0
2017-12-07,11.138565944679613,11.3522082116835,11.119143415251708,11.255098342895508,2018100,0.0,0.0
2017-12-08,11.342496825568197,11.391051292419434,11.187120308963223,11.391051292419434,2439700,0.0,0.0
2017-12-11,11.39105150861393,11.536717690283558,11.012321473730537,11.022032737731934,3583700,0.0,0.0
2017-12-12,11.090010521793069,11.371630715031577,11.041455124451842,11.274519920349121,4691900,0.0,0.0
2017-12-13,11.274519202736114,11.274519202736114,10.808389640610281,10.837522506713867,3134300,0.0,0.0
2017-12-14,10.84723288777576,10.992898132553023,10.526768608372151,10.672433853149414,4837200,0.0,0.0
2017-12-15,10.720990117655461,11.099721081522572,10.682145987472971,10.847233772277832,7682100,0.0,0.0
2017-12-18,10.983190480916965,11.255099436507678,10.954056683944296,11.031744956970215,3209300,0.0,0.0
2017-12-19,11.051165751051698,11.099721145589347,10.70156857739144,10.711278915405273,2880300,0.0,0.0
2017-12-20,10.711279795928641,10.915211728857345,10.614169924987522,10.856945991516113,2442900,0.0,0.0
2017-12-21,10.87636841091838,11.099722890455842,10.87636841091838,11.031744956970215,1954900,0.0,0.0
2017-12-22,11.177408163354976,11.293940541615411,11.002609132905816,11.284229278564453,2843800,0.0,0.0
2017-12-26,11.274519946206237,11.410474873850038,11.206542945442925,11.255098342895508,2035900,0.0,0.0
2017-12-27,11.235674989060014,11.245386253061412,10.992898945727744,11.022032737731934,1663000,0.0,0.0
2017-12-28,11.031743033263329,11.11914255670614,10.934633171973509,11.09972095489502,1487800,0.0,0.0
2017-12-29,11.128853883419907,11.148275485340537,10.963766099567554,10.973477363586426,1540900,0.0,0.0
2018-01-02,11.041455294248157,11.099721957177094,10.915211629666453,11.012322425842285,2629600,0.0,0.0
2018-01-03,11.012321493544794,11.109431355382165,10.934633233628054,10.973477363586426,2972800,0.0,0.0
2018-01-04,11.070586186796284,11.167696965639962,11.051164586697762,11.109430313110352,2322300,0.0,0.0
2018-01-05,11.177410997344587,11.36192041150934,11.10943306486936,11.293943405151367,3959800,0.0,0.0
2018-01-08,11.303653666494036,11.391052269997045,11.157987475088014,11.352208137512207,2943600,0.0,0.0
2018-01-09,11.459030197354659,11.585273859469828,11.25509827026357,11.361919403076172,4240600,0.0,0.0
2018-01-10,11.381339943866404,11.71151547538542,11.303651692463932,11.585271835327148,5467400,0.0,0.0
2018-01-11,11.614405628355929,11.701805149713426,11.342496726668115,11.594983100891113,5900200,0.0,0.0
2018-01-12,11.624117992890735,11.633828331425626,11.235675741862774,11.371630668640137,3929900,0.0,0.0
2018-01-16,11.420187190653964,11.497875463288295,11.099722834508029,11.138566970825195,2334000,0.0,0.0
2018-01-17,11.206541076611222,11.216252339705699,10.876365540335184,11.15798568725586,5345900,0.0,0.0
2018-01-18,10.827813092038108,11.245388257352456,10.779258615611365,10.905501365661621,8737600,0.0,0.0
2018-01-19,10.837522506713867,10.905499502994605,10.70156851415239,10.837522506713867,8566100,0.0,0.0
2018-01-22,10.82781133305772,10.82781133305772,10.643301944704783,10.701568603515625,4603600,0.0,0.0
2018-01-23,10.672435662328754,10.88607886018673,10.623880263799597,10.856945991516113,7125400,0.0,0.0
2018-01-24,10.895788098894032,11.332784752156508,10.895788098894032,11.070586204528809,7196000,0.0,0.0
2018-01-25,11.119143438377012,11.255098366303569,10.963766907099336,11.20654296875,5442400,0.0,0.0
2018-01-26,11.303651804666368,11.303651804666368,11.02203165900773,11.284229278564453,3814100,0.0,0.0
2018-01-29,11.235675741862774,11.47845180146131,11.206542874023757,11.371630668640137,4709100,0.0,0.0
2018-01-30,11.284229329132993,11.40076170791565,11.148274424161384,11.15798568725586,5218200,0.0,0.0
2018-01-31,11.157985702532189,11.352206334102524,11.070586186796284,11.109430313110352,5217900,0.0,0.0
2018-02-01,11.099720770289116,11.468740459734105,11.080298242683916,11.449317932128906,5872700,0.0,0.0
2018-02-02,11.371629815011351,11.468740602007864,11.090009644061984,11.148275375366211,5551000,0.0,0.0
2018-02-05,11.031741286053759,11.119140795654218,10.517056416994008,10.62387752532959,5634200,0.0,0.0
2018-02-06,10.36168174451248,10.769545576950273,10.031506172908824,10.730701446533203,11911900,0.0,0.0
2018-02-07,10.682146927258025,11.031744129657007,10.53648165778775,10.856945991516113,4202600,0.0,0.0
2018-02-08,10.876365884184652,11.002609530052899,10.390813827514648,10.390813827514648,7168500,0.0,0.0
2018-02-09,10.555902593886703,10.604457989344818,10.148038753825968,10.361681938171387,4737400,0.0,0.0
2018-02-12,10.429659716625295,10.662724520924616,10.225727781334088,10.633591651916504,4466600,0.0,0.0
2018-02-13,10.61416816261997,10.633589763136568,10.332548009251465,10.594745635986328,4874700,0.0,0.0
2018-02-14,10.536480793042053,10.827811308072647,10.536480793042053,10.720990180969238,6867400,0.0,0.0
2018-02-15,10.788967134039336,10.895789186827969,10.68214600736782,10.798678398132324,4339600,0.0,0.0
2018-02-16,10.759834182721434,11.01232149043817,10.507346875004698,10.954054832458496,2672300,0.0,0.0
2018-02-20,10.88607888350904,10.97347841582533,10.711279818876463,10.788968086242676,2056300,0.0,0.0
2018-02-21,10.740411770013571,10.934632405088934,10.662722589866386,10.672433853149414,2454900,0.0,0.0
2018-02-22,10.701566698620965,10.80838780695655,10.585033401742383,10.62387752532959,2423200,0.0,0.0
2018-02-23,10.701569582140854,10.720991186109098,10.439370982690507,10.653014183044434,2723000,0.0,0.0
2018-02-26,10.662723457858121,10.886077900964587,10.536480729370211,10.837522506713867,2522800,0.0,0.0
2018-02-27,10.827811327333228,10.9443446448933,10.662723541259767,10.662723541259766,2214200,0.0,0.0
2018-02-28,10.701567680237272,10.759833407904111,10.585034372669508,10.594745635986328,4341300,0.0,0.0
2018-03-01,10.643301939077837,10.711278935890277,10.526769547634885,10.662723541259766,3106000,0.0,0.0
2018-03-02,10.526770440569447,10.798679377001038,10.381104244321763,10.759835243225098,3040800,0.0,0.0
2018-03-05,10.653014034126516,10.954055837305102,10.61416990061582,10.895790100097656,3365100,0.0,0.0
2018-03-06,10.905500514550774,10.924923044499472,10.672435711869579,10.779257774353027,2177200,0.0,0.0
2018-03-07,10.691857316116135,10.90549957035146,10.682146051982587,10.730701446533203,2633200,0.0,0.0
2018-03-08,10.78896627173753,10.78896627173753,10.517057381685847,10.594745635986328,3149700,0.0,0.0
2018-03-09,10.769544533888944,10.954053903970483,10.71127788084807,10.944343566894531,4547200,0.0,0.0
2018-03-12,10.905500364825432,11.051166559089179,10.847234628013686,11.012322425842285,4062600,0.0,0.0
2018-03-13,10.90549845827746,11.051164627075195,10.90549845827746,11.051164627075195,4406600,0.0,0.0
2018-03-14,11.128853992273418,11.157986858497873,10.730701424776434,10.769545555114746,2325100,0.0,0.0
2018-03-15,10.77925772431634,10.915211728857345,10.77925772431634,10.856945991516113,2398200,0.0,0.0
2018-03-16,10.614169780584344,11.119143510512828,10.614169780584344,11.080299377441406,4414400,0.0,0.0
2018-03-19,11.02203176376246,11.080297490387933,10.886076858107979,11.051164627075195,2305200,0.0,0.0
2018-03-20,11.128854926715322,11.167699060315208,10.818101857916227,10.856945991516113,3146900,0.0,0.0
2018-03-21,10.837523363172664,11.119143560741946,10.827812098331643,11.012322425842285,1415400,0.0,0.0
2018-03-22,10.886077990433659,10.905499592623297,10.633590679148499,10.69185733795166,3128800,0.0,0.0
2018-03-23,10.701567832624127,10.788966425368914,10.264570238314914,10.27428150177002,2466800,0.0,0.0
2018-03-26,10.449080390702187,10.623878499819748,10.390813736918304,10.594745635986328,1987300,0.0,0.0
2018-03-27,10.672434919711476,10.720990314862016,10.439370134329442,10.48792552947998,3320100,0.0,0.0
2018-03-28,10.487926356266144,10.720991160021185,10.390815558309606,10.682147026062012,5683300,0.0,0.0
2018-03-29,10.750123904195869,10.915211703135656,10.546191971747728,10.886078834533691,1798500,0.0,0.0
2018-04-02,10.8375216455852,10.8860770359778,10.517057365557887,10.643301010131836,2880300,0.0,0.0
2018-04-03,10.750123904195869,10.90550043822927,10.633591503670816,10.886078834533691,4449000,0.0,0.0
2018-04-04,10.779258532694616,11.099722890455842,10.691858994011142,11.031744956970215,3304700,0.0,0.0
2018-04-05,11.119142516237787,11.235674905031713,11.051165520970606,11.18712043762207,3488800,0.0,0.0
2018-04-06,11.070587181008165,11.148275440613217,10.876366531995533,11.041454315185547,3603100,0.0,0.0
2018-04-09,11.24538616566734,11.536717600625389,11.167697906494139,11.16769790649414,6958800,0.0,0.0
2018-04-10,11.342497945279575,11.352208283938154,10.934634085869371,11.11914348602295,4079300,0.0,0.0
2018-04-11,11.109431330655783,11.109431330655783,10.886077815421551,10.992898941040039,4819200,0.0,0.0
2018-04-12,11.060875867522505,11.216252373027649,10.992897951776236,11.070586204528809,2788000,0.0,0.0
2018-04-13,11.167699897824203,11.21625529999472,10.963767949601854,11.031744956970215,4193300,0.0,0.0
2018-04-16,11.148276283276388,11.332786608372773,11.090010547227028,11.255098342895508,4822200,0.0,0.0
2018-04-17,11.313364078089718,11.361919475538631,11.216254209309065,11.245387077331543,3570200,0.0,0.0
2018-04-18,11.313362192299403,11.32307345539388,11.070586171639611,11.15798568725586,3036600,0.0,0.0
2018-04-19,11.167698812704293,11.313364078944868,11.080299282513076,11.255098342895508,3353500,0.0,0.0
2018-04-20,11.274519898140461,11.439607693105136,11.24538703023998,11.332786560058594,3875000,0.0,0.0
2018-04-23,11.39105133899802,11.468740523735272,11.284230214924575,11.342496871948242,3734000,0.0,0.0
2018-04-24,11.711516413445832,12.099957701571281,11.381340855480659,11.594983100891113,7382000,0.0,0.0
2018-04-25,11.604694410812105,11.692093932517466,11.478450760139593,11.546428680419922,4267100,0.0,0.0
2018-04-26,11.54642968064364,11.643539548415237,11.410474754422806,11.459030151367188,2706500,0.0,0.0
2018-04-27,11.44931986643112,11.507586532973477,11.332787459463654,11.400764465332031,2747000,0.0,0.0
2018-04-30,11.439606810238649,11.488162203736906,11.138565037560241,11.148275375366211,4359000,0.0,0.0
2018-05-01,11.284230296907635,11.449318079204154,11.031742991499183,11.177409172058105,2940000,0.0,0.0
2018-05-02,11.148274439424418,11.293940607689935,11.090008713011828,11.109430313110352,2844200,0.0,0.0
2018-05-03,11.051165623503165,11.119142619401037,10.876366575631943,10.973477363586426,3119400,0.0,0.0
2018-05-04,10.886078712084297,11.187121437975705,10.886078712084297,11.080299377441406,1925500,0.0,0.0
2018-05-07,11.080299377441406,11.12885477530998,10.973478243024292,11.080299377441406,3999300,0.0,0.0
2018-05-08,11.128853780166557,11.35220729382564,11.031742993113069,11.18712043762207,2910400,0.0,0.0
2018-05-09,11.196831703186035,11.274519968819115,11.119143437552955,11.196831703186035,2934400,0.0,0.0
2018-05-10,11.21625423348415,11.29394249912299,11.206542968750002,11.20654296875,2153600,0.0,0.0
2018-05-11,11.24538710156942,11.31336410247411,11.177410100664732,11.20654296875,1623700,0.0,0.0
2018-05-14,11.216254232652895,11.303653763019405,11.167698835102925,11.196831703186035,4070100,0.0,0.0
2018-05-15,11.18712136539888,11.29394249912299,11.157987571196433,11.20654296875,7208100,0.0,0.0
2018-05-16,11.381342030338004,11.381342030338004,11.177410101491672,11.216254234313965,4638400,0.0,0.0
2018-05-17,11.225965427012051,11.410474825204656,11.196831632994398,11.332786560058594,3121200,0.0,0.0
2018-05-18,11.332784718488355,11.37162884474924,11.15798568725586,11.15798568725586,2530200,0.0,0.0
2018-05-21,11.177408168324858,11.361917535789997,11.167696905269583,11.303651809692383,3024200,0.0,0.0
2018-05-22,11.313363935249168,11.517295861066058,11.313363935249168,11.4784517288208,1562600,0.0,0.0
2018-05-23,11.410474825204656,11.459030222450238,11.20654289766695,11.332786560058594,1564700,0.0,0.0
2018-05-24,11.33278658238203,11.381341979723256,11.138565919134296,11.274519920349121,1394200,0.0,0.0
2018-05-25,11.274519031328014,11.274519031328014,11.109431249055689,11.16769790649414,1359200,0.0,0.0
2018-05-29,11.051165645107812,11.177409299248595,10.886077860932717,10.934633255004883,4716500,0.0,0.0
2018-05-30,11.04145616697365,11.17741110714236,11.022034561873696,11.138566970825195,2516900,0.0,0.0
2018-05-31,11.11914255670614,11.15798668644549,11.041454297227443,11.09972095489502,2698000,0.0,0.0
2018-06-01,11.206542039362507,11.25509743288925,11.080298386639813,11.18712043762207,2026100,0.0,0.0
2018-06-04,11.245387004708194,11.352208137512207,11.157987475088014,11.352208137512207,1545000,0.0,0.0
2018-06-05,11.30365366831004,11.400763536479152,11.21625413867582,11.371630668640137,2075400,0.0,0.0
2018-06-06,11.410473720560796,11.604694364623521,11.361918328015845,11.594983100891113,2180100,0.0,0.0
2018-06-07,11.65324882377506,11.672671349684183,11.468739458223439,11.585271835327148,1916700,0.0,0.0
2018-06-08,11.556139854288432,11.769783042125752,11.478451590732524,11.721227645874023,1700900,0.0,0.0
2018-06-11,11.711517353122558,11.79891595537542,11.624117824752537,11.633828163146973,2642300,0.0,0.0
2018-06-12,11.624118967839287,11.740651375086435,11.332787486662793,11.381342887878418,2559700,0.0,0.0
2018-06-13,11.371630691736387,11.468741486219907,11.284231161924655,11.323075294494629,2102700,0.0,0.0
2018-06-14,11.33278658238203,11.371630715031577,11.148276257708803,11.274519920349121,1574300,0.0,0.0
2018-06-15,11.235676848559478,11.274520984876645,11.051167432582256,11.138566970825195,6783400,0.0,0.0
2018-06-18,11.099719933382437,11.313362164228707,10.847232650254641,11.26480770111084,1945700,0.0,0.0
2018-06-19,11.177410943666596,11.381342887878416,11.0414560054863,11.381342887878418,4117700,0.0,0.0
2018-06-20,11.497874259948732,11.56585125986015,11.429897260037315,11.49787425994873,1972300,0.0,0.0
2018-06-21,11.478450814539004,11.517294943690247,11.284230168782786,11.391051292419434,1602900,0.0,0.0
2018-06-22,11.459030176132334,11.546429705597673,11.391052249816418,11.42989730834961,2965400,0.0,0.0
2018-06-25,11.420185125398529,11.420185125398529,11.167697821938766,11.313363075256348,2214300,0.0,0.0
2018-06-26,11.303653740348093,11.361919476397453,11.167698812704293,11.255098342895508,3059800,0.0,0.0
2018-06-27,11.225963659185668,11.371628901866377,11.051164627075195,11.051164627075195,3210500,0.0,0.0
2018-06-28,11.060877773964288,11.167698908381402,11.022033640892866,11.080299377441406,3831100,0.0,0.0
2018-06-29,11.148276354233053,11.303653812293707,11.099721882588605,11.11914348602295,3650800,0.0,0.0
2018-07-02,11.128854654442616,11.293942449732484,10.992899727110615,11.274519920349121,2486800,0.0,0.0
2018-07-03,11.28423123438884,11.410474897581247,11.196831704015851,11.20654296875,877000,0.0,0.0
2018-07-05,11.293941515305358,11.293941515305358,11.167697863110062,11.235674858093262,1850100,0.0,0.0
2018-07-06,11.274518015513495,11.39105039377393,11.196829763339872,11.284229278564453,1097400,0.0,0.0
2018-07-09,11.332785464724349,11.604694366455078,11.332785464724349,11.604694366455078,2210500,0.0,0.0
2018-07-10,11.701805076661266,11.80862619869963,11.62411681952117,11.789204597473145,2348400,0.0,0.0
2018-07-11,11.692094873390733,11.76978313757668,11.507585477478402,11.575562477111816,1755600,0.0,0.0
2018-07-12,11.614405733183107,11.624116997003163,11.39105129590725,11.410473823547363,1728900,0.0,0.0
2018-07-13,11.439606815276806,11.439606815276806,11.128853778538465,11.177409172058105,2891000,0.0,0.0
2018-07-16,11.15798754799034,11.313364078944868,11.15798754799034,11.255098342895508,1423900,0.0,0.0
2018-07-17,11.313364030713492,11.410474825204656,11.264809559585082,11.332786560058594,1322500,0.0,0.0
2018-07-18,11.323074242511286,11.565850280047522,11.303652641089272,11.536717414855957,1241200,0.0,0.0
2018-07-19,11.46873950958252,11.527005235336794,11.30365174308372,11.46873950958252,2067500,0.0,0.0
2018-07-20,11.478452764192417,11.497875295125565,11.371631622411842,11.381342887878418,1324100,0.0,0.0
2018-07-23,11.371629653638585,11.507584568280972,11.32307426082937,11.48816204071045,1444500,0.0,0.0
2018-07-24,11.48816304297885,11.527007175391706,11.342497777959933,11.420186042785645,1824200,0.0,0.0
2018-07-25,11.497873600345777,11.556139332322392,10.740412601829997,10.915210723876953,6307400,0.0,0.0
2018-07-26,10.95405571342999,11.206543041452823,10.886078712084297,11.080299377441406,4423000,0.0,0.0
2018-07-27,11.041455171919873,11.235675836002576,11.041455171919873,11.196831703186035,2795600,0.0,0.0
2018-07-30,11.225964671374388,11.284230403253389,10.769545449775702,10.973477363586426,2924500,0.0,0.0
2018-07-31,11.041454357928254,11.099721015916154,10.866655310081667,10.963766098022461,2715800,0.0,0.0
2018-08-01,10.99289898392385,11.12885390206447,10.915210723876955,10.915210723876953,1710100,0.0,0.0
2018-08-02,10.886077879349694,10.97347740360403,10.827811221141099,10.87636661529541,1913900,0.0,0.0
2018-08-03,10.818100861876891,10.954054853900402,10.740412601829997,10.915210723876953,1534100,0.0,0.0
2018-08-06,10.905499479826075,10.983188666132445,10.847233747742687,10.866655349731445,1856200,0.0,0.0
2018-08-07,10.895791026046638,11.002612170749652,10.847235623502623,10.905501365661621,1302900,0.0,0.0
2018-08-08,10.963766117935542,10.963766117935542,10.856944991900338,10.915210723876953,1126300,0.0,0.0
2018-08-09,10.886077732262988,11.216253296710612,10.886077732262988,11.148275375366211,2358400,0.0,0.0
2018-08-10,11.04145622262777,11.14827736650909,10.983190480916965,11.031744956970215,1818800,0.0,0.0
2018-08-13,10.983189682645177,11.031744155169426,10.798679353031112,10.81810188293457,1560600,0.0,0.0
2018-08-14,10.837522483689751,10.91521074387901,10.837522483689751,10.866655349731445,1335700,0.0,0.0
2018-08-15,10.856945965931729,10.93463423294843,10.720991035593904,10.886078834533691,1915100,0.0,0.0
2018-08-16,10.905500291542085,11.138566015574474,10.895789952883504,11.11914348602295,1547800,0.0,0.0
2018-08-17,11.109431164941478,11.371629732253638,11.109431164941478,11.313363075256348,1487000,0.0,0.0
2018-08-20,11.313363080377862,11.4201851305684,11.303652742638162,11.342496871948242,1913100,0.0,0.0
2018-08-21,11.342497798978874,11.565851329237404,11.332786534328372,11.352208137512207,3508000,0.0,0.0
2018-08-22,11.361918473544733,11.410473866711607,11.264808613328084,11.342496871948242,1423100,0.0,0.0
2018-08-23,11.274519968819115,11.342497895835946,11.138565967019813,11.196831703186035,1539100,0.0,0.0
2018-08-24,11.225963602800176,11.274518066038517,11.15798568725586,11.15798568725586,978400,0.0,0.0
2018-08-27,11.157987547146933,11.37163074025185,11.148276282433715,11.245387077331543,1354100,0.0,0.0
2018-08-28,11.264809581774616,11.313364052998669,11.216254184433389,11.274519920349121,1504600,0.0,0.0
2018-08-29,11.284229301134584,11.361917553463593,11.245385174970078,11.26480770111084,1478000,0.0,0.0
2018-08-30,11.216254161456495,11.400763559634575,11.216254161456495,11.323075294494629,2161600,0.0,0.0
2018-08-31,11.28423208544717,11.400764492694318,11.255099215164694,11.381342887878418,2450900,0.0,0.0
2018-09-04,11.400764465332031,11.439608600987853,11.3036545892511,11.400764465332031,2200200,0.0,0.0
2018-09-05,11.400763466260566,11.5561399952679,11.400763466260566,11.49787425994873,2156200,0.0,0.0
2018-09-06,11.478451778346345,11.711517498940648,11.410474778153139,11.420186042785645,2902200,0.0,0.0
2018-09-07,11.410474801131215,11.488163066113373,11.30365366831004,11.371630668640137,1996900,0.0,0.0
2018-09-10,11.371630645740282,11.585273837069575,11.352208116475271,11.420186042785645,1699400,0.0,0.0
2018-09-11,11.361918410139685,11.546428717920724,11.342496808651575,11.449317932128906,790500,0.0,0.0
2018-09-12,11.46874051854342,11.48816212013112,11.255097344376154,11.313363075256348,2538700,0.0,0.0
2018-09-13,11.332784718488355,11.391050444821174,11.148274424161384,11.15798568725586,3078900,0.0,0.0
2018-09-14,11.225964478936056,11.352207204548842,11.18712034964356,11.313363075256348,3927000,0.0,0.0
2018-09-17,11.31336214663064,11.391050398838805,11.274518020526557,11.303651809692383,2144600,0.0,0.0
2018-09-18,11.284231210920188,11.293942475634141,11.138565944679613,11.255098342895508,2079000,0.0,0.0
2018-09-19,11.25509822509452,11.527007151419022,11.25509822509452,11.459030151367188,2914800,0.0,0.0
2018-09-20,11.488162902016636,11.692094826211132,11.459030034593752,11.653250694274902,2253000,0.0,0.0
2018-09-21,11.672673268359567,11.74065026798108,11.517295813897713,11.556139945983887,5860600,0.0,0.0
2018-09-24,11.556138098213932,11.585271887208082,11.361917468837994,11.46873950958252,2382700,0.0,0.0
2018-09-25,11.497873383983517,11.497873383983517,11.15798655808637,11.313363075256348,2891400,0.0,0.0
2018-09-26,11.313363160914614,11.361918554427138,11.148275378642289,11.16769790649414,2342400,0.0,0.0
2018-09-27,11.216254332639044,11.225965597459043,11.060877799987795,11.060877799987793,2558100,0.0,0.0
2018-09-28,11.002610289981586,11.031743156081163,10.827811241149902,10.827811241149902,2248500,0.0,0.0
2018-10-01,10.856946041913424,10.954055913305321,10.711279845649777,10.779257774353027,2007400,0.0,0.0
2018-10-02,10.788967157225343,10.954054942692451,10.711278896548718,10.769545555114746,1250700,0.0,0.0
2018-10-03,10.818101832423377,10.97347836645678,10.759835169102255,10.886078834533691,1639700,0.0,0.0
2018-10-04,10.876366701163008,11.012321620645002,10.594746524185187,10.711278915405273,3466300,0.0,0.0
2018-10-05,10.701568665896753,10.750123134718843,10.449081353106525,10.555902481079102,2818900,0.0,0.0
2018-10-08,10.555902505976707,10.594746636796275,10.371393116113044,10.536480903625488,2569100,0.0,0.0
2018-10-09,10.51705745431708,10.55590158173558,10.32283681722458,10.429657936096191,3134800,0.0,0.0
2018-10-10,10.429659895357076,10.526770695204572,10.29370588691125,10.342260360717773,5352800,0.0,0.0
2018-10-11,10.313126657137026,10.371393317556656,10.118905999266838,10.167461395263672,3562200,0.0,0.0
2018-10-12,10.303415484103146,10.351970880530656,9.80815303367059,9.982951164245605,3215400,0.0,0.0
2018-10-15,9.953818275793754,10.13832767048765,9.934395746816946,10.041217803955078,2086300,0.0,0.0
2018-10-16,10.041217669946358,10.322837853531519,9.827574484638502,10.293704986572266,3950800,0.0,0.0
2018-10-17,10.30341625213623,10.37139418264879,10.138328447647085,10.30341625213623,3393900,0.0,0.0
2018-10-18,10.303414420031473,10.303414420031473,10.089772179601507,10.138326644897461,2358100,0.0,0.0
2018-10-19,10.128616254411652,10.313125629473388,10.089772126708283,10.27428150177002,1700400,0.0,0.0
2018-10-22,10.35196975504994,10.419946746987605,10.216015771174611,10.264570236206055,5059600,0.0,0.0
2018-10-23,9.749885447117064,10.157749256599649,9.749885447117064,10.012084007263184,4918400,0.0,0.0
2018-10-24,9.953818589739535,10.021795591068063,9.51682186126709,9.51682186126709,4363200,0.0,0.0
2018-10-25,9.691620798924047,9.79844286827042,9.526533914339877,9.759598731994629,3528300,0.0,0.0
2018-10-26,9.643065425887869,9.78873069183874,9.507110498514463,9.652775764465332,3067700,0.0,0.0
2018-10-29,9.769308125228068,9.924684640552103,9.584797818692964,9.66248607635498,3276600,0.0,0.0
2018-10-30,9.701331067504276,9.866418861239426,9.662486935220544,9.817863464355469,2230100,0.0,0.0
2018-10-31,9.924685525637635,10.03150665791997,9.827574731841212,9.846997261047363,2592400,0.0,0.0
2018-11-01,9.905262880528864,10.060639407891331,9.837285881337072,10.050929069519043,2397100,0.0,0.0
2018-11-02,10.099483657907166,10.196594451703591,9.779019334943,9.846997261047363,2531100,0.0,0.0
2018-11-05,9.866417886749566,10.012084063014226,9.798440893496304,9.876129150390625,2280100,0.0,0.0
2018-11-06,9.846997235462453,9.924685499850872,9.7984418386904,9.866418838500977,1749900,0.0,0.0
2018-11-07,9.885840318503284,10.10919382338689,9.827573663337045,10.080060958862305,2105100,0.0,0.0
2018-11-08,10.050929865188625,10.303416279081835,9.982951934498288,10.283994674682617,3143700,0.0,0.0
2018-11-09,10.235437410373677,10.322836929545543,10.089772162498608,10.186882019042969,2940000,0.0,0.0
2018-11-12,10.186882995701044,10.303415390396948,10.118905996991055,10.148038864135742,4998400,0.0,0.0
2018-11-13,10.14803785311989,10.342258491596828,10.128616252330724,10.264570236206055,5115400,0.0,0.0
2018-11-14,10.361681020631861,10.478213403741966,10.138326591749701,10.27428150177002,3801600,0.0,0.0
2018-11-15,10.206306326577984,10.410238264850557,10.118906792158706,10.381104469299316,3022200,0.0,0.0
2018-11-16,10.30341446374591,10.371392382459366,9.953817311099675,10.080060958862305,3631100,0.0,0.0
2018-11-19,10.00237369431953,10.080061958164883,9.87613003404154,9.99266242980957,1883000,0.0,0.0
2018-11-20,9.92468370068257,9.934394037382939,9.49739739788849,9.604219436645508,7632100,0.0,0.0
2018-11-21,9.613931538336589,9.982951258090619,9.575087406052857,9.817863464355469,4861400,0.0,0.0
2018-11-23,9.769308066423516,9.914973317133724,9.74988553906638,9.788729667663574,1019200,0.0,0.0
2018-11-26,9.876130059242882,10.031506587330073,9.856707530173404,9.973240852355957,2001600,0.0,0.0
2018-11-27,9.953818393329696,9.982951261021757,9.837285996444287,9.846997261047363,1946000,0.0,0.0
2018-11-28,9.866418794708144,10.060639454817132,9.74988639864275,9.973240852355957,2216000,0.0,0.0
2018-11-29,9.914974191264681,10.060639454817132,9.827574662686347,9.973240852355957,1426400,0.0,0.0
2018-11-30,9.905262926729941,10.07035071935187,9.866418794708144,9.973240852355957,3070900,0.0,0.0
2018-12-03,10.128617285561932,10.225727151648154,10.041217757802324,10.118906021118164,2322100,0.0,0.0
2018-12-04,10.109194042241256,10.138326907396541,9.565376237462868,9.623641967773438,2525800,0.0,0.0
2018-12-06,9.448844797428235,9.623643875240397,9.244913774803736,9.613932609558105,4399800,0.0,0.0
2018-12-07,9.613931805261943,9.75959799995815,9.312890003234061,9.390578269958496,2485600,0.0,0.0
2018-12-10,9.371154889860291,9.575086803036012,9.099245980998367,9.16722297668457,2717300,0.0,0.0
2018-12-11,9.293467701342575,9.361445630980965,8.973003361718156,9.011847496032715,2736000,0.0,0.0
2018-12-12,9.244912205714963,9.283756335734056,9.060401893536444,9.089534759521484,4319500,0.0,0.0
2018-12-13,9.10895845508283,9.128380059523083,8.778782844543457,8.778782844543457,3688700,0.0,0.0
2018-12-14,8.710805028074986,8.895314420590669,8.516584371185546,8.536005973815918,2846500,0.0,0.0
2018-12-17,8.526293887954285,8.574849279027736,8.215540866871486,8.254384994506836,4684600,0.0,0.0
2018-12-18,8.302941392674779,8.468029186678388,8.157275201786033,8.176697731018066,3142600,0.0,0.0
2018-12-19,8.176697408481717,8.264096934343987,7.865944361964431,7.895077228546143,5383000,0.0,0.0
2018-12-20,7.836810544614804,7.982476729299435,7.81738894232713,7.914498805999756,4812100,0.0,0.0
2018-12-21,7.904788467914483,8.12814198786694,7.885365939509681,7.914498805999756,7333900,0.0,0.0
2018-12-24,7.865944360636691,7.992187091175182,7.778544834789175,7.885365962982178,2638200,0.0,0.0
2018-12-26,7.87565684659986,8.186410903930664,7.720280280993149,8.186410903930664,2951900,0.0,0.0
2018-12-27,8.06987567236144,8.12814140113567,7.75912172313633,8.118430137634277,3834500,0.0,0.0
2018-12-28,8.128142382649925,8.22525317715634,7.895077587175136,8.108720779418945,2323400,0.0,0.0
2018-12-31,8.147563973371401,8.1961184389138,7.972764933844159,8.069875717163086,2672600,0.0,0.0
2019-01-02,7.875655848772169,8.35149767830137,7.875655848772169,8.283519744873047,3151200,0.0,0.0
2019-01-03,8.23496522706363,8.536008011701025,8.215543619796547,8.36120891571045,2412200,0.0,0.0
2019-01-04,8.497161777759931,8.730226564253233,8.458317646677713,8.671960830688477,2590000,0.0,0.0
2019-01-07,8.62340540918983,8.7205152735427,8.49716175202568,8.681671142578125,3542600,0.0,0.0
2019-01-08,8.759360353309235,8.79820448437441,8.613694167226987,8.642827033996582,5406900,0.0,0.0
2019-01-09,8.691383231837497,8.943870570131981,8.662250362378048,8.895315170288086,2534100,0.0,0.0
2019-01-10,8.875892639160156,8.953580900350943,8.788493113791239,8.875892639160156,1653500,0.0,0.0
2019-01-11,8.807914756077182,8.837048548744034,8.662249497211443,8.769070625305176,4378800,0.0,0.0
2019-01-14,8.7205162058552,8.895315276942164,8.69138333604645,8.759361267089844,3065300,0.0,0.0
2019-01-15,8.739936826235445,8.788492216049047,8.652537309794365,8.730225563049316,2056100,0.0,0.0
2019-01-16,8.837047506468158,9.031268137421046,8.807913717237458,8.992424011230469,2981300,0.0,0.0
2019-01-17,8.973001445229468,9.118667612385027,8.934157319211387,9.050689697265625,2981700,0.0,0.0
2019-01-18,9.079824426174735,9.138090158174144,8.99242490205851,9.118668556213379,2383300,0.0,0.0
2019-01-22,9.040981241179821,9.128379848314616,8.92444791276568,9.10895824432373,3486200,0.0,0.0
2019-01-23,9.196357700675913,9.244913099422918,9.060402769407741,9.215779304504395,4569000,0.0,0.0
2019-01-24,9.856708164272014,10.517059377241234,9.827575294910789,10.41994857788086,22033400,0.0,0.0
2019-01-25,10.691857339360963,10.769545600364003,10.546191155392421,10.701568603515625,8667000,0.0,0.0
2019-01-28,10.565614699365847,10.66272457189618,10.468503900718302,10.546192169189453,5002300,0.0,0.0
2019-01-29,10.546191285289778,10.691857471052488,10.44908142089844,10.449081420898438,2746100,0.0,0.0
2019-01-30,10.487926430894696,10.565614699365847,10.381104367158954,10.546192169189453,4052600,0.0,0.0
2019-01-31,10.449081442105713,10.536480968517298,10.322837784635329,10.40052604675293,2237400,0.0,0.0
2019-02-01,10.361680963427222,10.507346209981403,10.332548099339798,10.390813827514648,3366500,0.0,0.0
2019-02-04,10.429658958937452,10.429658958937452,10.186882907233413,10.322837829589844,4711800,0.0,0.0
2019-02-05,10.322838704637704,10.507348112081752,10.322838704637704,10.41994857788086,3093600,0.0,0.0
2019-02-06,10.40052404623238,10.643300050181674,10.40052404623238,10.62387752532959,3471100,0.0,0.0
2019-02-07,10.585036277770996,10.672435811118522,10.47821514041136,10.585036277770996,1996000,0.0,0.0
2019-02-08,10.517058439929329,10.63359083310573,10.371393179988113,10.40052604675293,3097300,0.0,0.0
2019-02-11,10.439368217618796,10.546189326443486,10.40052409385373,10.517056465148926,2134000,0.0,0.0
2019-02-12,10.575325839318674,10.827812245803695,10.575325839318674,10.759835243225098,3584300,0.0,0.0
2019-02-13,10.740412580806282,11.03174309235332,10.740412580806282,10.954054832458496,4481800,0.0,0.0
2019-02-14,10.915210705590313,11.031743095465425,10.740412583836202,10.973477363586426,4988200,0.0,0.0
2019-02-15,11.051165603619017,11.13856512739737,10.954054815839266,11.022032737731934,3196700,0.0,0.0
2019-02-19,11.022032693826276,11.18712047672397,10.992898901938137,11.090009689331055,2778300,0.0,0.0
2019-02-20,11.080297490387933,11.119141616843923,10.934632247707222,11.051164627075195,2885200,0.0,0.0
2019-02-21,11.090011624798287,11.109433229996132,10.934635078746451,11.031744956970215,2006200,0.0,0.0
2019-02-22,11.04145622262777,11.099722890455842,10.992900820457256,11.031744956970215,1937900,0.0,0.0
2019-02-25,11.080298426966792,11.196830816184839,11.070587163002678,11.09972095489502,2161100,0.0,0.0
2019-02-26,11.060876948297853,11.070587286252968,10.808389639122556,10.827811241149902,2448800,0.0,0.0
2019-02-27,10.818100949566917,10.837522551677514,10.740412688890293,10.769545555114746,2475200,0.0,0.0
2019-02-28,10.798678443233797,10.827811309517319,10.720990182399657,10.730701446533203,2818700,0.0,0.0
2019-03-01,10.788967091041073,10.992899005595486,10.788967091041073,10.87636661529541,3148800,0.0,0.0
2019-03-04,10.856893138757348,11.090584825882244,10.856893138757348,10.895841598510742,3523800,0.03,0.0
2019-03-05,10.866628412958967,10.87636575819098,10.632937699016793,10.652411460876465,2645000,0.0,0.0
2019-03-06,10.632939133696297,10.681624937821075,10.418722152709961,10.418722152709961,2390700,0.0,0.0
2019-03-07,10.408984421766478,10.467407570279574,10.24345417962233,10.292139053344727,3466100,0.0,0.0
2019-03-08,10.204506827692281,10.34082691564254,10.204506827692281,10.233718872070312,2408600,0.0,0.0
2019-03-11,10.321351316679417,10.408984648450856,10.282402859690624,10.340825080871582,2321300,0.0,0.0
2019-03-12,10.360298946331234,10.457669616725308,10.253190001712047,10.282402038574219,5109700,0.0,0.0
2019-03-13,10.331087468874108,10.408984380849063,10.282402595343088,10.321351051330566,5791200,0.0,0.0
2019-03-14,10.340824653639057,10.39924780101072,10.20450459550813,10.243453979492188,3091100,0.0,0.0
2019-03-15,10.233718181603509,10.292140409208578,10.19476972033194,10.253191947937012,6193300,0.0,0.0
2019-03-18,10.272664465046716,10.477144075523443,10.272664465046716,10.399247169494629,2631200,0.0,0.0
2019-03-19,10.457670400215523,10.46740774656577,10.185031202639802,10.20450496673584,3751200,0.0,0.0
2019-03-20,10.165556083799958,10.262927686011706,10.048710718308511,10.107133865356445,3880000,0.0,0.0
2019-03-21,10.058447935797941,10.27266490076545,9.96107633482969,10.165555953979492,3557000,0.0,0.0
2019-03-22,10.058448558776899,10.116871708697222,9.688437752226765,9.70791244506836,3417500,0.0,0.0
2019-03-25,9.69817397942634,9.766333539297017,9.513169061804064,9.630014419555664,2788000,0.0,0.0
2019-03-26,9.66896567300787,9.785811064606786,9.610542512906097,9.659228324890137,2835200,0.0,0.0
2019-03-27,9.668963432312012,9.746860341992711,9.581329176770122,9.668963432312012,1868300,0.0,0.0
2019-03-28,9.668964029224664,9.805283165279333,9.639751989837691,9.67870044708252,2406900,0.0,0.0
2019-03-29,9.76633381008805,9.776071155655092,9.5715915417691,9.64948844909668,3086500,0.0,0.0
2019-04-01,9.717649568466245,9.922129215127585,9.57159307596723,9.824758529663086,2374800,0.0,0.0
2019-04-02,9.834494427252833,9.892916644199586,9.707911719062341,9.756597518920898,2457700,0.0,0.0
2019-04-03,9.84423277731266,10.00976397217212,9.84423277731266,9.892918586730957,2721700,0.0,0.0
2019-04-04,9.912391589537368,10.1363449745782,9.73712307699799,10.107133865356445,3270700,0.0,0.0
2019-04-05,10.146082426285858,10.233716683469071,10.009762367489257,10.048710823059082,2326200,0.0,0.0
2019-04-08,9.980551612232155,10.107134329478367,9.980551612232155,10.03897476196289,1616000,0.0,0.0
2019-04-09,10.009761977462423,10.12660733961906,9.892916615305788,9.922127723693848,2457900,0.0,0.0
2019-04-10,9.951340278357714,10.048710954251296,9.912391822279393,9.990288734436035,3095900,0.0,0.0
2019-04-11,10.048710392126354,10.136344645551427,9.90265392215416,9.951339721679688,3427300,0.0,0.0
2019-04-12,10.058448858721391,10.233717385104427,9.961077248818706,10.029237747192383,3782700,0.0,0.0
2019-04-15,10.058448526136829,10.107134329478367,9.970814265842955,10.03897476196289,1424900,0.0,0.0
2019-04-16,10.03897397510476,10.058447737752338,9.922127684801737,9.951339721679688,3277600,0.0,0.0
2019-04-17,10.009762213520855,10.03897425120221,9.75659772051334,9.805282592773438,5581300,0.0,0.0
2019-04-18,9.990290434640535,10.11687317058876,9.532645301382274,9.639753341674805,7150900,0.0,0.0
2019-04-22,9.59106606805767,9.698174081641087,9.532642924263934,9.5715913772583,3257400,0.0,0.0
2019-04-23,9.561854485047741,9.785808796833061,9.561854485047741,9.668963432312012,5852400,0.0,0.0
2019-04-24,9.659226731453602,9.912392169123411,9.659226731453602,9.815020561218262,4401700,0.0,0.0
2019-04-25,9.785809693872949,9.815020805529814,9.620278513476544,9.698175430297852,2560100,0.0,0.0
2019-04-26,9.70791273455981,10.038975093903549,9.698175387848643,10.029237747192383,4238500,0.0,0.0
2019-04-29,10.048710726546373,10.155819674787987,9.94160270690918,9.94160270690918,2530100,0.0,0.0
2019-04-30,9.931867048544678,10.048712433985841,9.776073201289792,9.892918586730957,3229400,0.0,0.0
2019-05-01,9.89291810234869,9.961077675034291,9.776072722628571,9.824758529663086,2220300,0.0,0.0
2019-05-02,9.84423215891907,9.980552231006047,9.766335240184945,9.883180618286133,2611300,0.0,0.0
2019-05-03,9.922128015009099,10.029236963250712,9.892916905763395,9.94160270690918,5208000,0.0,0.0
2019-05-06,9.795546867209254,10.155820333280753,9.73712371632533,10.08765983581543,3583100,0.0,0.0
2019-05-07,9.941600412435946,10.116868884667895,9.922125725030527,9.980548858642578,2298900,0.0,0.0
2019-05-08,9.922129700940102,10.02923866738127,9.883181239126381,9.892918586730957,1802700,0.0,0.0
2019-05-09,9.776071801476595,9.970814082660501,9.727385999029506,9.961076736450195,1794000,0.0,0.0
2019-05-10,9.922128110306044,10.077922861189773,9.844231199166394,10.048710823059082,2605300,0.0,0.0
2019-05-13,9.853969195718758,9.931866112000765,9.70791270984112,9.727386474609375,2469000,0.0,0.0
2019-05-14,9.698175188894767,9.902654822612,9.630015620523848,9.815020561218262,2444500,0.0,0.0
2019-05-15,9.688437027677159,9.824757081560241,9.630014810730406,9.756597518920898,1818400,0.0,0.0
2019-05-16,9.727385481843127,9.853968190033617,9.707911719062341,9.756597518920898,2471600,0.0,0.0
2019-05-17,9.678699881967471,9.922127957685616,9.678699881967471,9.805282592773438,1747400,0.0,0.0
2019-05-20,9.7565979561513,9.844231285498612,9.639751659812674,9.688437461853027,1803400,0.0,0.0
2019-05-21,9.727386763872842,9.834495723399069,9.707912998525494,9.746861457824707,2222700,0.0,0.0
2019-05-22,9.727387904505015,9.785811064606786,9.630017209141563,9.659228324890137,2824400,0.0,0.0
2019-05-23,9.552118515397686,9.620278082411112,9.376849996100924,9.435272216796875,2350100,0.0,0.0
2019-05-24,9.454746868507385,9.581329584273309,9.435272175956728,9.464484214782715,2049200,0.0,0.0
2019-05-28,9.464483135947788,9.639750705903102,9.425534683890568,9.522905349731445,2637100,0.0,0.0
2019-05-29,9.483957125869884,9.620277175652353,9.38658645768615,9.5715913772583,2517900,0.0,0.0
2019-05-30,9.561856006512008,9.74686189289476,9.493696431847077,9.54238224029541,2002300,0.0,0.0
2019-05-31,9.435272594970597,9.445009941678354,9.240530303837902,9.260004997253418,2852400,0.0,0.0
2019-06-03,9.25026820217216,9.396324697080427,9.182108628362242,9.298954010009766,2885300,0.0,0.0
2019-06-04,9.415798270473255,9.717648571635465,9.415798270473255,9.688437461853027,2133300,0.0,0.0
2019-06-05,9.707913041424426,9.795547307386041,9.649489887915175,9.717649459838867,3141500,0.0,0.0
2019-06-06,9.698116853519469,9.795781113966619,9.659050963059748,9.727416038513184,2180900,0.03,0.0
2019-06-07,9.717650103770003,9.756715997328103,9.551619823296985,9.600452423095703,1707800,0.0,0.0
2019-06-10,9.639519232418445,9.73718444129418,9.43442303890297,9.463722229003906,2088400,0.0,0.0
2019-06-11,9.551618576049805,9.668816241420473,9.483253504101311,9.551618576049805,2003800,0.0,0.0
2019-06-12,9.522320677488636,9.541854090055022,9.297692021401467,9.317224502563477,2631800,0.0,0.0
2019-06-13,9.385589749660836,9.45395576344742,9.268392066403768,9.375823974609375,2927900,0.0,0.0
2019-06-14,9.346522479852169,9.366055889889433,9.209792335208341,9.336756706237793,2477000,0.0,0.0
2019-06-17,9.219558395052157,9.35628947534518,9.08282824616342,9.102360725402832,1995900,0.0,0.0
2019-06-18,9.151194346833151,9.366057230987359,9.151194346833151,9.30745792388916,2211700,0.0,0.0
2019-06-19,9.307457075904194,9.434421453545813,9.209792814844391,9.229325294494629,1718700,0.0,0.0
2019-06-20,9.258625108472076,9.278158520853232,8.985163854966467,9.043763160705566,5269700,0.0,0.0
2019-06-21,9.063293676484118,9.131659673589963,8.907030136935038,8.975395202636719,5636700,0.0,0.0
2019-06-24,8.975396259566041,9.082828154210178,8.877732001549152,8.89726448059082,2478100,0.0,0.0
2019-06-25,8.877732572437292,9.053529552138414,8.828899974586498,8.926565170288086,3087800,0.0,0.0
2019-06-26,8.946097650585802,9.00469695428762,8.897265052735008,8.926565170288086,1971600,0.0,0.0
2019-06-27,8.936331448233366,9.248859533244573,8.926565673236444,9.239092826843262,2737300,0.0,0.0
2019-06-28,9.278158140978766,9.561386089078786,9.268391435188065,9.493021011352539,3898000,0.0,0.0
2019-07-01,9.600452779619703,9.707883758042959,9.366057409566556,9.434422492980957,1444200,0.0,0.0
2019-07-02,9.41488922783559,9.541853608901713,9.356289924495714,9.493021011352539,2358700,0.0,0.0
2019-07-03,9.541855115715851,9.551620891644397,9.424656490528529,9.522321701049805,1025400,0.0,0.0
2019-07-05,9.541853331547287,9.629750886895676,9.453954844794596,9.512553215026855,969200,0.0,0.0
2019-07-08,9.424655606681167,9.541854220877562,9.29769214887645,9.30745792388916,3063100,0.0,0.0
2019-07-09,9.248859533244573,9.336758028047587,9.219559414040644,9.239092826843262,3313800,0.0,0.0
2019-07-10,9.268390757602319,9.326990056658166,9.131660612145776,9.190258979797363,4838900,0.0,0.0
2019-07-11,9.229326233964345,9.2879255416886,9.141427738080164,9.160961151123047,3336400,0.0,0.0
2019-07-12,9.151194112533895,9.414889590617772,9.151194112533895,9.395356178283691,2781100,0.0,0.0
2019-07-15,9.42465438486,9.42465438486,9.19025904966322,9.326990127563477,3484200,0.0,0.0
2019-07-16,9.356291244364165,9.493022350509303,9.307458639926297,9.463722229003906,2363600,0.0,0.0
2019-07-17,9.434421194749723,9.463720379123526,9.229325041324541,9.248858451843262,4750400,0.0,0.0
2019-07-18,9.209792260529396,9.571151960650347,9.209792260529396,9.483253479003906,3856100,0.0,0.0
2019-07-19,9.473488093498004,9.58091999998605,9.375823824714043,9.385589599609375,1774700,0.0,0.0
2019-07-22,9.385589812689826,9.532087616298261,9.082829361760307,9.160961151123047,4023300,0.0,0.0
2019-07-23,9.160960530595984,9.366056696631878,9.1511938247361,9.34652328491211,3524700,0.0,0.0
2019-07-24,9.326990110565891,9.942278562889332,9.317223405432758,9.89344596862793,4487100,0.0,0.0
2019-07-25,9.434421474562134,9.629750928521165,8.809367221893233,8.946097373962402,8609200,0.0,0.0
2019-07-26,8.887498380173621,9.180492074861611,8.799599899205527,9.063294410705566,5794900,0.0,0.0
2019-07-29,9.063294789824258,9.11212738478301,8.92656464162489,8.965630531311035,4324500,0.0,0.0
2019-07-30,8.897263432862179,8.985161906709578,8.867964252047768,8.975395202636719,2487200,0.0,0.0
2019-07-31,8.985162964789014,9.033995559499596,8.858198591103209,8.89726448059082,2629000,0.0,0.0
2019-08-01,8.897264433276412,8.94609702772731,8.643336618659431,8.760534286499023,3842400,0.0,0.0
2019-08-02,8.741000549934142,8.828899030384445,8.54567111082471,8.643336296081543,2999100,0.0,0.0
2019-08-05,8.496840410796246,8.701936600395666,8.067115549037887,8.223379135131836,3011900,0.0,0.0
2019-08-06,8.28197572036623,8.330808313294721,8.096412984923052,8.213610649108887,2590300,0.0,0.0
2019-08-07,8.076880085056047,8.223376924791506,7.940149018273212,8.174544334411621,3322800,0.0,0.0
2019-08-08,8.233143861315016,8.448005774798695,8.106179495308725,8.369874000549316,3355900,0.0,0.0
2019-08-09,8.33081040963977,8.360110531612422,8.213612715962592,8.272212028503418,2036500,0.0,0.0
2019-08-12,8.194079174948193,8.262444254583542,7.9694495925109194,7.998748779296875,3311100,0.0,0.0
2019-08-13,7.959682507534618,8.145246188288922,7.871784951361027,8.028048515319824,4610400,0.0,0.0
2019-08-14,7.8522514761132856,7.881550661265488,7.63738907742257,7.715520858764648,3145700,0.0,0.0
2019-08-15,7.774120501403618,7.822953102660299,7.578791027781296,7.656922817230225,2740500,0.0,0.0
2019-08-16,7.695988449424751,7.969449703167536,7.686221743225702,7.92061710357666,3295100,0.0,0.0
2019-08-19,8.047580192921519,8.125711967112663,7.920615827009856,8.08664608001709,2596900,0.0,0.0
2019-08-20,8.067114662015335,8.086647142427157,7.940150279423307,8.008515357971191,2838500,0.0,0.0
2019-08-21,8.135479503455132,8.184312100167972,8.028048535810335,8.096413612365723,3717200,0.0,0.0
2019-08-22,8.242910342009514,8.399174835324242,8.047580889621479,8.106180191040039,2884600,0.0,0.0
2019-08-23,8.057348084273142,8.194079174948193,7.9694495925109194,7.998748779296875,2844000,0.0,0.0
2019-08-26,8.24291090030163,8.36010951107661,8.008515541560396,8.135479927062988,2464600,0.0,0.0
2019-08-27,8.155013002887937,8.213611374453562,7.940150133870564,7.949916839599609,2315600,0.0,0.0
2019-08-28,7.891317721118601,8.242910752945109,7.881551015161223,8.076881408691406,3275500,0.0,0.0
2019-08-29,8.184313525394415,8.291744511747378,8.164780110745982,8.272212028503418,1766200,0.0,0.0
2019-08-30,8.291742022011316,8.321042135186111,8.164777659133122,8.24290943145752,2632000,0.0,0.0
2019-09-03,8.233143658470116,8.272209544632315,8.037813296254926,8.24290943145752,3933500,0.0,0.0
2019-09-04,8.34057629956774,8.379642193631582,8.262444511440053,8.330809593200684,2488100,0.0,0.0
2019-09-05,8.468021819396867,8.693443238924207,8.438618294047776,8.556229591369629,3467400,0.03,0.0
2019-09-06,8.585633841289907,8.644439027567852,8.526827720320378,8.634638786315918,2688100,0.0,0.0
2019-09-09,8.722847287155158,8.889463553208627,8.634639500443022,8.850259780883789,6192800,0.0,0.0
2019-09-10,8.909064373566887,9.154088142104188,8.909064373566887,9.114884376525879,4037800,0.0,0.0
2019-09-11,9.163888986589345,9.17368922661176,8.830656523849155,8.987471580505371,3494500,0.0,0.0
2019-09-12,8.948268259215027,9.114884498831405,8.830656960901967,9.07568073272705,2786900,0.0,0.0
2019-09-13,9.163889724936015,9.24229725958152,9.065879839283362,9.134486198425293,3257400,0.0,0.0
2019-09-16,9.03647810555039,9.359909450348392,9.016875752681843,9.310904502868652,4035300,0.0,0.0
2019-09-17,9.252097803361838,9.32070509944192,9.124686256409342,9.193292617797852,3751500,0.0,0.0
2019-09-18,9.173689757634778,9.29130105693492,9.065879633615861,9.281500816345215,3140600,0.0,0.0
2019-09-19,9.271699418619567,9.477519421129712,9.193291887633942,9.42851448059082,4180500,0.0,0.0
2019-09-20,9.457918451624002,9.565729523485205,9.37951090919311,9.448118209838867,7998200,0.0,0.0
2019-09-23,9.359907885027024,9.565727882267943,9.32070412053787,9.506921768188477,3414900,0.0,0.0
2019-09-24,9.506923744375403,9.546127517013772,9.11488601799171,9.124687194824219,5180300,0.0,0.0
2019-09-25,9.095283004321997,9.320705381653461,9.085482762892315,9.252098083496094,4023000,0.0,0.0
2019-09-26,9.271699777152856,9.32070471958675,8.88946234779832,8.928666114807129,3294800,0.0,0.0
2019-09-27,8.94826900199733,9.056079134060578,8.801254165883893,8.840458869934082,3123500,0.0,0.0
2019-09-30,8.840460467855284,8.879664244299999,8.644440650939941,8.644440650939941,3531900,0.0,0.0
2019-10-01,8.732645943944378,8.771849704956251,8.232797290024456,8.350409507751465,5205100,0.0,0.0
2019-10-02,8.281803626493543,8.399414929432547,8.007377252969198,8.124988555908203,4826400,0.0,0.0
2019-10-03,8.085784788261869,8.18379467472348,7.889765950030193,8.124988555908203,6958300,0.0,0.0
2019-10-04,8.134789871941509,8.20339623283421,7.938771030325529,8.154391288757324,3869000,0.0,0.0
2019-10-07,8.066185134516289,8.203398834510045,8.017181109589533,8.026981353759766,3200000,0.0,0.0
2019-10-08,7.958372858236294,8.075984169281172,7.889766493799686,7.948571681976318,3212100,0.0,0.0
2019-10-09,8.017177988285555,8.105386694318662,7.987774463146853,8.036779403686523,1533000,0.0,0.0
2019-10-10,8.095587463956795,8.173995013778365,7.997577559333971,8.105388641357422,1879300,0.0,0.0
2019-10-11,8.232798630103241,8.50722593654715,8.232798630103241,8.370012283325195,3990700,0.0,0.0
2019-10-14,8.340609306902387,8.448419428590109,8.301405541316713,8.41901683807373,1901800,0.0,0.0
2019-10-15,8.409215326044343,8.693442848824247,8.350410147367928,8.605234146118164,3355300,0.0,0.0
2019-10-16,8.57583288476134,8.624837831041155,8.428818980613503,8.487624168395996,1611100,0.0,0.0
2019-10-17,8.526827687064063,8.713046290498296,8.46802250101547,8.566031455993652,2198900,0.0,0.0
2019-10-18,8.51702654437686,8.683642796650345,8.507226303124924,8.634638786315918,2602800,0.0,0.0
2019-10-21,8.703245732890537,8.909065768065679,8.673843137777416,8.820857048034668,1808700,0.0,0.0
2019-10-22,8.830657832808017,8.977671736542064,8.771851710499435,8.869861602783203,2243800,0.0,0.0
2019-10-23,8.889463020424992,8.977671736542064,8.830657832808017,8.869861602783203,4023500,0.0,0.0
2019-10-24,8.928666278463309,9.163889819519179,7.821159139145982,8.193594932556152,9474900,0.0,0.0
2019-10-25,8.183795183906037,8.507226520784563,8.173994007711752,8.487624168395996,2736200,0.0,0.0
2019-10-28,8.56603155374956,8.673842620554959,8.370012706864639,8.389615058898926,3681400,0.0,0.0
2019-10-29,8.330807101168734,8.53662707870291,8.321005927312013,8.526825904846191,2907600,0.0,0.0
2019-10-30,8.497424453346257,8.526827044153642,8.272002097978955,8.311205863952637,1672900,0.0,0.0
2019-10-31,8.24259867862765,8.34060855105568,8.066181282133758,8.272001266479492,2998700,0.0,0.0
2019-11-01,8.350410481971679,8.477822019106489,8.350410481971679,8.41901683807373,1958400,0.0,0.0
2019-11-04,8.48762422404282,8.703245428272703,8.438619277441719,8.69344425201416,2335100,0.0,0.0
2019-11-05,8.713046604531247,8.889463103726957,8.644439305413059,8.69344425201416,3538900,0.0,0.0
2019-11-06,8.67384176124477,8.840457998263322,8.624836820705521,8.732646942138672,5908500,0.0,0.0
2019-11-07,8.811055217306787,8.967870292523793,8.771851448502536,8.87966251373291,2032800,0.0,0.0
2019-11-08,8.879662013484657,8.889462254114926,8.615035887945362,8.654239654541016,2287100,0.0,0.0
2019-11-11,8.566031455993652,8.713046290498296,8.55623028008836,8.566031455993652,1332200,0.0,0.0
2019-11-12,8.595433906133069,8.634637670147834,8.517025443412079,8.605234146118164,1576700,0.0,0.0
2019-11-13,8.615036117634949,8.615036117634949,8.458221047071419,8.50722599029541,5531400,0.0,0.0
2019-11-14,8.507226816321106,8.556230829611687,8.458221868338885,8.546430587768555,3601000,0.0,0.0
2019-11-15,8.56603117441096,8.595434701160283,8.419017279430538,8.50722599029541,3478700,0.0,0.0
2019-11-18,8.477823514853462,8.50722704524902,8.360212197346216,8.399415969848633,5668700,0.0,0.0
2019-11-19,8.468021819396867,8.575831941602356,8.40921570339019,8.556229591369629,3159900,0.0,0.0
2019-11-20,8.477822712670196,8.526827657334216,8.350411165111954,8.428818702697754,7421800,0.0,0.0
2019-11-21,8.487625383010855,8.517027981109736,8.213198953140568,8.340611457824707,3935000,0.0,0.0
2019-11-22,8.399415204370003,8.615036400828535,8.350411194226702,8.566031455993652,3788400,0.0,0.0
2019-11-25,8.615036924384436,8.693444467008623,8.075984367824418,8.477823257446289,3220600,0.0,0.0
2019-11-26,8.438617488792298,8.468021011335557,8.262201026989821,8.272001266479492,2107500,0.0,0.0
2019-11-27,8.301405906677246,8.389614616800117,8.281803555675925,8.301405906677246,6130100,0.0,0.0
2019-11-29,8.291605956787315,8.419018453054566,8.291605956787315,8.360212326049805,2617800,0.0,0.0
2019-12-02,8.379813155425213,8.575831985293622,8.311205863952637,8.311205863952637,3483100,0.0,0.0
2019-12-03,8.183794850590777,8.301406156057213,8.017178600840433,8.22299861907959,4799500,0.0,0.0
2019-12-04,8.281803804467023,8.379813693034839,8.2033962674894,8.22299861907959,6135600,0.0,0.0
2019-12-05,8.242670695957612,8.33119594777587,8.21316259136677,8.26234245300293,5427700,0.03,0.0
2019-12-06,8.380376983596722,8.53775479657672,8.291851729284033,8.429556846618652,8653700,0.0,0.0
2019-12-09,8.44922990573771,8.596771377242039,8.439393557491876,8.527918815612793,4087900,0.0,0.0
2019-12-10,8.488574802938126,8.53775560868387,8.38037778073417,8.439393997192383,1883700,0.0,0.0
2019-12-11,8.45906515914732,8.547589467764954,8.380376259456751,8.53775405883789,1951800,0.0,0.0
2019-12-12,8.596770889863512,8.891854754188719,8.577099132532895,8.862346649169922,3240500,0.0,0.0
2019-12-13,8.85251008162381,9.00988788854314,8.714804031546535,8.754148483276367,2926400,0.0,0.0
2019-12-16,8.852510116557946,8.960707124730526,8.724640413419955,8.813165664672852,4775600,0.0,0.0
2019-12-17,8.842673822008685,8.950871768874679,8.783657612850627,8.931199073791504,2250500,0.0,0.0
2019-12-18,8.931198309162582,9.029559900065934,8.852509411658163,8.980379104614258,2903100,0.0,0.0
2019-12-19,8.990215730041738,9.000051139000485,8.842673339112384,8.901690483093262,3000100,0.0,0.0
2019-12-20,8.970544636316374,9.000052744548018,8.83283856782563,8.921363830566406,7899600,0.0,0.0
2019-12-23,8.941036706243855,8.990217512973802,8.793494286054017,8.970544815063477,2317800,0.0,0.0
2019-12-24,8.950871768874679,8.980379873453709,8.891854621670888,8.931199073791504,1141800,0.0,0.0
2019-12-26,8.970543057843772,9.000051160883116,8.891854157708398,8.96070671081543,1330400,0.0,0.0
2019-12-27,8.970542030611282,8.970542030611282,8.832836002120496,8.842672348022461,2263800,0.0,0.0
2019-12-30,8.842673279512033,8.90169042309513,8.744312624267769,8.78365707397461,1767900,0.0,0.0
2019-12-31,8.783657374725628,8.813165478504693,8.69513212534273,8.763984680175781,2774800,0.0,0.0
2020-01-02,8.83283772410662,8.862346767565384,8.675459911176238,8.793493270874023,1765600,0.0,0.0
2020-01-03,8.714803523114746,8.763984319419201,8.596770174811452,8.665623664855957,4168200,0.0,0.0
2020-01-06,8.645952706941015,8.714805272763202,8.547591094584302,8.675460815429688,5859500,0.0,0.0
2020-01-07,8.645952180425416,8.675460287117122,8.468901664183582,8.527918815612793,2415500,0.0,0.0
2020-01-08,8.508246589332462,8.586935503556315,8.400049566786125,8.498411178588867,2482200,0.0,0.0
2020-01-09,8.537754172219877,8.557425928380923,8.370540023645383,8.468900680541992,2788200,0.0,0.0
2020-01-10,8.439393126679592,8.478737579608687,8.242670862034121,8.252507209777832,4035700,0.0,0.0
2020-01-13,8.27217960357666,8.31152405953242,8.163982584209775,8.27217960357666,1962900,0.0,0.0
2020-01-14,8.22299883954975,8.419722058341584,8.22299883954975,8.390213012695312,3408500,0.0,0.0
2020-01-15,8.360703676542014,8.468900680541992,8.341030982335278,8.468900680541992,3279500,0.0,0.0
2020-01-16,8.51808298609563,8.744314319297729,8.51808298609563,8.675460815429688,2888100,0.0,0.0
2020-01-17,8.675460194834004,8.72464099749423,8.655788436597387,8.714804649353027,2084000,0.0,0.0
2020-01-21,8.6656254046307,8.783658776631244,8.626280947297186,8.675460815429688,4276600,0.0,0.0
2020-01-22,8.704968415602089,9.039395778347712,8.704968415602089,8.950871467590332,8976100,0.0,0.0
2020-01-23,10.967275909831477,11.645968868920425,10.43612534700112,11.557443618774414,23890200,0.0,0.0
2020-01-24,11.252524707607227,11.459083335624948,11.036130669147385,11.291869163513184,8841900,0.0,0.0
2020-01-27,11.085310096822568,11.173834408082495,10.927931354698275,11.016456604003906,6404500,0.0,0.0
2020-01-28,11.065637533844514,11.163999131585863,10.868915276407533,10.947604179382324,4747800,0.0,0.0
2020-01-29,10.8885874162805,11.213179386984825,10.83940755372498,11.104982376098633,5281500,0.0,0.0
2020-01-30,10.977113194752464,11.07547480065931,10.642684860324138,10.829571723937988,4714200,0.0,0.0
2020-01-31,10.750883254119708,10.819735818242952,10.593505428668962,10.741046905517578,4450700,0.0,0.0
2020-02-03,10.809898904443077,10.918096857317687,10.495143269998646,10.5344877243042,3932500,0.0,0.0
2020-02-04,10.701700600157046,10.819733948851768,10.534486454994775,10.554158210754395,3497200,0.0,0.0
2020-02-05,10.70170130372003,11.04596502553451,10.662356851568497,10.996785163879395,3994600,0.0,0.0
2020-02-06,11.08530947807917,11.095144886750823,10.927930744739209,11.055800437927246,3539500,0.0,0.0
2020-02-07,10.96727632202423,11.183671281842363,10.927931869152365,11.104982376098633,3523900,0.0,0.0
2020-02-10,11.075475180411072,11.419738936797433,11.065638831873963,11.409903526306152,5099900,0.0,0.0
2020-02-11,11.518098761890228,11.754165461938463,11.41973716784729,11.704984664916992,5723400,0.0,0.0
2020-02-12,11.77383804321289,11.891871392106658,11.66564010319268,11.77383804321289,4775000,0.0,0.0
2020-02-13,11.75416611702931,11.842691368992567,11.518099403824452,11.724658012390137,6035300,0.0,0.0
2020-02-14,11.714820477302272,11.872198270152193,11.586950786100301,11.8623628616333,4457300,0.0,0.0
2020-02-18,11.78367458990819,11.950888751498505,11.76400283221591,11.823019981384277,2305300,0.0,0.0
2020-02-19,11.84269059555617,11.901707739025891,11.704984552823937,11.77383804321289,3232800,0.0,0.0
2020-02-20,11.803348002677433,12.108268238820093,11.764003546857007,12.07875919342041,3253800,0.0,0.0
2020-02-21,12.078757163076064,12.118101612282997,11.803346018627542,11.842690467834473,4183900,0.0,0.0
2020-02-24,11.449247075776418,11.626296645195202,11.321377369057114,11.527935981750488,5415100,0.0,0.0
2020-02-25,11.567281277904158,11.567281277904158,10.800062981663968,10.80989933013916,4113800,0.0,0.0
2020-02-26,10.888586633592432,10.947603777680863,10.465634030133792,10.485305786132812,3618400,0.0,0.0
2020-02-27,10.259075276560587,10.583667218986479,9.993499539278128,10.190221786499023,4775500,0.0,0.0
2020-02-28,9.836121596879378,10.288583227857655,9.737760005692323,10.200057983398438,6599300,0.0,0.0
2020-03-02,10.327929048371388,10.800062497463536,10.062353279722721,10.780390739440918,5134300,0.0,0.0
2020-03-03,10.760717761412462,10.888587468369163,10.072189363838175,10.131206512451172,5409500,0.0,0.0
2020-03-04,10.46563399878139,10.790225945181161,10.04268045854413,10.731208801269531,10289900,0.0,0.0
2020-03-05,10.33668082623642,10.543809019236274,10.099963160131551,10.247912406921387,3553600,0.03,0.0
2020-03-06,9.823792255871856,10.139415801238867,9.636391010968284,9.843518257141113,7930700,0.0,0.0
2020-03-09,9.13336465538979,9.37008229822477,8.610612018338838,9.231996536254883,4203600,0.0,0.0
2020-03-10,9.646252077448585,9.744884890724231,9.182680300696827,9.409534454345703,8893400,0.0,0.0
2020-03-11,9.11363738332809,9.439124365544645,8.77828693119412,8.827603340148926,6727400,0.0,0.0
2020-03-12,8.028680322548327,8.324576866747284,7.5157912234234105,7.979363918304443,6772100,0.0,0.0
2020-03-13,8.531705310624673,8.758560401832247,7.791962513292434,8.147039413452148,6074500,0.0,0.0
2020-03-16,6.963450664513163,7.3777070149478075,6.1645279045247,6.697143077850342,6483500,0.0,0.0
2020-03-17,6.805638718299205,6.884544598112228,5.523416760389158,6.618237018585205,10346800,0.0,0.0
2020-03-18,6.1645277230407505,6.993040399518592,5.651639035296406,6.766185760498047,6973200,0.0,0.0
2020-03-19,6.736595810424428,7.219895027753208,6.194117653796945,6.815501689910889,4690200,0.0,0.0
2020-03-20,6.884544409186778,7.0620826338940805,6.243433447825101,6.539330959320068,9791600,0.0,0.0
2020-03-23,6.5097418150449435,6.795775891607736,6.1546648519505105,6.361793041229248,5811900,0.0,0.0
2020-03-24,6.697142958501144,7.229758122335098,6.697142958501144,6.854954719543457,7423600,0.0,0.0
2020-03-25,6.963450136926495,7.614424083822011,6.76618544705395,7.091672420501709,4772700,0.0,0.0
2020-03-26,7.269210960968791,7.782099647502037,7.131125671987262,7.644014358520508,5356000,0.0,0.0
2020-03-27,7.288937579737432,7.486202752628771,7.012766996132166,7.239621639251709,4070200,0.0,0.0
2020-03-30,7.3481169951617655,7.367843465431772,6.776048887015413,7.190305233001709,3838100,0.0,0.0
2020-03-31,7.348116517336017,7.367842986323271,6.933860668603673,7.091672420501709,4390200,0.0,0.0
2020-04-01,6.75632230441631,6.884544594197635,6.322339495375307,6.667553424835205,3876300,0.0,0.0
2020-04-02,6.716869276742123,6.894407503900034,6.391382291794552,6.578783988952637,2462800,0.0,0.0
2020-04-03,6.51960433808021,6.845091310955087,5.977125736411337,6.016578674316406,5797900,0.0,0.0
2020-04-06,6.381518538668848,6.6379631035022,6.312476132995341,6.608373165130615,3433800,0.0,0.0
2020-04-07,7.0818091907586425,7.466476054515543,6.608373448709956,6.6280999183654785,5181300,0.0,0.0
2020-04-08,6.756322549413368,7.012767138275184,6.687280137270693,6.933861255645752,3646400,0.0,0.0
2020-04-09,7.200168235089667,7.436885862936721,7.01276654455269,7.091672420501709,4355100,0.0,0.0
2020-04-13,7.150852241813941,7.190305182074519,6.647826548017348,6.854954719543457,3873100,0.0,0.0
2020-04-14,6.736596013708822,7.150852363829531,6.637963661374404,6.746459484100342,4159500,0.0,0.0
2020-04-15,6.41110924585774,6.67741684187303,6.223707534540881,6.480152130126953,4484200,0.0,0.0
2020-04-16,6.243433733129024,6.490014847204048,6.036305559680712,6.46042537689209,3997900,0.0,0.0
2020-04-17,6.736595437407755,6.894407187642371,6.539330749614483,6.805638313293457,4780200,0.0,0.0
2020-04-20,6.559057870809609,7.002903697650944,6.499878458585174,6.73659610748291,4224400,0.0,0.0
2020-04-21,6.430835315214593,6.7365958344742705,6.351929435446437,6.667553424835205,3653200,0.0,0.0
2020-04-22,6.815501895576356,6.894407777443891,6.608373720516002,6.746459484100342,4217400,0.0,0.0
2020-04-23,6.825364943681045,7.30866367537597,6.825364943681045,7.081809043884277,4870300,0.0,0.0
2020-04-24,7.111399235335551,7.407296754850784,7.101535765204177,7.348116874694824,4001400,0.0,0.0
2020-04-27,7.39743271131013,7.525654991182037,7.348116305108287,7.357979774475098,4375800,0.0,0.0
2020-04-28,7.594698537226618,7.693331364458171,7.3777073520127905,7.535519123077393,3607300,0.0,0.0
2020-04-29,7.8807320821077465,8.502116594727235,7.801826201835331,8.413347244262695,6378100,0.0,0.0
2020-04-30,8.245672427133027,8.433074607654424,8.097724129359156,8.225946426391602,3699000,0.0,0.0
2020-05-01,7.999089915622692,8.068133257817,7.841278174548003,7.979363918304443,2955700,0.0,0.0
2020-05-04,7.841278174548003,8.038542850891364,7.634150029229429,7.979363918304443,2616900,0.0,0.0
2020-05-05,8.097723991047651,8.225946285890023,7.90045928384105,7.949775695800781,2537000,0.0,0.0
2020-05-06,7.969501133686135,8.077996479833653,7.7130570324184,7.762372970581055,4209500,0.0,0.0
2020-05-07,7.880731982922158,8.018817741977106,7.713057224611674,7.74264669418335,3239300,0.0,0.0
2020-05-08,7.939912020761195,8.087860312197122,7.939912020761195,8.018817901611328,2255700,0.0,0.0
2020-05-11,7.949775029446155,7.96950102819721,7.782099336900973,7.870868682861328,4085900,0.0,0.0
2020-05-12,7.930048612804447,8.077996905402827,7.565108675847115,7.574971675872803,3338500,0.0,0.0
2020-05-13,7.456612816804879,7.732783870901126,7.19030523300171,7.190305233001709,5871900,0.0,0.0
2020-05-14,7.0324938249081255,7.3974337784350395,6.98317741159209,7.298801422119141,4368900,0.0,0.0
2020-05-15,7.111399423153535,7.476339361962187,7.071946482218338,7.328390598297119,4078200,0.0,0.0
2020-05-18,7.5749719780627425,7.722920746879425,7.3481173246281415,7.496066093444824,3693900,0.0,0.0
2020-05-19,7.436885757265499,7.456612225972459,7.1804416640750235,7.200168132781982,3765300,0.0,0.0
2020-05-20,7.348116807610384,7.436886156717765,7.062082760837866,7.160715579986572,6178600,0.0,0.0
2020-05-21,7.131126273357361,7.318527987936864,7.111399801839317,7.288938045501709,3004300,0.0,0.0
2020-05-22,7.338254283181903,7.42702363803885,7.160716043784176,7.210031986236572,2352800,0.0,0.0
2020-05-26,7.52565574645996,7.624288098446325,7.446749864870869,7.525655746459961,7267200,0.0,0.0
2020-05-27,7.752510272795359,7.8116896830834275,7.496065691230915,7.634150981903076,5175600,0.0,0.0
2020-05-28,7.703193968419806,7.752510379496701,7.4072969129068955,7.574971675872803,5077700,0.0,0.0
2020-05-29,7.456612394220742,7.584834678867198,7.35798004846044,7.476338863372803,4504200,0.0,0.0
2020-06-01,7.496065794402693,7.693330968394119,7.427023383274423,7.574971675872803,2551000,0.0,0.0
2020-06-02,7.663741134825415,7.722920546755337,7.505929369678955,7.515792369842529,2435700,0.0,0.0
2020-06-03,7.6045610348280075,7.831415661858113,7.6045610348280075,7.732783317565918,3964200,0.0,0.0
2020-06-04,7.732783609487848,8.059521344076973,7.693179121438755,8.039718627929688,5829800,0.03,0.0
2020-06-05,8.51497325603493,8.693192976517857,8.316949875560965,8.376357078552246,4477300,0.0,0.0
2020-06-08,8.55457910613279,8.643688508447775,8.425864266017001,8.604084014892578,9496600,0.0,0.0
2020-06-09,8.475369113120994,8.574379863135063,8.297148441151975,8.425863265991211,8253000,0.0,0.0
2020-06-10,8.326852383053758,8.356555516527537,7.940708815157868,8.010016441345215,5336900,0.0,0.0
2020-06-11,7.673377501302809,7.95060894018693,7.544662668616651,7.643673896789551,6145400,0.0,0.0
2020-06-12,7.950608522657658,7.950608522657658,7.544662272405803,7.82189416885376,5995000,0.0,0.0
2020-06-15,7.53476157473645,7.94070830727037,7.415947632072289,7.920905590057373,4954700,0.0,0.0
2020-06-16,8.257543419603474,8.257543419603474,7.712981024796556,7.960509300231934,5377100,0.0,0.0
2020-06-17,7.98031241862994,8.00011419065743,7.762487260854651,7.782289505004883,4061100,0.0,0.0
2020-06-18,7.67337701281551,7.811992723433292,7.584266677071277,7.6139702796936035,5330900,0.0,0.0
2020-06-19,7.712981971773893,7.712981971773893,7.30703570129825,7.5842671394348145,16723500,0.0,0.0
2020-06-22,7.524860361140862,7.574366210881849,7.406046888309821,7.465453624725342,4883000,0.0,0.0
2020-06-23,7.564464795528659,7.604069286176236,7.247628870348047,7.316936492919922,6324200,0.0,0.0
2020-06-24,7.247628736755207,7.346639961549111,6.960495948791504,6.960495948791504,7244600,0.0,0.0
2020-06-25,6.930792020371898,7.148616704706724,6.792176312158827,6.940693378448486,5949100,0.0,0.0
2020-06-26,6.8317804828202,7.079308757762071,6.544647721657446,6.6040544509887695,11813800,0.0,0.0
2020-06-29,6.792177223893809,6.940694310119377,6.613956531574006,6.881287097930908,4984200,0.0,0.0
2020-06-30,6.841682006916058,7.029803570085857,6.802077516998496,6.960495948791504,5136800,0.0,0.0
2020-07-01,6.940693500386827,7.0100011196496315,6.772374187109592,6.861484050750732,4456500,0.0,0.0
2020-07-02,6.980298013571122,7.069407877524104,6.861484074762565,6.920890808105469,3458000,0.0,0.0
2020-07-06,7.039704959942975,7.09911169508359,6.930792376123799,7.049605846405029,3620600,0.0,0.0
2020-07-07,6.980298157103705,7.039704891668162,6.831781084631182,6.87138557434082,4244200,0.0,0.0
2020-07-08,6.821880015929153,7.000100699315922,6.712967900662548,6.802077770233154,3923300,0.0,0.0
2020-07-09,6.77237387968238,6.802077008840159,6.465438869689891,6.524845600128174,6933700,0.0,0.0
2020-07-10,6.505044077323944,6.8020777624228685,6.415933735732878,6.772374629974365,5368200,0.0,0.0
2020-07-13,6.881286118512117,7.010000939729049,6.703065923681335,6.8218793869018555,4870500,0.0,0.0
2020-07-14,6.811978955423164,6.9208910679122875,6.703066370811274,6.762473106384277,3524500,0.0,0.0
2020-07-15,6.6832636798112475,6.881286118512117,6.6832636798112475,6.8218793869018555,5369200,0.0,0.0
2020-07-16,6.792176312158827,7.019902354570242,6.7525718240979495,6.940693378448486,3131400,0.0,0.0
2020-07-17,6.990199340406534,7.03970519070792,6.752572392054546,6.802077770233154,2956900,0.0,0.0
2020-07-20,6.732769974659159,6.871385690996167,6.712967729468157,6.762473106384277,7056800,0.0,0.0
2020-07-21,6.802077516998496,7.059507173585408,6.802077516998496,6.960495948791504,3426200,0.0,0.0
2020-07-22,7.010000721871576,7.158517782342967,6.990198478616905,7.039704322814941,4262100,0.0,0.0
2020-07-23,6.703066086155128,7.049605598342692,6.49514228441804,6.831780910491943,11017000,0.0,0.0
2020-07-24,6.831780785402576,7.069407713252463,6.811978541415086,6.910989761352539,4845000,0.0,0.0
2020-07-27,6.87138523263844,6.940693322245112,6.762472655291595,6.8218793869018555,6422500,0.0,0.0
2020-07-28,6.84168174706451,6.920890723891224,6.613955702626334,6.712967395782471,6130100,0.0,0.0
2020-07-29,6.712967932572677,6.910990390473968,6.594153985709122,6.891188144683838,5271100,0.0,0.0
2020-07-30,6.772374629974365,6.82188000809613,6.663462042710037,6.772374629974365,1911400,0.0,0.0
2020-07-31,6.7822748470642935,6.7822748470642935,6.524845678730581,6.703065872192383,4187900,0.0,0.0
2020-08-03,6.722868131345243,6.782274862635567,6.613955554584949,6.73276948928833,2842600,0.0,0.0
2020-08-04,6.7327702903490065,6.782275669586362,6.643659946749862,6.752572536468506,3328800,0.0,0.0
2020-08-05,6.811978490482498,6.841681620180277,6.732769515124774,6.792176246643066,2647100,0.0,0.0
2020-08-06,6.752572392054546,6.920891244409148,6.732770146358547,6.802077770233154,5594600,0.0,0.0
2020-08-07,6.742670768894802,6.960495935136837,6.722868523974869,6.930792331695557,8550600,0.0,0.0
2020-08-10,7.000100185065135,7.138715894753955,6.920890735977353,7.118913650512695,4440600,0.0,0.0
2020-08-11,7.217925396378673,7.396145607504559,7.188222263919081,7.237727642059326,4710800,0.0,0.0
2020-08-12,7.326837348664756,7.366441836593533,7.148616680862523,7.257529258728027,3656100,0.0,0.0
2020-08-13,7.188221940592763,7.366442143702303,7.049605754940365,7.217925071716309,3949400,0.0,0.0
2020-08-14,7.1783206183220996,7.396145312109583,7.128814770036292,7.307035446166992,1642000,0.0,0.0
2020-08-17,7.188221481400228,7.287232699025012,7.168418765752544,7.247628211975098,2941200,0.0,0.0
2020-08-18,7.2773319232455185,7.2773319232455185,7.099111717266774,7.109012603759766,4614600,0.0,0.0
2020-08-19,7.079308699677796,7.22782575784891,7.010000613298552,7.148616313934326,4744500,0.0,0.0
2020-08-20,7.109012920778507,7.198123263803041,7.0397052958685675,7.099112033843994,4986400,0.0,0.0
2020-08-21,7.079309615504837,7.158518597543714,7.01990287897568,7.059507369995117,2407900,0.0,0.0
2020-08-24,7.07930925684113,7.376342924438106,7.059507012334665,7.356540679931641,2748000,0.0,0.0
2020-08-25,7.445651040202919,7.5149591322596825,7.346639817352365,7.415947437286377,2476100,0.0,0.0
2020-08-26,7.425848457691373,7.445650701360308,7.307034995677767,7.36644172668457,3139100,0.0,0.0
2020-08-27,7.3466401518943005,7.534761719938169,7.3466401518943005,7.465453624725342,3476200,0.0,0.0
2020-08-28,7.524859981760297,7.792190518213533,7.455552362164522,7.703080654144287,5656900,0.0,0.0
2020-08-31,7.683278993927455,7.742685731865312,7.455552929104275,7.564465045928955,8839800,0.0,0.0
2020-09-01,7.485255292443165,7.71298133385354,7.42584856061299,7.604068756103516,4348700,0.0,0.0
2020-09-02,7.623871015146787,7.663475503112012,7.455552177355952,7.633772373199463,2528300,0.0,0.0
2020-09-03,7.6934110102015705,7.812689064024308,7.4946150437752905,7.534374237060547,4797800,0.03,0.0
2020-09-04,7.663592263330117,7.852448678549662,7.603953470202945,7.613893032073975,3383300,0.0,0.0
2020-09-08,7.633772702034849,7.633772702034849,7.395217527268291,7.405157089233398,5101500,0.0,0.0
2020-09-09,7.425036110760564,7.524434566497804,7.345517725344344,7.524434566497803,4826500,0.0,0.0
2020-09-10,7.524435373595113,7.613893329800453,7.365398111736814,7.425036907196045,5826200,0.0,0.0
2020-09-11,7.4846759547892505,7.4846759547892505,7.325638697644545,7.405157089233398,4103300,0.0,0.0
2020-09-14,7.474735958147269,7.912087588151849,7.464796396129916,7.753050804138184,4904100,0.0,0.0
2020-09-15,7.743110037255227,7.931966437428154,7.723230441130021,7.772929668426514,6199300,0.0,0.0
2020-09-16,7.822629090074004,8.180461850898755,7.78286989442681,8.091004371643066,6813300,0.0,0.0
2020-09-17,7.9816658012347474,8.230161008789425,7.961786677556048,8.170522689819336,4377200,0.0,0.0
2020-09-18,8.160581651381781,8.339498482177818,8.061183201398679,8.081063270568848,7262200,0.0,0.0
2020-09-21,7.922026602917769,8.001545463398463,7.703351040005028,7.961786270141602,6224500,0.0,0.0
2020-09-22,7.941906449520274,8.021424838536864,7.693411246859935,7.812689304351807,4670800,0.0,0.0
2020-09-23,7.852448086601109,7.981665224985587,7.653651650529598,7.733170509338379,4690400,0.0,0.0
2020-09-24,7.743110070460126,7.842508051512401,7.623832493197396,7.733170509338379,3394100,0.0,0.0
2020-09-25,7.663592446499627,7.872328464417283,7.643712848315422,7.8027496337890625,2519000,0.0,0.0
2020-09-28,7.941906230923281,8.071123846502084,7.902147037509338,7.922026634216309,3279700,0.0,0.0
2020-09-29,7.9120869636535645,8.021424507049483,7.862387735588536,7.9120869636535645,2277000,0.0,0.0
2020-09-30,7.931966570807203,8.110882938942595,7.931966570807203,8.041304588317871,4670300,0.0,0.0
2020-10-01,8.031365104205275,8.120823531394961,7.9518467129108865,8.091004371643066,2766800,0.0,0.0
2020-10-02,7.961786607679404,8.399137752046268,7.9021473412987495,8.250041007995605,5334800,0.0,0.0
2020-10-05,8.329558422940474,8.438895959251195,8.250040042362885,8.41901683807373,3442700,0.0,0.0
2020-10-06,8.488596032876838,8.657572845483806,8.399137608798567,8.409077644348145,3865800,0.0,0.0
2020-10-07,8.468717062343291,8.597933735080819,8.299740246690856,8.508476257324219,3412600,0.0,0.0
2020-10-08,8.597933918660523,8.766910737920885,8.53829559888275,8.697332382202148,3320400,0.0,0.0
2020-10-09,8.766910850143235,8.856369278889026,8.657573297195055,8.70727252960205,4329600,0.0,0.0
2020-10-12,8.737090996264502,8.906067804273382,8.707271838361152,8.816609382629395,3146200,0.0,0.0
2020-10-13,8.737091726453325,8.896128512474363,8.737091726453325,8.796730995178223,3026100,0.0,0.0
2020-10-14,8.856368098484861,9.214201765774844,8.796729785892456,9.114803314208984,7174200,0.0,0.0
2020-10-15,9.114803450710465,9.422936948898176,9.055164189291027,9.383177757263184,6131500,0.0,0.0
2020-10-16,9.403058452243757,9.462697717628528,9.303659992580464,9.35335922241211,2786300,0.0,0.0
2020-10-19,9.353358712551872,9.591913865219158,9.34341867754059,9.393117904663086,3038200,0.0,0.0
2020-10-20,9.542215471737054,9.631672941965359,9.373238670304863,9.383177757263184,2712600,0.0,0.0
2020-10-21,9.40305762087568,9.44281681163891,9.164502476296303,9.194321632385254,3411400,0.0,0.0
2020-10-22,9.472636241701363,9.641613044315811,9.283780317097282,9.303659439086914,3524700,0.0,0.0
2020-10-23,9.412998243252964,9.701252631267089,9.412998243252964,9.502456665039062,3392800,0.0,0.0
2020-10-26,9.403058052062988,9.48257643723585,9.31359963176004,9.403058052062988,3062700,0.0,0.0
2020-10-27,9.343419625759767,9.452758126112284,9.075045288756515,9.134683609008789,2904100,0.0,0.0
2020-10-28,8.945826672016295,9.34341858937679,8.906067480280246,9.214201927185059,7546900,0.0,0.0
2020-10-29,9.194322625769628,9.353359406005396,9.075045040592803,9.283781051635742,3974600,0.0,0.0
2020-10-30,9.194322877195072,9.214202949235169,8.846429199965439,9.134683609008789,3825200,0.0,0.0
2020-11-02,9.214202774600592,9.492517142349069,9.214202774600592,9.462697982788086,4629800,0.0,0.0
2020-11-03,9.581975496054458,9.741012276414867,9.492517070118232,9.542216300964355,3749200,0.0,0.0
2020-11-04,9.641614036750578,10.198243728764112,9.472637216742935,10.07896614074707,7387000,0.0,0.0
2020-11-05,10.108784829229593,10.337399958614686,10.05908559955728,10.208183288574219,4811300,0.0,0.0
2020-11-06,10.317520589111476,10.337399711745286,9.909988621811989,9.9298677444458,2762300,0.0,0.0
2020-11-09,10.705173769576003,10.754872051686432,10.257881647110402,10.387099266052246,5188700,0.0,0.0
2020-11-10,10.476557811725034,10.695233857689368,10.436798616816427,10.655474662780762,4120300,0.0,0.0
2020-11-11,10.744932528350667,10.764811650802008,10.49643733613837,10.605774879455566,3940900,0.0,0.0
2020-11-12,10.49643729151257,10.73499244751801,10.287701293024329,10.516316413879395,2376600,0.0,0.0
2020-11-13,10.585895504443581,10.794631517530858,10.57595641653199,10.75487232208252,3192600,0.0,0.0
2020-11-16,10.933788139755814,11.033186592927155,10.77475137302879,10.834389686584473,3467200,0.0,0.0
2020-11-17,10.695234507880446,11.112706553767032,10.556076843273571,10.973548889160156,5395700,0.0,0.0
2020-11-18,11.033187529502214,11.072946724559012,10.725053056861544,10.744933128356934,3804800,0.0,0.0
2020-11-19,10.595835578233208,10.85427082353987,10.58589554235203,10.844330787658691,4217300,0.0,0.0
2020-11-20,10.80457088880601,10.894029310045838,10.6157149590261,10.695233345031738,3637900,0.0,0.0
2020-11-23,10.784692652933732,10.85427100942556,10.734993420610708,10.774752616882324,2742200,0.0,0.0
2020-11-24,10.9437294380202,10.983488634291817,10.715113348507893,10.774752616882324,4270200,0.0,0.0
2020-11-25,10.794630523541828,11.16240328455728,10.715112139967347,11.092824935913086,4089900,0.0,0.0
2020-11-27,11.053066210364223,11.142524632642509,10.913908559272006,10.963607788085938,1355800,0.0,0.0
2020-11-30,10.933788754031207,11.013307141862173,10.466617514573821,10.546135902404785,4409700,0.0,0.0
2020-12-01,10.71511285070751,11.102765707296792,10.685293691872632,11.072946548461914,3557800,0.0,0.0
2020-12-02,11.053066379450252,11.391020003034146,10.933788797232518,11.321441650390625,4098700,0.0,0.0
2020-12-03,11.35133986063102,11.490864057670397,11.261645190855816,11.41113567352295,2864500,0.03,0.0
2020-12-04,11.441032587029559,11.5207619146948,11.241711643959523,11.460965156555176,2285300,0.0,0.0
2020-12-07,11.411135714697691,11.530728291350385,11.321441044598842,11.361305236816406,3290300,0.0,0.0
2020-12-08,11.281576372077843,11.34137313307705,11.102187989954764,11.251678466796875,3073900,0.0,0.0
2020-12-09,11.331406864589699,11.5207624826694,11.2217805781059,11.470932006835938,2838500,0.0,0.0
2020-12-10,11.510796938739308,11.769914669411323,11.441033887904636,11.720084190368652,2357100,0.0,0.0
2020-12-11,11.610456152023156,12.138657863124683,11.490863580765433,12.009099006652832,5370000,0.0,0.0
2020-12-14,12.14862345688821,12.238318124852947,11.869574118004698,11.929370880126953,3291200,0.0,0.0
2020-12-15,12.09879369003448,12.258250451939832,11.889506452424387,12.228352546691895,2002000,0.0,0.0
2020-12-16,12.258250313381126,12.328012408316859,12.088827268162412,12.158589363098145,2307400,0.0,0.0
2020-12-17,12.228352427912325,12.377842903137205,12.138657762602492,12.377842903137207,2442100,0.0,0.0
2020-12-18,12.40774158827831,12.507402544986297,12.298115296249382,12.357911109924316,6667600,0.0,0.0
2020-12-21,12.328012214160717,12.477503637230823,12.108758697253576,12.407740592956543,3399300,0.0,0.0
2020-12-22,12.37784333224955,12.467538000668897,12.288148663830201,12.318046569824219,3132000,0.0,0.0
2020-12-23,12.31804608442103,12.377842844490019,12.17852189498882,12.208419799804688,4411600,0.0,0.0
2020-12-24,12.20841997623509,12.258250451939832,12.058929499558142,12.228352546691895,1009300,0.0,0.0
2020-12-28,12.2283532366108,12.347945814787181,12.058930179918264,12.088828086853027,2975800,0.0,0.0
2020-12-29,12.128692274642669,12.198454374274503,11.77987987560885,11.869574546813965,3504000,0.0,0.0
2020-12-30,11.87954100624659,12.138658737862878,11.87954100624659,12.108759880065918,3094900,0.0,0.0
2020-12-31,12.178522164877943,12.487469405842086,12.029030736611212,12.347945213317871,3274600,0.0,0.0
2021-01-04,12.328011912025044,12.487468665708718,12.048962593078615,12.048962593078613,4464600,0.0,0.0
2021-01-05,12.068895096251504,12.417707483316851,12.068895096251504,12.367877006530762,4632900,0.0,0.0
2021-01-06,12.537299739282755,12.856213261923568,12.537299739282755,12.766519546508789,6374600,0.0,0.0
2021-01-07,12.896077081302803,13.175127356024003,12.776484513752534,12.99573802947998,7947700,0.0,0.0
2021-01-08,13.005704703279887,13.095399369233936,12.786451180996353,12.985772132873535,3735700,0.0,0.0
2021-01-11,12.856213555677348,13.55383832805017,12.816349364436384,13.344551086425781,3796100,0.0,0.0
2021-01-12,13.414313924249324,13.723262136255414,13.334585537364656,13.593703269958496,3832400,0.0,0.0
2021-01-13,13.623600912894796,13.73322720512321,13.42427994955344,13.454177856445312,5445600,0.0,0.0
2021-01-14,13.504007530959218,13.922582004275833,13.464143340664172,13.743192672729492,5360200,0.0,0.0
2021-01-15,13.653498393277069,13.832887729899165,13.57377001043109,13.733226776123047,4126600,0.0,0.0
2021-01-19,13.79302363043453,14.062106686724361,13.733226867682733,13.852819442749023,6334800,0.0,0.0
2021-01-20,13.922582410178492,14.1019707965175,13.85281936230032,13.95248031616211,6525600,0.0,0.0
2021-01-21,14.002310813736804,14.032208719764501,13.464143753051758,13.464143753051758,3534900,0.0,0.0
2021-01-22,13.374448540857156,13.49404111054378,13.165161306296248,13.18509292602539,5130300,0.0,0.0
2021-01-25,13.165162169566212,13.185093790602316,12.876146536262802,13.06550121307373,5157800,0.0,0.0
2021-01-26,13.185093835961858,13.274788507026196,13.005705444270507,13.015671730041504,4235300,0.0,0.0
2021-01-27,12.796417539565857,12.866179635513523,11.989166491788435,12.178522109985352,6389500,0.0,0.0
2021-01-28,13.105364934588264,14.111936947325214,13.075467028889951,13.882718086242676,14838400,0.0,0.0
2021-01-29,14.27139375264148,14.610239852986982,13.713295075961948,13.832887649536133,8354800,0.0,0.0
2021-02-01,13.95248030416813,14.171733832213214,13.63356677278422,13.733226776123047,4845800,0.0,0.0
2021-02-02,14.251462230912129,14.919188150817918,14.211598039444796,14.879323959350586,10006100,0.0,0.0
2021-02-03,14.819527074709145,15.267999462627252,14.719867072081392,15.028814315795898,8193900,0.0,0.0
2021-02-04,15.068678945624631,15.407525055385754,15.008883132394619,15.188271522521973,4235400,0.0,0.0
2021-02-05,15.337762873649197,15.42745659300988,15.018848386541082,15.287932395935059,3459100,0.0,0.0
2021-02-08,15.407524828638456,15.487253212063347,14.988950340439125,14.998916625976562,12224200,0.0,0.0
2021-02-09,15.018848110532442,15.128475349576341,14.829493439223342,14.929153442382812,6490300,0.0,0.0
2021-02-10,15.07864440251032,15.18827068769794,14.799595071754487,15.038780212402344,8870200,0.0,0.0
2021-02-11,15.058712871238995,15.058712871238995,14.759731900019107,14.939120292663574,5963200,0.0,0.0
2021-02-12,14.849425183775855,15.048747092635102,14.73979889425311,14.7796630859375,5297600,0.0,0.0
2021-02-16,14.89925541763409,15.11850894353571,14.759731224236292,15.078644752502441,6112000,0.0,0.0
2021-02-17,14.959052258685725,15.208203691573479,14.939119687844805,14.978983879089355,4382500,0.0,0.0
2021-02-18,14.939120292663574,14.99891705716995,14.809561428264203,14.939120292663574,3813000,0.0,0.0
2021-02-19,14.978983666745478,15.108542524062942,14.939119476066049,15.008882522583008,7383000,0.0,0.0
2021-02-22,15.427456407712397,15.497219455849201,14.9789840145463,15.048747062683105,6491400,0.0,0.0
2021-02-23,14.97898364085668,15.287931830916248,14.809560593152606,15.277965545654297,5217200,0.0,0.0
2021-02-24,15.238102218441144,15.387592704091508,15.118509639833384,15.158373832702637,4135400,0.0,0.0
2021-02-25,15.188271340193388,15.22813553201395,14.869357805628898,14.94908618927002,6081400,0.0,0.0
2021-02-26,15.666642322072743,16.085215853745446,15.497219272150256,15.736404418945312,9221200,0.0,0.0
2021-03-01,15.816133069526652,16.115114983311262,15.756337257032111,15.875929832458496,8335800,0.0,0.0
2021-03-02,15.806166045344584,16.005486995074307,15.696539760602551,15.846030235290527,11779400,0.0,0.0
2021-03-03,15.925759880421985,16.005488266647983,15.716473579406738,15.716473579406738,5314700,0.0,0.0
2021-03-04,15.746428315105415,16.00603990972546,15.676532299785363,15.96609878540039,8495800,0.03,0.0
2021-03-05,15.976083837197153,16.14582980414728,15.846278041750072,16.095905303955078,7481600,0.0,0.0
2021-03-08,16.145829533063868,16.315575497164012,16.03599334908802,16.165800094604492,7545500,0.0,0.0
2021-03-09,16.275635427677912,16.335547116178134,16.075935512836935,16.315576553344727,8289000,0.0,0.0
2021-03-10,16.325560632637035,16.44538019181923,16.29560479059271,16.41542625427246,9952400,0.0,0.0
2021-03-11,16.685021479811773,17.354020060118565,16.405441234278992,17.264156341552734,7369100,0.0,0.0
2021-03-12,17.463855438241236,17.513781840135792,16.984573407038482,17.044483184814453,2512500,0.0,0.0
2021-03-15,17.104394726863106,17.164306415316304,16.505293078312675,16.80484390258789,4214500,0.0,0.0
2021-03-16,16.884723856162413,17.29411086190397,16.754919009865336,17.184274673461914,7264400,0.0,0.0
2021-03-17,17.194260342314017,17.294111251831055,16.78487332734209,17.294111251831055,9111100,0.0,0.0
2021-03-18,17.19425885247042,17.54373605324979,16.80484243404349,16.97458839416504,6088600,0.0,0.0
2021-03-19,16.874738231195334,17.2541712901753,16.675038325230055,17.134349822998047,12089900,0.0,0.0
2021-03-22,17.014530569204574,17.184274635332713,16.714977848072085,17.124364852905273,7832200,0.0,0.0
2021-03-23,16.994559524055102,17.08442514739187,16.245680599247127,16.405441284179688,4179300,0.0,0.0
2021-03-24,16.535247067929852,16.764904732031287,16.235696242750866,16.375486373901367,5343900,0.0,0.0
2021-03-25,16.30558953618205,17.074438982944162,16.23569447820322,16.984573364257812,7585000,0.0,0.0
2021-03-26,17.134349984406366,17.993065111189367,16.994559858464065,17.863258361816406,11525600,0.0,0.0
2021-03-29,17.80334834112881,18.182779494096433,17.493812250194885,17.50379753112793,8210900,0.0,0.0
2021-03-30,17.613630952745623,18.24269028934226,17.613630952745623,18.082929611206055,4865000,0.0,0.0
2021-03-31,18.03300374474233,18.252676112079264,17.92316946557143,17.943138122558594,5970600,0.0,0.0
2021-04-01,17.993064732116792,18.382481163036307,17.973094170403588,18.242691040039062,5087700,0.0,0.0
2021-04-05,18.452376851496904,18.801854075361895,18.432406289105153,18.71198844909668,4798600,0.0,0.0
2021-04-06,18.781883436439017,18.94164412592672,18.56221296451784,18.5921688079834,4665500,0.0,0.0
2021-04-07,18.70200289583879,18.88173414575463,18.662063676133947,18.781883239746094,4327700,0.0,0.0
2021-04-08,18.87174933289801,19.121375651863584,18.5522279493417,19.01154136657715,4761300,0.0,0.0
2021-04-09,19.111388807603518,19.271149486316176,18.891718350497996,19.061464309692383,4673800,0.0,0.0
2021-04-12,19.16131654013296,19.380987012487346,19.031509789357187,19.141345977783203,4691100,0.0,0.0
2021-04-13,19.121375219695423,19.18128500163377,18.711988218204375,18.841794967651367,4254300,0.0,0.0
2021-04-14,18.801853263713234,19.181284410288704,18.761914045151507,18.921674728393555,5762300,0.0,0.0
2021-04-15,19.181285040823273,19.181285040823273,18.702002975341987,18.901704788208008,6211000,0.0,0.0
2021-04-16,19.081434998924347,19.39097107794868,18.991569378482197,19.241195678710938,5028300,0.0,0.0
2021-04-19,19.25118108627411,19.56071716734068,19.161315465239046,19.420927047729492,5283100,0.0,0.0
2021-04-20,19.311092351497155,19.470853044631756,18.492318323057912,18.76191520690918,5542800,0.0,0.0
2021-04-21,18.612137725581196,19.560718499089997,18.54224266101695,19.500808715820312,7007100,0.0,0.0
2021-04-22,19.530762422518354,19.890224926849214,18.472347376374607,18.65207862854004,5696400,0.0,0.0
2021-04-23,18.8318099932592,19.450882193865027,18.692017960462998,19.321077346801758,6858700,0.0,0.0
2021-04-26,19.42092710545266,19.580687786768156,18.961613718297446,19.05147933959961,4163900,0.0,0.0
2021-04-27,19.071450211928628,19.17130111550369,18.771897501203448,19.041494369506836,3091200,0.0,0.0
2021-04-28,19.111389862600802,19.271150550132656,18.971599737134838,19.211240768432617,8202300,0.0,0.0
2021-04-29,19.450881296237032,19.69052232133161,19.261166675014803,19.41094207763672,3871600,0.0,0.0
2021-04-30,19.420928135861175,19.76042007779328,19.371001729990187,19.630613327026367,3755900,0.0,0.0
2021-05-03,19.900209534633955,19.920180096309373,19.490822542775753,19.590673446655273,5581400,0.0,0.0
2021-05-04,19.530761999539333,19.960119558303095,19.430911094443502,19.95013427734375,3186300,0.0,0.0
2021-05-05,19.980090857907964,20.18977605230317,19.720479256872704,20.109895706176758,2494800,0.0,0.0
2021-05-06,20.289626453224713,20.319582296458936,19.770403264150644,20.30959701538086,2418200,0.0,0.0
2021-05-07,20.239701534186715,20.659073808313586,20.059970287489826,20.629117965698242,2513300,0.0,0.0
2021-05-10,20.74893882083685,20.788878038650623,20.189774535463787,20.219730377197266,3287200,0.0,0.0
2021-05-11,19.820329939489124,20.13985132034878,19.590674185058457,19.75043487548828,2949500,0.0,0.0
2021-05-12,19.880239604649372,20.049985575288922,19.0414950326066,19.081436157226562,4202000,0.0,0.0
2021-05-13,18.971600306301756,19.820330174588474,18.781883769979387,19.620628356933594,4583300,0.0,0.0
2021-05-14,19.83031397084964,19.900209030445176,19.590672950308857,19.790372848510742,3921500,0.0,0.0
2021-05-17,19.72047845061062,19.900209698171246,19.650583388669844,19.83031463623047,6216300,0.0,0.0
2021-05-18,19.970104321021196,20.14983556463,19.650582956604467,19.660568237304688,4484500,0.0,0.0
2021-05-19,19.311090766766405,19.730463027954105,19.031508624475432,19.7304630279541,3446800,0.0,0.0
2021-05-20,19.780389011782997,19.820330137037374,19.500808752993066,19.560718536376953,2927200,0.0,0.0
2021-05-21,19.670553162611053,19.920179462113744,19.560716981390662,19.610641479492188,2727800,0.0,0.0
2021-05-24,19.720479302895495,19.830315493262272,19.6006578311774,19.680538177490234,3324100,0.0,0.0
2021-05-25,19.680537516685696,20.159821482967683,19.590673796536546,19.64059829711914,3856100,0.0,0.0
2021-05-26,19.680537058634886,19.930163364733236,19.61064199764696,19.900209426879883,2515900,0.0,0.0
2021-05-27,20.089926116627254,20.2496868014734,19.870253746590617,20.139850616455078,2450900,0.0,0.0
2021-05-28,20.119879475916537,20.249686218930748,19.680536652979857,20.219730377197266,2494800,0.0,0.0
2021-06-01,20.449387416700194,20.52926776190224,20.04998569068997,20.239702224731445,2803900,0.0,0.0
2021-06-02,20.29961058805641,20.309595868570653,19.930162827019583,20.03999900817871,2126700,0.0,0.0
2021-06-03,19.959999084472656,20.18000030517578,19.739999771118164,20.110000610351562,1499400,0.03,0.0
2021-06-04,20.100000381469727,20.239999771118164,19.81999969482422,19.920000076293945,2574400,0.0,0.0
2021-06-07,20.0,20.229999542236328,19.899999618530273,20.1299991607666,1884700,0.0,0.0
2021-06-08,19.8700008392334,20.43000030517578,19.81999969482422,20.329999923706055,3591800,0.0,0.0
2021-06-09,20.270000457763672,20.540000915527344,20.09000015258789,20.3700008392334,2195400,0.0,0.0
2021-06-10,20.6299991607666,20.790000915527344,20.15999984741211,20.170000076293945,1975900,0.0,0.0
2021-06-11,20.209999084472656,20.559999465942383,20.170000076293945,20.540000915527344,3229700,0.0,0.0
2021-06-14,20.540000915527344,20.549999237060547,19.84000015258789,19.8799991607666,2441100,0.0,0.0
2021-06-15,19.959999084472656,20.56999969482422,19.959999084472656,20.40999984741211,2649700,0.0,0.0
2021-06-16,20.280000686645508,20.559999465942383,20.1200008392334,20.469999313354492,3039200,0.0,0.0
2021-06-17,20.549999237060547,20.670000076293945,19.639999389648438,19.90999984741211,2479200,0.0,0.0
2021-06-18,19.549999237060547,19.790000915527344,19.149999618530273,19.239999771118164,6555000,0.0,0.0
2021-06-21,19.459999084472656,20.139999389648438,19.459999084472656,20.09000015258789,2420200,0.0,0.0
2021-06-22,20.020000457763672,20.06999969482422,19.479999542236328,19.5,4889700,0.0,0.0
2021-06-23,19.649999618530273,19.809999465942383,19.549999237060547,19.639999389648438,2324500,0.0,0.0
2021-06-24,19.75,19.829999923706055,19.559999465942383,19.75,2523400,0.0,0.0
2021-06-25,19.81999969482422,20.760000228881836,19.81999969482422,20.530000686645508,8114800,0.0,0.0
2021-06-28,20.18000030517578,20.559999465942383,20.0,20.3799991607666,2295800,0.0,0.0
2021-06-29,20.56999969482422,20.75,20.190000534057617,20.5,2488600,0.0,0.0
2021-06-30,20.489999771118164,21.110000610351562,20.399999618530273,20.940000534057617,4866300,0.0,0.0
2021-07-01,21.040000915527344,21.399999618530273,20.959999084472656,20.989999771118164,3879500,0.0,0.0
2021-07-02,21.06999969482422,21.170000076293945,20.610000610351562,20.90999984741211,2551700,0.0,0.0
2021-07-06,20.84000015258789,20.8799991607666,20.25,20.290000915527344,3811100,0.0,0.0
2021-07-07,20.15999984741211,20.389999389648438,19.899999618530273,19.950000762939453,6484400,0.0,0.0
2021-07-08,19.43000030517578,19.540000915527344,18.709999084472656,19.1200008392334,4667400,0.0,0.0
2021-07-09,19.5,20.06999969482422,19.489999771118164,20.020000457763672,3000100,0.0,0.0
2021-07-12,19.81999969482422,20.43000030517578,19.610000610351562,20.399999618530273,2458700,0.0,0.0
2021-07-13,20.3700008392334,20.459999084472656,20.030000686645508,20.110000610351562,2282100,0.0,0.0
2021-07-14,20.56999969482422,20.56999969482422,19.93000030517578,20.030000686645508,2082800,0.0,0.0
2021-07-15,19.8700008392334,20.389999389648438,19.780000686645508,20.25,1631100,0.0,0.0
2021-07-16,20.389999389648438,20.389999389648438,19.93000030517578,19.950000762939453,2212800,0.0,0.0
2021-07-19,19.43000030517578,19.770000457763672,19.239999771118164,19.5,3432700,0.0,0.0
2021-07-20,19.549999237060547,20.260000228881836,19.43000030517578,20.030000686645508,2716600,0.0,0.0
2021-07-21,20.190000534057617,20.530000686645508,20.110000610351562,20.40999984741211,2325900,0.0,0.0
2021-07-22,20.5,20.5,19.110000610351562,19.18000030517578,3215800,0.0,0.0
2021-07-23,19.170000076293945,19.639999389648438,18.889999389648438,19.0,2980600,0.0,0.0
2021-07-26,18.889999389648438,19.270000457763672,18.600000381469727,18.770000457763672,2404300,0.0,0.0
2021-07-27,18.440000534057617,18.81999969482422,18.149999618530273,18.780000686645508,2658900,0.0,0.0
2021-07-28,18.8700008392334,19.06999969482422,18.600000381469727,18.8799991607666,1720700,0.0,0.0
2021-07-29,19.020000457763672,19.260000228881836,18.93000030517578,18.989999771118164,2099800,0.0,0.0
2021-07-30,18.84000015258789,19.149999618530273,18.739999771118164,18.829999923706055,1379100,0.0,0.0
2021-08-02,18.959999084472656,19.229999542236328,18.81999969482422,18.93000030517578,2161600,0.0,0.0
2021-08-03,18.950000762939453,18.979999542236328,18.510000228881836,18.93000030517578,2223200,0.0,0.0
2021-08-04,18.739999771118164,19.110000610351562,18.6200008392334,18.729999542236328,184600000,0.0,0.0
2021-08-05,18.6200008392334,19.020000457763672,18.6200008392334,18.93000030517578,118750000,0.0,0.0
2021-08-06,19.010000228881836,19.200000762939453,18.93000030517578,19.100000381469727,369250000,0.0,0.0
2021-08-09,19.059999465942383,19.110000610351562,18.780000686645508,18.799999237060547,214460000,0.0,0.0
2021-08-10,18.68000030517578,18.989999771118164,18.68000030517578,18.889999389648438,179400000,0.0,0.0
2021-08-11,19.0,19.010000228881836,18.75,18.899999618530273,299130000,0.0,0.0
2021-08-12,18.989999771118164,19.059999465942383,18.6299991607666,18.809999465942383,236630000,0.0,0.0
2021-08-13,18.790000915527344,18.940000534057617,18.65999984741211,18.770000457763672,195730000,0.0,0.0
2021-08-16,18.579999923706055,18.969999313354492,18.510000228881836,18.850000381469727,328800000,0.0,0.0
2021-08-17,18.68000030517578,18.989999771118164,18.540000915527344,18.700000762939453,182330000,0.0,0.0
2021-08-18,18.6299991607666,18.860000610351562,18.489999771118164,18.510000228881836,144520000,0.0,0.0
